fit_id,n,features,alpha,iterations,solver_info,relative_gradient,converged,elapsed_seconds,loss,intercept,slope,projected_gradient
fold0/prop,377979,1602,100,138,0,9.96829261809782e-10,TRUE,19.19,,,,
fold0/calibrator,94138,,,15,,,TRUE,,0.636805257605908,-2.47167138496161,4.9134501710588,3.93111717765689e-15
fold0/m0,207341,1628,1000,62,0,6.1068499150408e-10,TRUE,6.34,,,,
fold0/m1,264776,1577,1000,68,0,4.1821502263395e-10,TRUE,4.16,,,,
fold1/prop,375149,1622,100,140,0,9.97141357447957e-10,TRUE,5.66,,,,
fold1/calibrator,95198,,,13,,,TRUE,,0.63653184410617,-2.55367626997581,5.01872373114218,2.51498277865419e-10
fold1/m0,205810,1644,1000,67,0,3.82577050719293e-10,TRUE,3.56,,,,
fold1/m1,264537,1592,1000,68,0,6.0208930492311e-10,TRUE,4.36,,,,
fold2/prop,376024,1619,100,136,0,6.63287513452364e-10,TRUE,5.78,,,,
fold2/calibrator,94766,,,14,,,TRUE,,0.635492709570738,-2.50163375658362,4.93432584805955,1.72239011004291e-10
fold2/m0,206443,1634,1000,66,0,1.40718083778975e-09,TRUE,4.15000000000001,,,,
fold2/m1,264347,1580,1000,68,0,6.09118667833999e-10,TRUE,5,,,,
