year,eligible_PA,window,equal_year_weight,start_PA_weight
2015,182645,"added_2015_2023",0.111111111111111,0.119160238209566
2016,183610,"added_2015_2023",0.111111111111111,0.119789818159043
2017,184280,"added_2015_2023",0.111111111111111,0.120226935844172
2018,184170,"added_2015_2023",0.111111111111111,0.120155170254076
2019,185704,"added_2015_2023",0.111111111111111,0.121155974028685
2020,66269,"added_2015_2023",0.111111111111111,0.043234853546003
2021,181054,"added_2015_2023",0.111111111111111,0.118122246810998
2022,181502,"added_2015_2023",0.111111111111111,0.118414528487025
2023,183534,"added_2015_2023",0.111111111111111,0.119740234660431
2015,182645,"added_no2020",0.125,0.124544919566941
2016,183610,"added_no2020",0.125,0.125202949337163
2017,184280,"added_no2020",0.125,0.125659819747576
2018,184170,"added_no2020",0.125,0.125584811172732
2019,185704,"added_no2020",0.125,0.126630839843737
2021,181054,"added_no2020",0.125,0.123460022816245
2022,181502,"added_no2020",0.125,0.1237655122847
2023,183534,"added_no2020",0.125,0.125151125230907
2017,184280,"added_2017_2023",0.142857142857143,0.157975093290859
2018,184170,"added_2017_2023",0.142857142857143,0.157880795156162
2019,185704,"added_2017_2023",0.142857142857143,0.159195825507303
2020,66269,"added_2017_2023",0.142857142857143,0.0568094826204252
2021,181054,"added_2017_2023",0.142857142857143,0.155209586176922
2022,181502,"added_2017_2023",0.142857142857143,0.155593636761871
2023,183534,"added_2017_2023",0.142857142857143,0.157335580486458
2017,184280,"added_2017_2023_no2020",0.166666666666667,0.167490120373299
2018,184170,"added_2017_2023_no2020",0.166666666666667,0.167390142550198
2019,185704,"added_2017_2023_no2020",0.166666666666667,0.168784378737807
2021,181054,"added_2017_2023_no2020",0.166666666666667,0.164558043488535
2022,181502,"added_2017_2023_no2020",0.166666666666667,0.164965225895347
2023,183534,"added_2017_2023_no2020",0.166666666666667,0.166812088954814
2015,182645,"all_2015_2025",0.0909090909090909,0.0962864517326237
2016,183610,"all_2015_2025",0.0909090909090909,0.0967951786395852
2017,184280,"all_2015_2025",0.0909090909090909,0.0971483879946776
2018,184170,"all_2015_2025",0.0909090909090909,0.0970903983990654
2019,185704,"all_2015_2025",0.0909090909090909,0.0978990896687845
2020,66269,"all_2015_2025",0.0909090909090909,0.0349355682874934
2021,181054,"all_2015_2025",0.0909090909090909,0.0954477113088146
2022,181502,"all_2015_2025",0.0909090909090909,0.0956838871163988
2023,183534,"all_2015_2025",0.0909090909090909,0.0967551131007986
2024,181840,"all_2015_2025",0.0909090909090909,0.0958620733283708
2025,182284,"all_2015_2025",0.0909090909090909,0.0960961404233873
2015,182645,"all_no2020",0.1,0.0997720448175293
2016,183610,"all_no2020",0.1,0.100299187762855
2017,184280,"all_no2020",0.1,0.100665183382925
2018,184170,"all_no2020",0.1,0.100605094549779
2019,185704,"all_no2020",0.1,0.101443060641104
2021,181054,"all_no2020",0.1,0.0989029417853922
2022,181502,"all_no2020",0.1,0.0991476672149317
2023,183534,"all_no2020",0.1,0.100257671841772
2024,181840,"all_no2020",0.1,0.0993323038113254
2025,182284,"all_no2020",0.1,0.099574844192387
2017,184280,"all_2017_2025",0.111111111111111,0.120394319489206
2018,184170,"all_2017_2025",0.111111111111111,0.120322453984844
2019,185704,"all_2017_2025",0.111111111111111,0.121324651109309
2020,66269,"all_2017_2025",0.111111111111111,0.0432950464414489
2021,181054,"all_2017_2025",0.111111111111111,0.118286700243101
2022,181502,"all_2017_2025",0.111111111111111,0.118579388842684
2023,183534,"all_2017_2025",0.111111111111111,0.119906940705079
2024,181840,"all_2017_2025",0.111111111111111,0.118800211937906
2025,182284,"all_2017_2025",0.111111111111111,0.119090287246421
2017,184280,"all_2017_2025_no2020",0.125,0.125842684352567
2018,184170,"all_2017_2025_no2020",0.125,0.125767566622598
2019,185704,"all_2017_2025_no2020",0.125,0.126815117511445
2021,181054,"all_2017_2025_no2020",0.125,0.123639686199098
2022,181502,"all_2017_2025_no2020",0.125,0.12394562022661
2023,183534,"all_2017_2025_no2020",0.125,0.125333249565683
2024,181840,"all_2017_2025_no2020",0.125,0.124176436524152
2025,182284,"all_2017_2025_no2020",0.125,0.124479638997848
2024,181840,"baseline_2024_2025",0.5,0.49939031758412
2025,182284,"baseline_2024_2025",0.5,0.50060968241588
