year,count,N,value,index,SE,CI95_low,CI95_high,simultaneous95_low,simultaneous95_high,eligible_PA,games,first_date,last_date,scope,cutoff,season_note,run_id,source_csv,source_manifest,balls,strikes,window,annual_rank
2015,"0-0",182645,0.311166191245464,100,0,100,100,100,100,182645,2429,2015-04-05,2015-10-04,"full_regular_season",2015-12-31,"정규시즌 전체 일정 대조","bcai_history__mlb_2015__20260928__r01","columns/001-ball-count/analysis/runs/bcai_history__mlb_2015__20260928__r01/artifacts/season_indices.csv","columns/001-ball-count/analysis/runs/bcai_history__mlb_2015__20260928__r01/manifest.json",0,0,"추가2015–2023",7
2015,"0-1",90878,0.265209434626703,85.2308001602566,0.382890925359414,84.4707177487392,86.0034666280676,84.1659441299552,86.295656190558,182645,2429,2015-04-05,2015-10-04,"full_regular_season",2015-12-31,"정규시즌 전체 일정 대조","bcai_history__mlb_2015__20260928__r01","columns/001-ball-count/analysis/runs/bcai_history__mlb_2015__20260928__r01/artifacts/season_indices.csv","columns/001-ball-count/analysis/runs/bcai_history__mlb_2015__20260928__r01/manifest.json",0,1,"추가2015–2023",10
2015,"0-2",37092,0.201565674538995,64.7774983947371,0.661972517907757,63.4808586912625,66.0836409377562,62.9364899484643,66.6185068410099,182645,2429,2015-04-05,2015-10-04,"full_regular_season",2015-12-31,"정규시즌 전체 일정 대조","bcai_history__mlb_2015__20260928__r01","columns/001-ball-count/analysis/runs/bcai_history__mlb_2015__20260928__r01/artifacts/season_indices.csv","columns/001-ball-count/analysis/runs/bcai_history__mlb_2015__20260928__r01/manifest.json",0,2,"추가2015–2023",12
2015,"1-0",70770,0.351973406810908,113.114283207347,0.486799548579194,112.110141324993,113.992846724374,111.760447426658,114.468118988035,182645,2429,2015-04-05,2015-10-04,"full_regular_season",2015-12-31,"정규시즌 전체 일정 대조","bcai_history__mlb_2015__20260928__r01","columns/001-ball-count/analysis/runs/bcai_history__mlb_2015__20260928__r01/artifacts/season_indices.csv","columns/001-ball-count/analysis/runs/bcai_history__mlb_2015__20260928__r01/manifest.json",1,0,"추가2015–2023",5
2015,"1-1",71611,0.294078060633184,94.5083588471218,0.469680423483531,93.5341599310123,95.4103170828736,93.202132979294,95.8145847149495,182645,2429,2015-04-05,2015-10-04,"full_regular_season",2015-12-31,"정규시즌 전체 일정 대조","bcai_history__mlb_2015__20260928__r01","columns/001-ball-count/analysis/runs/bcai_history__mlb_2015__20260928__r01/artifacts/season_indices.csv","columns/001-ball-count/analysis/runs/bcai_history__mlb_2015__20260928__r01/manifest.json",1,1,"추가2015–2023",8
2015,"1-2",51975,0.221709379509365,71.2511145963377,0.544482261951029,70.2045389171467,72.3235129848536,69.7368577110734,72.765371481602,182645,2429,2015-04-05,2015-10-04,"full_regular_season",2015-12-31,"정규시즌 전체 일정 대조","bcai_history__mlb_2015__20260928__r01","columns/001-ball-count/analysis/runs/bcai_history__mlb_2015__20260928__r01/artifacts/season_indices.csv","columns/001-ball-count/analysis/runs/bcai_history__mlb_2015__20260928__r01/manifest.json",1,2,"추가2015–2023",11
2015,"2-0",23689,0.42280298872892,135.876904568785,0.993003319646857,133.898885485191,137.73160615198,133.115268021659,138.63854111591,182645,2429,2015-04-05,2015-10-04,"full_regular_season",2015-12-31,"정규시즌 전체 일정 대조","bcai_history__mlb_2015__20260928__r01","columns/001-ball-count/analysis/runs/bcai_history__mlb_2015__20260928__r01/artifacts/season_indices.csv","columns/001-ball-count/analysis/runs/bcai_history__mlb_2015__20260928__r01/manifest.json",2,0,"추가2015–2023",3
2015,"2-1",36280,0.35031273428883,112.580590097748,0.755228782236752,111.143591690647,114.050469148986,110.480227122921,114.680953072574,182645,2429,2015-04-05,2015-10-04,"full_regular_season",2015-12-31,"정규시즌 전체 일정 대조","bcai_history__mlb_2015__20260928__r01","columns/001-ball-count/analysis/runs/bcai_history__mlb_2015__20260928__r01/artifacts/season_indices.csv","columns/001-ball-count/analysis/runs/bcai_history__mlb_2015__20260928__r01/manifest.json",2,1,"추가2015–2023",6
2015,"2-2",41307,0.265762316314409,85.4084806741623,0.652116615743685,84.1540978853221,86.6628528869612,83.5948824279187,87.2220789204059,182645,2429,2015-04-05,2015-10-04,"full_regular_season",2015-12-31,"정규시즌 전체 일정 대조","bcai_history__mlb_2015__20260928__r01","columns/001-ball-count/analysis/runs/bcai_history__mlb_2015__20260928__r01/artifacts/season_indices.csv","columns/001-ball-count/analysis/runs/bcai_history__mlb_2015__20260928__r01/manifest.json",2,2,"추가2015–2023",9
2015,"3-0",7143,0.536067198655982,172.276813400047,1.62404513418787,169.153492946213,175.499236568719,167.760189630502,176.793437169593,182645,2429,2015-04-05,2015-10-04,"full_regular_season",2015-12-31,"정규시즌 전체 일정 대조","bcai_history__mlb_2015__20260928__r01","columns/001-ball-count/analysis/runs/bcai_history__mlb_2015__20260928__r01/artifacts/season_indices.csv","columns/001-ball-count/analysis/runs/bcai_history__mlb_2015__20260928__r01/manifest.json",3,0,"추가2015–2023",1
2015,"3-1",14812,0.469439711045072,150.864626123458,1.22283379836191,148.497069204299,153.241463684586,147.463809185789,154.265443061127,182645,2429,2015-04-05,2015-10-04,"full_regular_season",2015-12-31,"정규시즌 전체 일정 대조","bcai_history__mlb_2015__20260928__r01","columns/001-ball-count/analysis/runs/bcai_history__mlb_2015__20260928__r01/artifacts/season_indices.csv","columns/001-ball-count/analysis/runs/bcai_history__mlb_2015__20260928__r01/manifest.json",3,1,"추가2015–2023",2
2015,"3-2",23026,0.371315208894276,119.330190535181,0.924685866270819,117.559688998697,121.120715367593,116.758551314667,121.901829755694,182645,2429,2015-04-05,2015-10-04,"full_regular_season",2015-12-31,"정규시즌 전체 일정 대조","bcai_history__mlb_2015__20260928__r01","columns/001-ball-count/analysis/runs/bcai_history__mlb_2015__20260928__r01/artifacts/season_indices.csv","columns/001-ball-count/analysis/runs/bcai_history__mlb_2015__20260928__r01/manifest.json",3,2,"추가2015–2023",4
2016,"0-0",183610,0.316305016066382,100,0,100,100,100,100,183610,2428,2016-04-03,2016-10-02,"full_regular_season",2016-12-31,"정규시즌 전체 일정 대조","bcai_history__mlb_2016__20260928__r01","columns/001-ball-count/analysis/runs/bcai_history__mlb_2016__20260928__r01/artifacts/season_indices.csv","columns/001-ball-count/analysis/runs/bcai_history__mlb_2016__20260928__r01/manifest.json",0,0,"추가2015–2023",7
2016,"0-1",91091,0.267339232196393,84.5194412409469,0.390492111628683,83.7356740843027,85.2985155926088,83.4339726446104,85.6049098372834,183610,2428,2016-04-03,2016-10-02,"full_regular_season",2016-12-31,"정규시즌 전체 일정 대조","bcai_history__mlb_2016__20260928__r01","columns/001-ball-count/analysis/runs/bcai_history__mlb_2016__20260928__r01/artifacts/season_indices.csv","columns/001-ball-count/analysis/runs/bcai_history__mlb_2016__20260928__r01/manifest.json",0,1,"추가2015–2023",10
2016,"0-2",37306,0.198697099662242,62.8181943281425,0.662815783441643,61.5248696019135,64.1337234193615,60.9757352959196,64.6606533603655,183610,2428,2016-04-03,2016-10-02,"full_regular_season",2016-12-31,"정규시즌 전체 일정 대조","bcai_history__mlb_2016__20260928__r01","columns/001-ball-count/analysis/runs/bcai_history__mlb_2016__20260928__r01/artifacts/season_indices.csv","columns/001-ball-count/analysis/runs/bcai_history__mlb_2016__20260928__r01/manifest.json",0,2,"추가2015–2023",12
2016,"1-0",72298,0.359391158814894,113.621707073868,0.469764134592525,112.68166967932,114.54049430968,112.315882447453,114.927531700282,183610,2428,2016-04-03,2016-10-02,"full_regular_season",2016-12-31,"정규시즌 전체 일정 대조","bcai_history__mlb_2016__20260928__r01","columns/001-ball-count/analysis/runs/bcai_history__mlb_2016__20260928__r01/artifacts/season_indices.csv","columns/001-ball-count/analysis/runs/bcai_history__mlb_2016__20260928__r01/manifest.json",1,0,"추가2015–2023",5
2016,"1-1",72740,0.298485551278547,94.3663666768737,0.469100609091811,93.4437593712209,95.2683208000671,93.0623864823246,95.6703468714229,183610,2428,2016-04-03,2016-10-02,"full_regular_season",2016-12-31,"정규시즌 전체 일정 대조","bcai_history__mlb_2016__20260928__r01","columns/001-ball-count/analysis/runs/bcai_history__mlb_2016__20260928__r01/artifacts/season_indices.csv","columns/001-ball-count/analysis/runs/bcai_history__mlb_2016__20260928__r01/manifest.json",1,1,"추가2015–2023",8
2016,"1-2",52650,0.224258081671435,70.8993124612258,0.539189820960397,69.8497989897032,72.0007443800206,69.4005021122133,72.3981228102383,183610,2428,2016-04-03,2016-10-02,"full_regular_season",2016-12-31,"정규시즌 전체 일정 대조","bcai_history__mlb_2016__20260928__r01","columns/001-ball-count/analysis/runs/bcai_history__mlb_2016__20260928__r01/artifacts/season_indices.csv","columns/001-ball-count/analysis/runs/bcai_history__mlb_2016__20260928__r01/manifest.json",1,2,"추가2015–2023",11
2016,"2-0",24640,0.42633863636366,134.787187906684,0.967611405193556,132.942884929522,136.670812249723,132.097474689651,137.476901123716,183610,2428,2016-04-03,2016-10-02,"full_regular_season",2016-12-31,"정규시즌 전체 일정 대조","bcai_history__mlb_2016__20260928__r01","columns/001-ball-count/analysis/runs/bcai_history__mlb_2016__20260928__r01/artifacts/season_indices.csv","columns/001-ball-count/analysis/runs/bcai_history__mlb_2016__20260928__r01/manifest.json",2,0,"추가2015–2023",3
2016,"2-1",37771,0.354467448571711,112.065073447119,0.738374469541257,110.65043519079,113.549684912954,110.012580515364,114.117566378873,183610,2428,2016-04-03,2016-10-02,"full_regular_season",2016-12-31,"정규시즌 전체 일정 대조","bcai_history__mlb_2016__20260928__r01","columns/001-ball-count/analysis/runs/bcai_history__mlb_2016__20260928__r01/artifacts/season_indices.csv","columns/001-ball-count/analysis/runs/bcai_history__mlb_2016__20260928__r01/manifest.json",2,1,"추가2015–2023",6
2016,"2-2",43115,0.270057079902612,85.3786902468648,0.617474814683332,84.1872799194855,86.6172906853603,83.662267557628,87.0951129361016,183610,2428,2016-04-03,2016-10-02,"full_regular_season",2016-12-31,"정규시즌 전체 일정 대조","bcai_history__mlb_2016__20260928__r01","columns/001-ball-count/analysis/runs/bcai_history__mlb_2016__20260928__r01/artifacts/season_indices.csv","columns/001-ball-count/analysis/runs/bcai_history__mlb_2016__20260928__r01/manifest.json",2,2,"추가2015–2023",9
2016,"3-0",7576,0.553400739176298,174.957939668006,1.53486329911941,171.922173005931,177.755506542982,170.691410687652,179.224468648361,183610,2428,2016-04-03,2016-10-02,"full_regular_season",2016-12-31,"정규시즌 전체 일정 대조","bcai_history__mlb_2016__20260928__r01","columns/001-ball-count/analysis/runs/bcai_history__mlb_2016__20260928__r01/artifacts/season_indices.csv","columns/001-ball-count/analysis/runs/bcai_history__mlb_2016__20260928__r01/manifest.json",3,0,"추가2015–2023",1
2016,"3-1",15662,0.474610203039145,150.048269528403,1.15358297748298,147.686081390324,152.238514011992,146.841602714819,153.254936341988,183610,2428,2016-04-03,2016-10-02,"full_regular_season",2016-12-31,"정규시즌 전체 일정 대조","bcai_history__mlb_2016__20260928__r01","columns/001-ball-count/analysis/runs/bcai_history__mlb_2016__20260928__r01/artifacts/season_indices.csv","columns/001-ball-count/analysis/runs/bcai_history__mlb_2016__20260928__r01/manifest.json",3,1,"추가2015–2023",2
2016,"3-2",24489,0.380047776552728,120.152307819541,0.906410466792357,118.397763403057,121.967051464533,117.632717620932,122.67189801815,183610,2428,2016-04-03,2016-10-02,"full_regular_season",2016-12-31,"정규시즌 전체 일정 대조","bcai_history__mlb_2016__20260928__r01","columns/001-ball-count/analysis/runs/bcai_history__mlb_2016__20260928__r01/artifacts/season_indices.csv","columns/001-ball-count/analysis/runs/bcai_history__mlb_2016__20260928__r01/manifest.json",3,2,"추가2015–2023",4
2017,"0-0",184280,0.319328554373901,100,0,100,100,100,100,184280,2430,2017-04-02,2017-10-01,"full_regular_season",2017-12-31,"정규시즌 전체 일정 대조","bcai_history__mlb_2017__20260928__r01","columns/001-ball-count/analysis/runs/bcai_history__mlb_2017__20260928__r01/artifacts/season_indices.csv","columns/001-ball-count/analysis/runs/bcai_history__mlb_2017__20260928__r01/manifest.json",0,0,"추가2015–2023",7
2017,"0-1",91902,0.269442547496266,84.3778433859616,0.37997477790318,83.6471626648748,85.1299538905108,83.3079138296523,85.4477729422709,184280,2430,2017-04-02,2017-10-01,"full_regular_season",2017-12-31,"정규시즌 전체 일정 대조","bcai_history__mlb_2017__20260928__r01","columns/001-ball-count/analysis/runs/bcai_history__mlb_2017__20260928__r01/artifacts/season_indices.csv","columns/001-ball-count/analysis/runs/bcai_history__mlb_2017__20260928__r01/manifest.json",0,1,"추가2015–2023",10
2017,"0-2",37337,0.195105257519367,61.0985941742367,0.64410346313321,59.8403021313106,62.4097419195391,59.2849334456738,62.9122549027995,184280,2430,2017-04-02,2017-10-01,"full_regular_season",2017-12-31,"정규시즌 전체 일정 대조","bcai_history__mlb_2017__20260928__r01","columns/001-ball-count/analysis/runs/bcai_history__mlb_2017__20260928__r01/artifacts/season_indices.csv","columns/001-ball-count/analysis/runs/bcai_history__mlb_2017__20260928__r01/manifest.json",0,2,"추가2015–2023",12
2017,"1-0",72411,0.364636850754695,114.18861412805,0.486090855926551,113.249423834679,115.130957690981,112.819883875275,115.557344380825,184280,2430,2017-04-02,2017-10-01,"full_regular_season",2017-12-31,"정규시즌 전체 일정 대조","bcai_history__mlb_2017__20260928__r01","columns/001-ball-count/analysis/runs/bcai_history__mlb_2017__20260928__r01/artifacts/season_indices.csv","columns/001-ball-count/analysis/runs/bcai_history__mlb_2017__20260928__r01/manifest.json",1,0,"추가2015–2023",6
2017,"1-1",73993,0.304571297284878,95.3786603525145,0.45765570877893,94.4812603404214,96.2723966770809,94.0899975308969,96.6673231741322,184280,2430,2017-04-02,2017-10-01,"full_regular_season",2017-12-31,"정규시즌 전체 일정 대조","bcai_history__mlb_2017__20260928__r01","columns/001-ball-count/analysis/runs/bcai_history__mlb_2017__20260928__r01/artifacts/season_indices.csv","columns/001-ball-count/analysis/runs/bcai_history__mlb_2017__20260928__r01/manifest.json",1,1,"추가2015–2023",8
2017,"1-2",53680,0.222478874813724,69.6708364367639,0.531252798219969,68.6154324429079,70.69440278343,68.1749395937572,71.1667332797707,184280,2430,2017-04-02,2017-10-01,"full_regular_season",2017-12-31,"정규시즌 전체 일정 대조","bcai_history__mlb_2017__20260928__r01","columns/001-ball-count/analysis/runs/bcai_history__mlb_2017__20260928__r01/artifacts/season_indices.csv","columns/001-ball-count/analysis/runs/bcai_history__mlb_2017__20260928__r01/manifest.json",1,2,"추가2015–2023",11
2017,"2-0",24943,0.435107725614403,136.257068043134,0.942935220946163,134.409222313594,138.097991248356,133.601959543189,138.912176543079,184280,2430,2017-04-02,2017-10-01,"full_regular_season",2017-12-31,"정규시즌 전체 일정 대조","bcai_history__mlb_2017__20260928__r01","columns/001-ball-count/analysis/runs/bcai_history__mlb_2017__20260928__r01/artifacts/season_indices.csv","columns/001-ball-count/analysis/runs/bcai_history__mlb_2017__20260928__r01/manifest.json",2,0,"추가2015–2023",3
2017,"2-1",38596,0.36552743807647,114.467507859781,0.702822040838129,113.089230353689,115.850581248985,112.48850788913,116.446507830431,184280,2430,2017-04-02,2017-10-01,"full_regular_season",2017-12-31,"정규시즌 전체 일정 대조","bcai_history__mlb_2017__20260928__r01","columns/001-ball-count/analysis/runs/bcai_history__mlb_2017__20260928__r01/artifacts/season_indices.csv","columns/001-ball-count/analysis/runs/bcai_history__mlb_2017__20260928__r01/manifest.json",2,1,"추가2015–2023",5
2017,"2-2",44295,0.275247793204653,86.1957972234347,0.600244737536292,85.0336371097581,87.3156133978077,84.5056334992708,87.8859609475986,184280,2430,2017-04-02,2017-10-01,"full_regular_season",2017-12-31,"정규시즌 전체 일정 대조","bcai_history__mlb_2017__20260928__r01","columns/001-ball-count/analysis/runs/bcai_history__mlb_2017__20260928__r01/artifacts/season_indices.csv","columns/001-ball-count/analysis/runs/bcai_history__mlb_2017__20260928__r01/manifest.json",2,2,"추가2015–2023",9
2017,"3-0",7735,0.545250290885642,170.748992978313,1.47776204430309,167.92176911289,173.676899271134,166.587923927581,174.910062029046,184280,2430,2017-04-02,2017-10-01,"full_regular_season",2017-12-31,"정규시즌 전체 일정 대조","bcai_history__mlb_2017__20260928__r01","columns/001-ball-count/analysis/runs/bcai_history__mlb_2017__20260928__r01/artifacts/season_indices.csv","columns/001-ball-count/analysis/runs/bcai_history__mlb_2017__20260928__r01/manifest.json",3,0,"추가2015–2023",1
2017,"3-1",16252,0.476935023381811,149.355582784297,1.1022777977725,147.22780708706,151.516925034054,146.251798892091,152.459366676503,184280,2430,2017-04-02,2017-10-01,"full_regular_season",2017-12-31,"정규시즌 전체 일정 대조","bcai_history__mlb_2017__20260928__r01","columns/001-ball-count/analysis/runs/bcai_history__mlb_2017__20260928__r01/artifacts/season_indices.csv","columns/001-ball-count/analysis/runs/bcai_history__mlb_2017__20260928__r01/manifest.json",3,1,"추가2015–2023",2
2017,"3-2",25718,0.385151800295528,120.613015973684,0.902662150164002,118.867433492682,122.340426315293,118.071308023615,123.154723923753,184280,2430,2017-04-02,2017-10-01,"full_regular_season",2017-12-31,"정규시즌 전체 일정 대조","bcai_history__mlb_2017__20260928__r01","columns/001-ball-count/analysis/runs/bcai_history__mlb_2017__20260928__r01/artifacts/season_indices.csv","columns/001-ball-count/analysis/runs/bcai_history__mlb_2017__20260928__r01/manifest.json",3,2,"추가2015–2023",4
2018,"0-0",184170,0.313375897268835,100,0,100,100,100,100,184170,2431,2018-03-29,2018-10-01,"full_regular_season",2018-12-31,"정규시즌 전체 일정 대조","bcai_history__mlb_2018__20260928__r01","columns/001-ball-count/analysis/runs/bcai_history__mlb_2018__20260928__r01/artifacts/season_indices.csv","columns/001-ball-count/analysis/runs/bcai_history__mlb_2018__20260928__r01/manifest.json",0,0,"추가2015–2023",7
2018,"0-1",92176,0.266021263669488,84.8888717951646,0.375881138347962,84.1371726568172,85.5841654442324,83.8476725898016,85.9300710005277,184170,2431,2018-03-29,2018-10-01,"full_regular_season",2018-12-31,"정규시즌 전체 일정 대조","bcai_history__mlb_2018__20260928__r01","columns/001-ball-count/analysis/runs/bcai_history__mlb_2018__20260928__r01/artifacts/season_indices.csv","columns/001-ball-count/analysis/runs/bcai_history__mlb_2018__20260928__r01/manifest.json",0,1,"추가2015–2023",10
2018,"0-2",38162,0.197459174047491,63.0103258637333,0.660541245764917,61.7426060187592,64.3134996580433,61.1806117599005,64.840039967566,184170,2431,2018-03-29,2018-10-01,"full_regular_season",2018-12-31,"정규시즌 전체 일정 대조","bcai_history__mlb_2018__20260928__r01","columns/001-ball-count/analysis/runs/bcai_history__mlb_2018__20260928__r01/artifacts/season_indices.csv","columns/001-ball-count/analysis/runs/bcai_history__mlb_2018__20260928__r01/manifest.json",0,2,"추가2015–2023",12
2018,"1-0",71807,0.355021529934359,113.289354104281,0.481684101568237,112.351388746992,114.267181096558,111.955078311691,114.623629896871,184170,2431,2018-03-29,2018-10-01,"full_regular_season",2018-12-31,"정규시즌 전체 일정 대조","bcai_history__mlb_2018__20260928__r01","columns/001-ball-count/analysis/runs/bcai_history__mlb_2018__20260928__r01/artifacts/season_indices.csv","columns/001-ball-count/analysis/runs/bcai_history__mlb_2018__20260928__r01/manifest.json",1,0,"추가2015–2023",6
2018,"1-1",73862,0.298062494922933,95.1134077383222,0.470881933050891,94.2064130676737,96.0218829664522,93.8090541954249,96.4177612812195,184170,2431,2018-03-29,2018-10-01,"full_regular_season",2018-12-31,"정규시즌 전체 일정 대조","bcai_history__mlb_2018__20260928__r01","columns/001-ball-count/analysis/runs/bcai_history__mlb_2018__20260928__r01/artifacts/season_indices.csv","columns/001-ball-count/analysis/runs/bcai_history__mlb_2018__20260928__r01/manifest.json",1,1,"추가2015–2023",8
2018,"1-2",54192,0.222397531000867,70.9682949260387,0.537389502467293,69.9307442782048,72.0112463089928,69.4797139203554,72.456875931722,184170,2431,2018-03-29,2018-10-01,"full_regular_season",2018-12-31,"정규시즌 전체 일정 대조","bcai_history__mlb_2018__20260928__r01","columns/001-ball-count/analysis/runs/bcai_history__mlb_2018__20260928__r01/artifacts/season_indices.csv","columns/001-ball-count/analysis/runs/bcai_history__mlb_2018__20260928__r01/manifest.json",1,2,"추가2015–2023",11
2018,"2-0",24453,0.426685600948745,136.157759632262,0.969324373942898,134.265443509141,137.999973709731,133.472709320016,138.842809944508,184170,2431,2018-03-29,2018-10-01,"full_regular_season",2018-12-31,"정규시즌 전체 일정 대조","bcai_history__mlb_2018__20260928__r01","columns/001-ball-count/analysis/runs/bcai_history__mlb_2018__20260928__r01/artifacts/season_indices.csv","columns/001-ball-count/analysis/runs/bcai_history__mlb_2018__20260928__r01/manifest.json",2,0,"추가2015–2023",3
2018,"2-1",38488,0.357188396383277,113.980813296836,0.753451884403555,112.478600810977,115.417128966397,111.893734634767,116.067891958906,184170,2431,2018-03-29,2018-10-01,"full_regular_season",2018-12-31,"정규시즌 전체 일정 대조","bcai_history__mlb_2018__20260928__r01","columns/001-ball-count/analysis/runs/bcai_history__mlb_2018__20260928__r01/artifacts/season_indices.csv","columns/001-ball-count/analysis/runs/bcai_history__mlb_2018__20260928__r01/manifest.json",2,1,"추가2015–2023",5
2018,"2-2",44397,0.27134333400904,86.5871741808728,0.632253937789293,85.3555966882916,87.8481339476547,84.8358165562067,88.338531805539,184170,2431,2018-03-29,2018-10-01,"full_regular_season",2018-12-31,"정규시즌 전체 일정 대조","bcai_history__mlb_2018__20260928__r01","columns/001-ball-count/analysis/runs/bcai_history__mlb_2018__20260928__r01/artifacts/season_indices.csv","columns/001-ball-count/analysis/runs/bcai_history__mlb_2018__20260928__r01/manifest.json",2,2,"추가2015–2023",9
2018,"3-0",7549,0.547192608292518,174.612219083045,1.55768379357843,171.710631076631,177.736396001967,170.297399948441,178.92703821765,184170,2431,2018-03-29,2018-10-01,"full_regular_season",2018-12-31,"정규시즌 전체 일정 대조","bcai_history__mlb_2018__20260928__r01","columns/001-ball-count/analysis/runs/bcai_history__mlb_2018__20260928__r01/artifacts/season_indices.csv","columns/001-ball-count/analysis/runs/bcai_history__mlb_2018__20260928__r01/manifest.json",3,0,"추가2015–2023",1
2018,"3-1",16052,0.476301021679483,151.99031764427,1.14108659889382,149.787655009168,154.278945104715,148.82948210663,155.151153181909,184170,2431,2018-03-29,2018-10-01,"full_regular_season",2018-12-31,"정규시즌 전체 일정 대조","bcai_history__mlb_2018__20260928__r01","columns/001-ball-count/analysis/runs/bcai_history__mlb_2018__20260928__r01/artifacts/season_indices.csv","columns/001-ball-count/analysis/runs/bcai_history__mlb_2018__20260928__r01/manifest.json",3,1,"추가2015–2023",2
2018,"3-2",25405,0.374013973627217,119.34994901869,0.85165537679033,117.704761513169,121.05374480644,116.990844474486,121.709053562894,184170,2431,2018-03-29,2018-10-01,"full_regular_season",2018-12-31,"정규시즌 전체 일정 대조","bcai_history__mlb_2018__20260928__r01","columns/001-ball-count/analysis/runs/bcai_history__mlb_2018__20260928__r01/artifacts/season_indices.csv","columns/001-ball-count/analysis/runs/bcai_history__mlb_2018__20260928__r01/manifest.json",3,2,"추가2015–2023",4
2019,"0-0",185704,0.318659253435745,100,0,100,100,100,100,185704,2429,2019-03-20,2019-09-29,"full_regular_season",2019-12-31,"정규시즌 전체 일정 대조","bcai_history__mlb_2019__20260928__r01","columns/001-ball-count/analysis/runs/bcai_history__mlb_2019__20260928__r01/artifacts/season_indices.csv","columns/001-ball-count/analysis/runs/bcai_history__mlb_2019__20260928__r01/manifest.json",0,0,"추가2015–2023",7
2019,"0-1",93583,0.267830321746439,84.0491273542902,0.378581215233025,83.313403013676,84.8070762511923,82.9824803224213,85.1157743861591,185704,2429,2019-03-20,2019-09-29,"full_regular_season",2019-12-31,"정규시즌 전체 일정 대조","bcai_history__mlb_2019__20260928__r01","columns/001-ball-count/analysis/runs/bcai_history__mlb_2019__20260928__r01/artifacts/season_indices.csv","columns/001-ball-count/analysis/runs/bcai_history__mlb_2019__20260928__r01/manifest.json",0,1,"추가2015–2023",10
2019,"0-2",39278,0.198859081419603,62.4049291760804,0.632531589798016,61.1011648857273,63.6364966634331,60.622780681454,64.1870776707068,185704,2429,2019-03-20,2019-09-29,"full_regular_season",2019-12-31,"정규시즌 전체 일정 대조","bcai_history__mlb_2019__20260928__r01","columns/001-ball-count/analysis/runs/bcai_history__mlb_2019__20260928__r01/artifacts/season_indices.csv","columns/001-ball-count/analysis/runs/bcai_history__mlb_2019__20260928__r01/manifest.json",0,2,"추가2015–2023",12
2019,"1-0",71851,0.361728507605941,113.515770750678,0.489596383203662,112.555389128834,114.457024708905,112.136340108203,114.895201393153,185704,2429,2019-03-20,2019-09-29,"full_regular_season",2019-12-31,"정규시즌 전체 일정 대조","bcai_history__mlb_2019__20260928__r01","columns/001-ball-count/analysis/runs/bcai_history__mlb_2019__20260928__r01/artifacts/season_indices.csv","columns/001-ball-count/analysis/runs/bcai_history__mlb_2019__20260928__r01/manifest.json",1,0,"추가2015–2023",5
2019,"1-1",74677,0.300935977610221,94.4381731788946,0.440281636147163,93.5748942900123,95.3169174796838,93.1976861143325,95.6786602434566,185704,2429,2019-03-20,2019-09-29,"full_regular_season",2019-12-31,"정규시즌 전체 일정 대조","bcai_history__mlb_2019__20260928__r01","columns/001-ball-count/analysis/runs/bcai_history__mlb_2019__20260928__r01/artifacts/season_indices.csv","columns/001-ball-count/analysis/runs/bcai_history__mlb_2019__20260928__r01/manifest.json",1,1,"추가2015–2023",8
2019,"1-2",55405,0.224469668802483,70.4419113464552,0.519495548246283,69.3881980162562,71.4569568004671,68.9782402441662,71.9055824487441,185704,2429,2019-03-20,2019-09-29,"full_regular_season",2019-12-31,"정규시즌 전체 일정 대조","bcai_history__mlb_2019__20260928__r01","columns/001-ball-count/analysis/runs/bcai_history__mlb_2019__20260928__r01/artifacts/season_indices.csv","columns/001-ball-count/analysis/runs/bcai_history__mlb_2019__20260928__r01/manifest.json",1,2,"추가2015–2023",11
2019,"2-0",24600,0.430761056910576,135.17920859544,0.976463291498545,133.29453226919,137.102483323588,132.428037566088,137.930379624791,185704,2429,2019-03-20,2019-09-29,"full_regular_season",2019-12-31,"정규시즌 전체 일정 대조","bcai_history__mlb_2019__20260928__r01","columns/001-ball-count/analysis/runs/bcai_history__mlb_2019__20260928__r01/artifacts/season_indices.csv","columns/001-ball-count/analysis/runs/bcai_history__mlb_2019__20260928__r01/manifest.json",2,0,"추가2015–2023",3
2019,"2-1",39075,0.359357466410811,112.771702856975,0.684684686158982,111.459122297525,114.154908558694,110.84261377682,114.700791937129,185704,2429,2019-03-20,2019-09-29,"full_regular_season",2019-12-31,"정규시즌 전체 일정 대조","bcai_history__mlb_2019__20260928__r01","columns/001-ball-count/analysis/runs/bcai_history__mlb_2019__20260928__r01/artifacts/season_indices.csv","columns/001-ball-count/analysis/runs/bcai_history__mlb_2019__20260928__r01/manifest.json",2,1,"추가2015–2023",6
2019,"2-2",46038,0.270948173248219,85.027555398718,0.634612652932762,83.8141091894535,86.2757556471061,83.2395435391742,86.8155672582619,185704,2429,2019-03-20,2019-09-29,"full_regular_season",2019-12-31,"정규시즌 전체 일정 대조","bcai_history__mlb_2019__20260928__r01","columns/001-ball-count/analysis/runs/bcai_history__mlb_2019__20260928__r01/artifacts/season_indices.csv","columns/001-ball-count/analysis/runs/bcai_history__mlb_2019__20260928__r01/manifest.json",2,2,"추가2015–2023",9
2019,"3-0",7559,0.545989019711626,171.339452353836,1.56537225850488,168.332290233392,174.48881054814,166.929038930982,175.74986577669,185704,2429,2019-03-20,2019-09-29,"full_regular_season",2019-12-31,"정규시즌 전체 일정 대조","bcai_history__mlb_2019__20260928__r01","columns/001-ball-count/analysis/runs/bcai_history__mlb_2019__20260928__r01/artifacts/season_indices.csv","columns/001-ball-count/analysis/runs/bcai_history__mlb_2019__20260928__r01/manifest.json",3,0,"추가2015–2023",1
2019,"3-1",16066,0.475718722768495,149.28759094216,1.15914359745468,146.986822456169,151.530554018237,146.021720825034,152.553461059286,185704,2429,2019-03-20,2019-09-29,"full_regular_season",2019-12-31,"정규시즌 전체 일정 대조","bcai_history__mlb_2019__20260928__r01","columns/001-ball-count/analysis/runs/bcai_history__mlb_2019__20260928__r01/artifacts/season_indices.csv","columns/001-ball-count/analysis/runs/bcai_history__mlb_2019__20260928__r01/manifest.json",3,1,"추가2015–2023",2
2019,"3-2",26665,0.375651753234565,117.885091734928,0.859961513590099,116.192079381468,119.56187703505,115.462162759364,120.308020710492,185704,2429,2019-03-20,2019-09-29,"full_regular_season",2019-12-31,"정규시즌 전체 일정 대조","bcai_history__mlb_2019__20260928__r01","columns/001-ball-count/analysis/runs/bcai_history__mlb_2019__20260928__r01/artifacts/season_indices.csv","columns/001-ball-count/analysis/runs/bcai_history__mlb_2019__20260928__r01/manifest.json",3,2,"추가2015–2023",4
2020,"0-0",66269,0.319221038494662,100,0,100,100,100,100,66269,898,2020-07-23,2020-09-27,"full_regular_season",2020-12-31,"단축 시즌 — 기간·경기 수가 다른 시즌과 다름","bcai_history__mlb_2020__20260928__r02","columns/001-ball-count/analysis/runs/bcai_history__mlb_2020__20260928__r02/artifacts/season_indices.csv","columns/001-ball-count/analysis/runs/bcai_history__mlb_2020__20260928__r02/manifest.json",0,0,"추가2015–2023",7
2020,"0-1",32971,0.270285766279437,84.6704113093587,0.615397883247448,83.4622368506043,85.8496355120139,82.9370945953966,86.4037280233209,66269,898,2020-07-23,2020-09-27,"full_regular_season",2020-12-31,"단축 시즌 — 기간·경기 수가 다른 시즌과 다름","bcai_history__mlb_2020__20260928__r02","columns/001-ball-count/analysis/runs/bcai_history__mlb_2020__20260928__r02/artifacts/season_indices.csv","columns/001-ball-count/analysis/runs/bcai_history__mlb_2020__20260928__r02/manifest.json",0,1,"추가2015–2023",9
2020,"0-2",13862,0.200599264175441,62.8402392027165,1.09407485940838,60.7785079175743,65.0258803931712,59.7586910015248,65.9217874039081,66269,898,2020-07-23,2020-09-27,"full_regular_season",2020-12-31,"단축 시즌 — 기간·경기 수가 다른 시즌과 다름","bcai_history__mlb_2020__20260928__r02","columns/001-ball-count/analysis/runs/bcai_history__mlb_2020__20260928__r02/artifacts/season_indices.csv","columns/001-ball-count/analysis/runs/bcai_history__mlb_2020__20260928__r02/manifest.json",0,2,"추가2015–2023",12
2020,"1-0",26365,0.360772197989732,113.016422630229,0.771904756453431,111.535521304764,114.506617415852,110.842291954173,115.190553306284,66269,898,2020-07-23,2020-09-27,"full_regular_season",2020-12-31,"단축 시즌 — 기간·경기 수가 다른 시즌과 다름","bcai_history__mlb_2020__20260928__r02","columns/001-ball-count/analysis/runs/bcai_history__mlb_2020__20260928__r02/artifacts/season_indices.csv","columns/001-ball-count/analysis/runs/bcai_history__mlb_2020__20260928__r02/manifest.json",1,0,"추가2015–2023",5
2020,"1-1",26829,0.298160460695492,93.4025094653897,0.751057265618446,91.9021607018902,94.9137412602845,91.2870973928465,95.5179215379329,66269,898,2020-07-23,2020-09-27,"full_regular_season",2020-12-31,"단축 시즌 — 기간·경기 수가 다른 시즌과 다름","bcai_history__mlb_2020__20260928__r02","columns/001-ball-count/analysis/runs/bcai_history__mlb_2020__20260928__r02/artifacts/season_indices.csv","columns/001-ball-count/analysis/runs/bcai_history__mlb_2020__20260928__r02/manifest.json",1,1,"추가2015–2023",8
2020,"1-2",19876,0.224778778426232,70.4147757573288,0.874321590245295,68.7103847414013,72.1681174330513,67.9521799847321,72.8773715299255,66269,898,2020-07-23,2020-09-27,"full_regular_season",2020-12-31,"단축 시즌 — 기간·경기 수가 다른 시즌과 다름","bcai_history__mlb_2020__20260928__r02","columns/001-ball-count/analysis/runs/bcai_history__mlb_2020__20260928__r02/artifacts/season_indices.csv","columns/001-ball-count/analysis/runs/bcai_history__mlb_2020__20260928__r02/manifest.json",1,2,"추가2015–2023",11
2020,"2-0",9211,0.433514927803713,135.80399645588,1.59468682329096,132.649986878882,139.053119689074,131.312435143125,140.295557768635,66269,898,2020-07-23,2020-09-27,"full_regular_season",2020-12-31,"단축 시즌 — 기간·경기 수가 다른 시즌과 다름","bcai_history__mlb_2020__20260928__r02","columns/001-ball-count/analysis/runs/bcai_history__mlb_2020__20260928__r02/artifacts/season_indices.csv","columns/001-ball-count/analysis/runs/bcai_history__mlb_2020__20260928__r02/manifest.json",2,0,"추가2015–2023",3
2020,"2-1",14455,0.355248356969888,111.286010046556,1.15568429021398,109.082694178145,113.667370588987,108.030934020423,114.541086072688,66269,898,2020-07-23,2020-09-27,"full_regular_season",2020-12-31,"단축 시즌 — 기간·경기 수가 다른 시즌과 다름","bcai_history__mlb_2020__20260928__r02","columns/001-ball-count/analysis/runs/bcai_history__mlb_2020__20260928__r02/artifacts/season_indices.csv","columns/001-ball-count/analysis/runs/bcai_history__mlb_2020__20260928__r02/manifest.json",2,1,"추가2015–2023",6
2020,"2-2",16810,0.267566091612127,83.8184390583646,0.919859925115842,82.0143656487922,85.5851513268535,81.2275809710835,86.4092971456456,66269,898,2020-07-23,2020-09-27,"full_regular_season",2020-12-31,"단축 시즌 — 기간·경기 수가 다른 시즌과 다름","bcai_history__mlb_2020__20260928__r02","columns/001-ball-count/analysis/runs/bcai_history__mlb_2020__20260928__r02/artifacts/season_indices.csv","columns/001-ball-count/analysis/runs/bcai_history__mlb_2020__20260928__r02/manifest.json",2,2,"추가2015–2023",10
2020,"3-0",2863,0.564877052043323,176.954831895508,2.5771821438016,172.00822440809,182.128057121894,169.695994960282,184.213668830733,66269,898,2020-07-23,2020-09-27,"full_regular_season",2020-12-31,"단축 시즌 — 기간·경기 수가 다른 시즌과 다름","bcai_history__mlb_2020__20260928__r02","columns/001-ball-count/analysis/runs/bcai_history__mlb_2020__20260928__r02/artifacts/season_indices.csv","columns/001-ball-count/analysis/runs/bcai_history__mlb_2020__20260928__r02/manifest.json",3,0,"추가2015–2023",1
2020,"3-1",6226,0.483198040475437,151.36785556304,1.84559185735025,147.807277350522,155.069035110625,146.169600416928,156.566110709153,66269,898,2020-07-23,2020-09-27,"full_regular_season",2020-12-31,"단축 시즌 — 기간·경기 수가 다른 시즌과 다름","bcai_history__mlb_2020__20260928__r02","columns/001-ball-count/analysis/runs/bcai_history__mlb_2020__20260928__r02/artifacts/season_indices.csv","columns/001-ball-count/analysis/runs/bcai_history__mlb_2020__20260928__r02/manifest.json",3,1,"추가2015–2023",2
2020,"3-2",10005,0.370619590204903,116.10124193337,1.32453455683226,113.518187835268,118.677197347651,112.370585803286,119.831898063454,66269,898,2020-07-23,2020-09-27,"full_regular_season",2020-12-31,"단축 시즌 — 기간·경기 수가 다른 시즌과 다름","bcai_history__mlb_2020__20260928__r02","columns/001-ball-count/analysis/runs/bcai_history__mlb_2020__20260928__r02/artifacts/season_indices.csv","columns/001-ball-count/analysis/runs/bcai_history__mlb_2020__20260928__r02/manifest.json",3,2,"추가2015–2023",4
2021,"0-0",181054,0.313142443690938,100,0,100,100,100,100,181054,2429,2021-04-01,2021-10-03,"full_regular_season",2021-12-31,"정규시즌 전체 일정 대조","bcai_history__mlb_2021__20260928__r01","columns/001-ball-count/analysis/runs/bcai_history__mlb_2021__20260928__r01/artifacts/season_indices.csv","columns/001-ball-count/analysis/runs/bcai_history__mlb_2021__20260928__r01/manifest.json",0,0,"추가2015–2023",7
2021,"0-1",90463,0.264606236804028,84.5002784308555,0.373819810882247,83.7628325573406,85.2283984959447,83.4623022178368,85.5382546438743,181054,2429,2021-04-01,2021-10-03,"full_regular_season",2021-12-31,"정규시즌 전체 일정 대조","bcai_history__mlb_2021__20260928__r01","columns/001-ball-count/analysis/runs/bcai_history__mlb_2021__20260928__r01/artifacts/season_indices.csv","columns/001-ball-count/analysis/runs/bcai_history__mlb_2021__20260928__r01/manifest.json",0,1,"추가2015–2023",10
2021,"0-2",38808,0.196389430014422,62.7156854559942,0.66307218969336,61.4284251733081,63.9623623752714,60.874549324681,64.5568215873074,181054,2429,2021-04-01,2021-10-03,"full_regular_season",2021-12-31,"정규시즌 전체 일정 대조","bcai_history__mlb_2021__20260928__r01","columns/001-ball-count/analysis/runs/bcai_history__mlb_2021__20260928__r01/artifacts/season_indices.csv","columns/001-ball-count/analysis/runs/bcai_history__mlb_2021__20260928__r01/manifest.json",0,2,"추가2015–2023",12
2021,"1-0",70674,0.354557998698217,113.225787765824,0.470620726680823,112.307976518135,114.140398875748,111.919026846719,114.53254868493,181054,2429,2021-04-01,2021-10-03,"full_regular_season",2021-12-31,"정규시즌 전체 일정 대조","bcai_history__mlb_2021__20260928__r01","columns/001-ball-count/analysis/runs/bcai_history__mlb_2021__20260928__r01/artifacts/season_indices.csv","columns/001-ball-count/analysis/runs/bcai_history__mlb_2021__20260928__r01/manifest.json",1,0,"추가2015–2023",6
2021,"1-1",71233,0.299147080706976,95.5306719782211,0.460402903517192,94.6583591761774,96.4613478988616,94.2522826356987,96.8090613207436,181054,2429,2021-04-01,2021-10-03,"full_regular_season",2021-12-31,"정규시즌 전체 일정 대조","bcai_history__mlb_2021__20260928__r01","columns/001-ball-count/analysis/runs/bcai_history__mlb_2021__20260928__r01/artifacts/season_indices.csv","columns/001-ball-count/analysis/runs/bcai_history__mlb_2021__20260928__r01/manifest.json",1,1,"추가2015–2023",8
2021,"1-2",53630,0.221950755174345,70.8785281733967,0.53683134845107,69.8256606307946,71.8831894877099,69.387921860211,72.3691344865825,181054,2429,2021-04-01,2021-10-03,"full_regular_season",2021-12-31,"정규시즌 전체 일정 대조","bcai_history__mlb_2021__20260928__r01","columns/001-ball-count/analysis/runs/bcai_history__mlb_2021__20260928__r01/artifacts/season_indices.csv","columns/001-ball-count/analysis/runs/bcai_history__mlb_2021__20260928__r01/manifest.json",1,2,"추가2015–2023",11
2021,"2-0",24285,0.425329421453522,135.826180711967,0.933326130476338,134.039639118602,137.719946314875,133.234637154827,138.417724269107,181054,2429,2021-04-01,2021-10-03,"full_regular_season",2021-12-31,"정규시즌 전체 일정 대조","bcai_history__mlb_2021__20260928__r01","columns/001-ball-count/analysis/runs/bcai_history__mlb_2021__20260928__r01/artifacts/season_indices.csv","columns/001-ball-count/analysis/runs/bcai_history__mlb_2021__20260928__r01/manifest.json",2,0,"추가2015–2023",3
2021,"2-1",37187,0.355896711216243,113.653296889866,0.733643723317592,112.279904819217,115.167747501631,111.616206528504,115.690387251227,181054,2429,2021-04-01,2021-10-03,"full_regular_season",2021-12-31,"정규시즌 전체 일정 대조","bcai_history__mlb_2021__20260928__r01","columns/001-ball-count/analysis/runs/bcai_history__mlb_2021__20260928__r01/artifacts/season_indices.csv","columns/001-ball-count/analysis/runs/bcai_history__mlb_2021__20260928__r01/manifest.json",2,1,"추가2015–2023",5
2021,"2-2",43966,0.26931253696036,86.0032047352108,0.621240434477547,84.7988609098428,87.2113860759472,84.2782218028422,87.7281876675793,181054,2429,2021-04-01,2021-10-03,"full_regular_season",2021-12-31,"정규시즌 전체 일정 대조","bcai_history__mlb_2021__20260928__r01","columns/001-ball-count/analysis/runs/bcai_history__mlb_2021__20260928__r01/artifacts/season_indices.csv","columns/001-ball-count/analysis/runs/bcai_history__mlb_2021__20260928__r01/manifest.json",2,2,"추가2015–2023",9
2021,"3-0",7712,0.539560684647306,172.305190662635,1.5073631347554,169.458224449837,175.322128588975,168.119732768992,176.490648556279,181054,2429,2021-04-01,2021-10-03,"full_regular_season",2021-12-31,"정규시즌 전체 일정 대조","bcai_history__mlb_2021__20260928__r01","columns/001-ball-count/analysis/runs/bcai_history__mlb_2021__20260928__r01/artifacts/season_indices.csv","columns/001-ball-count/analysis/runs/bcai_history__mlb_2021__20260928__r01/manifest.json",3,0,"추가2015–2023",1
2021,"3-1",15694,0.476660825793293,152.21853038349,1.19086114889456,149.961922966065,154.558413420842,148.91189571733,155.52516504965,181054,2429,2021-04-01,2021-10-03,"full_regular_season",2021-12-31,"정규시즌 전체 일정 대조","bcai_history__mlb_2021__20260928__r01","columns/001-ball-count/analysis/runs/bcai_history__mlb_2021__20260928__r01/artifacts/season_indices.csv","columns/001-ball-count/analysis/runs/bcai_history__mlb_2021__20260928__r01/manifest.json",3,1,"추가2015–2023",2
2021,"3-2",25333,0.379146330872736,121.077911510118,0.862706459320433,119.382022344655,122.862762109209,118.682455845319,123.473367174918,181054,2429,2021-04-01,2021-10-03,"full_regular_season",2021-12-31,"정규시즌 전체 일정 대조","bcai_history__mlb_2021__20260928__r01","columns/001-ball-count/analysis/runs/bcai_history__mlb_2021__20260928__r01/artifacts/season_indices.csv","columns/001-ball-count/analysis/runs/bcai_history__mlb_2021__20260928__r01/manifest.json",3,2,"추가2015–2023",4
2022,"0-0",181502,0.30909019735291,100,0,100,100,100,100,181502,2430,2022-04-07,2022-10-05,"full_regular_season",2022-12-31,"정규시즌 전체 일정 대조","bcai_history__mlb_2022__20260928__r01","columns/001-ball-count/analysis/runs/bcai_history__mlb_2022__20260928__r01/artifacts/season_indices.csv","columns/001-ball-count/analysis/runs/bcai_history__mlb_2022__20260928__r01/manifest.json",0,0,"추가2015–2023",7
2022,"0-1",91537,0.260926215628554,84.4174994429334,0.399424486284754,83.6408396035592,85.232119467315,83.2972790259033,85.5377198599635,181502,2430,2022-04-07,2022-10-05,"full_regular_season",2022-12-31,"정규시즌 전체 일정 대조","bcai_history__mlb_2022__20260928__r01","columns/001-ball-count/analysis/runs/bcai_history__mlb_2022__20260928__r01/artifacts/season_indices.csv","columns/001-ball-count/analysis/runs/bcai_history__mlb_2022__20260928__r01/manifest.json",0,1,"추가2015–2023",10
2022,"0-2",39107,0.192484593551037,62.2745707238539,0.648189669113854,60.999840458971,63.5526884094206,60.4566668987697,64.092474548938,181502,2430,2022-04-07,2022-10-05,"full_regular_season",2022-12-31,"정규시즌 전체 일정 대조","bcai_history__mlb_2022__20260928__r01","columns/001-ball-count/analysis/runs/bcai_history__mlb_2022__20260928__r01/artifacts/season_indices.csv","columns/001-ball-count/analysis/runs/bcai_history__mlb_2022__20260928__r01/manifest.json",0,2,"추가2015–2023",12
2022,"1-0",69562,0.350879316293243,113.520040201281,0.511641514885647,112.515530557681,114.560192300328,112.085097450259,114.954982952303,181502,2430,2022-04-07,2022-10-05,"full_regular_season",2022-12-31,"정규시즌 전체 일정 대조","bcai_history__mlb_2022__20260928__r01","columns/001-ball-count/analysis/runs/bcai_history__mlb_2022__20260928__r01/artifacts/season_indices.csv","columns/001-ball-count/analysis/runs/bcai_history__mlb_2022__20260928__r01/manifest.json",1,0,"추가2015–2023",6
2022,"1-1",71452,0.293107400772482,94.8290833170036,0.477050607205204,93.894263698085,95.7586500211139,93.4911537495937,96.1670128844135,181502,2430,2022-04-07,2022-10-05,"full_regular_season",2022-12-31,"정규시즌 전체 일정 대조","bcai_history__mlb_2022__20260928__r01","columns/001-ball-count/analysis/runs/bcai_history__mlb_2022__20260928__r01/artifacts/season_indices.csv","columns/001-ball-count/analysis/runs/bcai_history__mlb_2022__20260928__r01/manifest.json",1,1,"추가2015–2023",8
2022,"1-2",54020,0.217648278415422,70.4157816324786,0.549927256310358,69.2875104237954,71.4671847838747,68.873463217976,71.9581000469811,181502,2430,2022-04-07,2022-10-05,"full_regular_season",2022-12-31,"정규시즌 전체 일정 대조","bcai_history__mlb_2022__20260928__r01","columns/001-ball-count/analysis/runs/bcai_history__mlb_2022__20260928__r01/artifacts/season_indices.csv","columns/001-ball-count/analysis/runs/bcai_history__mlb_2022__20260928__r01/manifest.json",1,2,"추가2015–2023",11
2022,"2-0",23486,0.420281486843283,135.973735318244,1.00552928341894,133.963726746087,137.859741297645,133.153641728877,138.79382890761,181502,2430,2022-04-07,2022-10-05,"full_regular_season",2022-12-31,"정규시즌 전체 일정 대조","bcai_history__mlb_2022__20260928__r01","columns/001-ball-count/analysis/runs/bcai_history__mlb_2022__20260928__r01/artifacts/season_indices.csv","columns/001-ball-count/analysis/runs/bcai_history__mlb_2022__20260928__r01/manifest.json",2,0,"추가2015–2023",3
2022,"2-1",36686,0.351534209235181,113.731917817442,0.76993152013179,112.311469985254,115.266851979373,111.572578472503,115.891257162381,181502,2430,2022-04-07,2022-10-05,"full_regular_season",2022-12-31,"정규시즌 전체 일정 대조","bcai_history__mlb_2022__20260928__r01","columns/001-ball-count/analysis/runs/bcai_history__mlb_2022__20260928__r01/artifacts/season_indices.csv","columns/001-ball-count/analysis/runs/bcai_history__mlb_2022__20260928__r01/manifest.json",2,1,"추가2015–2023",5
2022,"2-2",43646,0.261360582871314,84.5580303450713,0.651700678648286,83.2474824395885,85.7982750940126,82.7302795909683,86.3857810991744,181502,2430,2022-04-07,2022-10-05,"full_regular_season",2022-12-31,"정규시즌 전체 일정 대조","bcai_history__mlb_2022__20260928__r01","columns/001-ball-count/analysis/runs/bcai_history__mlb_2022__20260928__r01/artifacts/season_indices.csv","columns/001-ball-count/analysis/runs/bcai_history__mlb_2022__20260928__r01/manifest.json",2,2,"추가2015–2023",9
2022,"3-0",7196,0.544280433574175,176.091133991135,1.58124219175172,173.078800231465,179.057392010939,171.656403902487,180.525864079783,181502,2430,2022-04-07,2022-10-05,"full_regular_season",2022-12-31,"정규시즌 전체 일정 대조","bcai_history__mlb_2022__20260928__r01","columns/001-ball-count/analysis/runs/bcai_history__mlb_2022__20260928__r01/artifacts/season_indices.csv","columns/001-ball-count/analysis/runs/bcai_history__mlb_2022__20260928__r01/manifest.json",3,0,"추가2015–2023",1
2022,"3-1",15206,0.46968479547552,151.957195504084,1.17995971567688,149.678159112989,154.282481791221,148.64789672506,155.266494283108,181502,2430,2022-04-07,2022-10-05,"full_regular_season",2022-12-31,"정규시즌 전체 일정 대조","bcai_history__mlb_2022__20260928__r01","columns/001-ball-count/analysis/runs/bcai_history__mlb_2022__20260928__r01/artifacts/season_indices.csv","columns/001-ball-count/analysis/runs/bcai_history__mlb_2022__20260928__r01/manifest.json",3,1,"추가2015–2023",2
2022,"3-2",24824,0.371164921044204,120.083045086163,0.907782309833703,118.242280077406,121.835148821575,117.53709131364,122.628998858685,181502,2430,2022-04-07,2022-10-05,"full_regular_season",2022-12-31,"정규시즌 전체 일정 대조","bcai_history__mlb_2022__20260928__r01","columns/001-ball-count/analysis/runs/bcai_history__mlb_2022__20260928__r01/artifacts/season_indices.csv","columns/001-ball-count/analysis/runs/bcai_history__mlb_2022__20260928__r01/manifest.json",3,2,"추가2015–2023",4
2023,"0-0",183534,0.317712451099266,100,0,100,100,100,100,183534,2430,2023-03-30,2023-10-01,"full_regular_season",2023-12-31,"정규시즌 전체 일정 대조","bcai_history__mlb_2023__20260928__r02","columns/001-ball-count/analysis/runs/bcai_history__mlb_2023__20260928__r02/artifacts/season_indices.csv","columns/001-ball-count/analysis/runs/bcai_history__mlb_2023__20260928__r02/manifest.json",0,0,"추가2015–2023",7
2023,"0-1",93009,0.269185121869983,84.7260222061235,0.372894132192981,84.0005352445651,85.4441667501872,83.7026185855856,85.7494258266615,183534,2430,2023-03-30,2023-10-01,"full_regular_season",2023-12-31,"정규시즌 전체 일정 대조","bcai_history__mlb_2023__20260928__r02","columns/001-ball-count/analysis/runs/bcai_history__mlb_2023__20260928__r02/artifacts/season_indices.csv","columns/001-ball-count/analysis/runs/bcai_history__mlb_2023__20260928__r02/manifest.json",0,1,"추가2015–2023",10
2023,"0-2",39523,0.202219897274982,63.6487164967294,0.672475499757869,62.3514618861561,64.991652552487,61.8031152878074,65.4943177056514,183534,2430,2023-03-30,2023-10-01,"full_regular_season",2023-12-31,"정규시즌 전체 일정 대조","bcai_history__mlb_2023__20260928__r02","columns/001-ball-count/analysis/runs/bcai_history__mlb_2023__20260928__r02/artifacts/season_indices.csv","columns/001-ball-count/analysis/runs/bcai_history__mlb_2023__20260928__r02/manifest.json",0,2,"추가2015–2023",12
2023,"1-0",70067,0.359022378580553,113.002300457019,0.475221614199064,112.052445374615,113.917550982964,111.69806024903,114.306540665008,183534,2430,2023-03-30,2023-10-01,"full_regular_season",2023-12-31,"정규시즌 전체 일정 대조","bcai_history__mlb_2023__20260928__r02","columns/001-ball-count/analysis/runs/bcai_history__mlb_2023__20260928__r02/artifacts/season_indices.csv","columns/001-ball-count/analysis/runs/bcai_history__mlb_2023__20260928__r02/manifest.json",1,0,"추가2015–2023",5
2023,"1-1",72473,0.300500945179619,94.5826781858577,0.470522010304847,93.6635387804911,95.499433157982,93.2913359862449,95.8740203854705,183534,2430,2023-03-30,2023-10-01,"full_regular_season",2023-12-31,"정규시즌 전체 일정 대조","bcai_history__mlb_2023__20260928__r02","columns/001-ball-count/analysis/runs/bcai_history__mlb_2023__20260928__r02/artifacts/season_indices.csv","columns/001-ball-count/analysis/runs/bcai_history__mlb_2023__20260928__r02/manifest.json",1,1,"추가2015–2023",8
2023,"1-2",54805,0.223909223610972,70.475432371712,0.526781338177992,69.4491410676982,71.5155817436677,69.0296870993133,71.9211776441106,183534,2430,2023-03-30,2023-10-01,"full_regular_season",2023-12-31,"정규시즌 전체 일정 대조","bcai_history__mlb_2023__20260928__r02","columns/001-ball-count/analysis/runs/bcai_history__mlb_2023__20260928__r02/artifacts/season_indices.csv","columns/001-ball-count/analysis/runs/bcai_history__mlb_2023__20260928__r02/manifest.json",1,2,"추가2015–2023",11
2023,"2-0",23715,0.424480961416789,133.605390644311,0.955559362537066,131.729471593388,135.440056915799,130.982869057532,136.22791223109,183534,2430,2023-03-30,2023-10-01,"full_regular_season",2023-12-31,"정규시즌 전체 일정 대조","bcai_history__mlb_2023__20260928__r02","columns/001-ball-count/analysis/runs/bcai_history__mlb_2023__20260928__r02/artifacts/season_indices.csv","columns/001-ball-count/analysis/runs/bcai_history__mlb_2023__20260928__r02/manifest.json",2,0,"추가2015–2023",3
2023,"2-1",37424,0.355927185763126,112.028088459121,0.731308076412344,110.611176677395,113.554243058498,110.02102192598,114.035154992261,183534,2430,2023-03-30,2023-10-01,"full_regular_season",2023-12-31,"정규시즌 전체 일정 대조","bcai_history__mlb_2023__20260928__r02","columns/001-ball-count/analysis/runs/bcai_history__mlb_2023__20260928__r02/artifacts/season_indices.csv","columns/001-ball-count/analysis/runs/bcai_history__mlb_2023__20260928__r02/manifest.json",2,1,"추가2015–2023",6
2023,"2-2",44754,0.270193613978622,85.0434451164152,0.610414588194112,83.8862315857092,86.2687142021982,83.3681693594244,86.7187208734061,183534,2430,2023-03-30,2023-10-01,"full_regular_season",2023-12-31,"정규시즌 전체 일정 대조","bcai_history__mlb_2023__20260928__r02","columns/001-ball-count/analysis/runs/bcai_history__mlb_2023__20260928__r02/artifacts/season_indices.csv","columns/001-ball-count/analysis/runs/bcai_history__mlb_2023__20260928__r02/manifest.json",2,2,"추가2015–2023",9
2023,"3-0",7328,0.551745633187731,173.66194849422,1.49470331628583,170.816064220915,176.570133673511,169.559752580004,177.764144408436,183534,2430,2023-03-30,2023-10-01,"full_regular_season",2023-12-31,"정규시즌 전체 일정 대조","bcai_history__mlb_2023__20260928__r02","columns/001-ball-count/analysis/runs/bcai_history__mlb_2023__20260928__r02/artifacts/season_indices.csv","columns/001-ball-count/analysis/runs/bcai_history__mlb_2023__20260928__r02/manifest.json",3,0,"추가2015–2023",1
2023,"3-1",15579,0.475543167083847,149.67722084498,1.14237418002889,147.429696053931,151.744365629055,146.541988158493,152.812453531467,183534,2430,2023-03-30,2023-10-01,"full_regular_season",2023-12-31,"정규시즌 전체 일정 대조","bcai_history__mlb_2023__20260928__r02","columns/001-ball-count/analysis/runs/bcai_history__mlb_2023__20260928__r02/artifacts/season_indices.csv","columns/001-ball-count/analysis/runs/bcai_history__mlb_2023__20260928__r02/manifest.json",3,1,"추가2015–2023",2
2023,"3-2",26119,0.373232283012332,117.474868146014,0.816984688382678,115.866283430153,119.044975910705,115.232663145099,119.717073146929,183534,2430,2023-03-30,2023-10-01,"full_regular_season",2023-12-31,"정규시즌 전체 일정 대조","bcai_history__mlb_2023__20260928__r02","columns/001-ball-count/analysis/runs/bcai_history__mlb_2023__20260928__r02/artifacts/season_indices.csv","columns/001-ball-count/analysis/runs/bcai_history__mlb_2023__20260928__r02/manifest.json",3,2,"추가2015–2023",4
2024,"0-0",181840,0.309431687197426,100,0,100,100,100,100,181840,2429,2024-03-20,2024-09-30,"full_regular_season",2024-12-31,"정규시즌 전체 일정 대조","bcai_r_check__mlb_2024_2025__20260928__r02","columns/001-ball-count/analysis/runs/bcai_r_check__mlb_2024_2025__20260928__r02/artifacts/season_indices.csv","columns/001-ball-count/analysis/runs/bcai_r_check__mlb_2024_2025__20260928__r02/manifest.json",0,0,"기준2024–2025",7
2024,"0-1",92663,0.263355190313317,85.1093153059301,0.391317871579204,84.3383217855416,85.8902543072291,84.0322093927094,86.1864212191508,181840,2429,2024-03-20,2024-09-30,"full_regular_season",2024-12-31,"정규시즌 전체 일정 대조","bcai_r_check__mlb_2024_2025__20260928__r02","columns/001-ball-count/analysis/runs/bcai_r_check__mlb_2024_2025__20260928__r02/artifacts/season_indices.csv","columns/001-ball-count/analysis/runs/bcai_r_check__mlb_2024_2025__20260928__r02/manifest.json",0,1,"기준2024–2025",10
2024,"0-2",39534,0.19793823038396,63.9683130634484,0.641514589254387,62.7238365368284,65.2280789158708,62.2025384651283,65.7340876617685,181840,2429,2024-03-20,2024-09-30,"full_regular_season",2024-12-31,"정규시즌 전체 일정 대조","bcai_r_check__mlb_2024_2025__20260928__r02","columns/001-ball-count/analysis/runs/bcai_r_check__mlb_2024_2025__20260928__r02/artifacts/season_indices.csv","columns/001-ball-count/analysis/runs/bcai_r_check__mlb_2024_2025__20260928__r02/manifest.json",0,2,"기준2024–2025",12
2024,"1-0",67814,0.350259887338897,113.194576325152,0.533591605993644,112.148412935718,114.226855448585,111.72586069573,114.663291954575,181840,2429,2024-03-20,2024-09-30,"full_regular_season",2024-12-31,"정규시즌 전체 일정 대조","bcai_r_check__mlb_2024_2025__20260928__r02","columns/001-ball-count/analysis/runs/bcai_r_check__mlb_2024_2025__20260928__r02/artifacts/season_indices.csv","columns/001-ball-count/analysis/runs/bcai_r_check__mlb_2024_2025__20260928__r02/manifest.json",1,0,"기준2024–2025",5
2024,"1-1",71330,0.291446235805418,94.1875857786559,0.485510005295138,93.215037991259,95.1028653840319,92.8512151817271,95.5239563755847,181840,2429,2024-03-20,2024-09-30,"full_regular_season",2024-12-31,"정규시즌 전체 일정 대조","bcai_r_check__mlb_2024_2025__20260928__r02","columns/001-ball-count/analysis/runs/bcai_r_check__mlb_2024_2025__20260928__r02/artifacts/season_indices.csv","columns/001-ball-count/analysis/runs/bcai_r_check__mlb_2024_2025__20260928__r02/manifest.json",1,1,"기준2024–2025",8
2024,"1-2",54844,0.221736416016325,71.6592466740005,0.546415415362531,70.5934583991087,72.7240648179769,70.1552333955199,73.1632599524812,181840,2429,2024-03-20,2024-09-30,"full_regular_season",2024-12-31,"정규시즌 전체 일정 대조","bcai_r_check__mlb_2024_2025__20260928__r02","columns/001-ball-count/analysis/runs/bcai_r_check__mlb_2024_2025__20260928__r02/artifacts/season_indices.csv","columns/001-ball-count/analysis/runs/bcai_r_check__mlb_2024_2025__20260928__r02/manifest.json",1,2,"기준2024–2025",11
2024,"2-0",22496,0.420680387624487,135.952588254506,1.07276000573566,133.871630732966,138.104806289311,132.999806821393,138.90536968762,181840,2429,2024-03-20,2024-09-30,"full_regular_season",2024-12-31,"정규시즌 전체 일정 대조","bcai_r_check__mlb_2024_2025__20260928__r02","columns/001-ball-count/analysis/runs/bcai_r_check__mlb_2024_2025__20260928__r02/artifacts/season_indices.csv","columns/001-ball-count/analysis/runs/bcai_r_check__mlb_2024_2025__20260928__r02/manifest.json",2,0,"기준2024–2025",3
2024,"2-1",36360,0.349047029702982,112.802613353648,0.772682961374463,111.299603079849,114.260132170852,110.675796647366,114.92943005993,181840,2429,2024-03-20,2024-09-30,"full_regular_season",2024-12-31,"정규시즌 전체 일정 대조","bcai_r_check__mlb_2024_2025__20260928__r02","columns/001-ball-count/analysis/runs/bcai_r_check__mlb_2024_2025__20260928__r02/artifacts/season_indices.csv","columns/001-ball-count/analysis/runs/bcai_r_check__mlb_2024_2025__20260928__r02/manifest.json",2,1,"기준2024–2025",6
2024,"2-2",44425,0.264984288126057,85.6357959089659,0.639760485236432,84.4218541064237,86.8870866642663,83.8748494975173,87.3967423204144,181840,2429,2024-03-20,2024-09-30,"full_regular_season",2024-12-31,"정규시즌 전체 일정 대조","bcai_r_check__mlb_2024_2025__20260928__r02","columns/001-ball-count/analysis/runs/bcai_r_check__mlb_2024_2025__20260928__r02/artifacts/season_indices.csv","columns/001-ball-count/analysis/runs/bcai_r_check__mlb_2024_2025__20260928__r02/manifest.json",2,2,"기준2024–2025",9
2024,"3-0",6842,0.542560362467089,175.34091850164,1.68869061682527,172.125568802489,178.542090011056,170.692782597082,179.989054406199,181840,2429,2024-03-20,2024-09-30,"full_regular_season",2024-12-31,"정규시즌 전체 일정 대조","bcai_r_check__mlb_2024_2025__20260928__r02","columns/001-ball-count/analysis/runs/bcai_r_check__mlb_2024_2025__20260928__r02/artifacts/season_indices.csv","columns/001-ball-count/analysis/runs/bcai_r_check__mlb_2024_2025__20260928__r02/manifest.json",3,0,"기준2024–2025",1
2024,"3-1",14958,0.464988233721115,150.271692576992,1.2243264368995,147.879025113796,152.613739793612,146.901723197431,153.641661956553,181840,2429,2024-03-20,2024-09-30,"full_regular_season",2024-12-31,"정규시즌 전체 일정 대조","bcai_r_check__mlb_2024_2025__20260928__r02","columns/001-ball-count/analysis/runs/bcai_r_check__mlb_2024_2025__20260928__r02/artifacts/season_indices.csv","columns/001-ball-count/analysis/runs/bcai_r_check__mlb_2024_2025__20260928__r02/manifest.json",3,1,"기준2024–2025",2
2024,"3-2",25658,0.371864252864636,120.176526273916,0.891886470630547,118.482944035531,121.960259358091,117.721600850856,122.631451696977,181840,2429,2024-03-20,2024-09-30,"full_regular_season",2024-12-31,"정규시즌 전체 일정 대조","bcai_r_check__mlb_2024_2025__20260928__r02","columns/001-ball-count/analysis/runs/bcai_r_check__mlb_2024_2025__20260928__r02/artifacts/season_indices.csv","columns/001-ball-count/analysis/runs/bcai_r_check__mlb_2024_2025__20260928__r02/manifest.json",3,2,"기준2024–2025",4
2025,"0-0",182284,0.311978456693795,100,0,100,100,100,100,182284,2430,2025-03-18,2025-09-28,"full_regular_season",2025-12-31,"정규시즌 전체 일정 대조","bcai_r_check__mlb_2024_2025__20260928__r02","columns/001-ball-count/analysis/runs/bcai_r_check__mlb_2024_2025__20260928__r02/artifacts/season_indices.csv","columns/001-ball-count/analysis/runs/bcai_r_check__mlb_2024_2025__20260928__r02/manifest.json",0,0,"기준2024–2025",7
2025,"0-1",92041,0.265244010821317,85.0199765817972,0.387301073147231,84.2515598348579,85.777300763834,83.9239621821144,86.11599098148,182284,2430,2025-03-18,2025-09-28,"full_regular_season",2025-12-31,"정규시즌 전체 일정 대조","bcai_r_check__mlb_2024_2025__20260928__r02","columns/001-ball-count/analysis/runs/bcai_r_check__mlb_2024_2025__20260928__r02/artifacts/season_indices.csv","columns/001-ball-count/analysis/runs/bcai_r_check__mlb_2024_2025__20260928__r02/manifest.json",0,1,"기준2024–2025",9
2025,"0-2",38919,0.199690562450199,64.0078050793727,0.645028866918355,62.7874763185319,65.2651388038092,62.182452723365,65.8331574353804,182284,2430,2025-03-18,2025-09-28,"full_regular_season",2025-12-31,"정규시즌 전체 일정 대조","bcai_r_check__mlb_2024_2025__20260928__r02","columns/001-ball-count/analysis/runs/bcai_r_check__mlb_2024_2025__20260928__r02/artifacts/season_indices.csv","columns/001-ball-count/analysis/runs/bcai_r_check__mlb_2024_2025__20260928__r02/manifest.json",0,2,"기준2024–2025",12
2025,"1-0",68737,0.351655032951717,112.717729511966,0.507324328953794,111.762387035631,113.713895844333,111.282064060991,114.15339496294,182284,2430,2025-03-18,2025-09-28,"full_regular_season",2025-12-31,"정규시즌 전체 일정 대조","bcai_r_check__mlb_2024_2025__20260928__r02","columns/001-ball-count/analysis/runs/bcai_r_check__mlb_2024_2025__20260928__r02/artifacts/season_indices.csv","columns/001-ball-count/analysis/runs/bcai_r_check__mlb_2024_2025__20260928__r02/manifest.json",1,0,"기준2024–2025",6
2025,"1-1",71286,0.293672979266644,94.132454650509,0.480642893721033,93.1507067409826,95.0593178131401,92.7722943794756,95.4926149215424,182284,2430,2025-03-18,2025-09-28,"full_regular_season",2025-12-31,"정규시즌 전체 일정 대조","bcai_r_check__mlb_2024_2025__20260928__r02","columns/001-ball-count/analysis/runs/bcai_r_check__mlb_2024_2025__20260928__r02/artifacts/season_indices.csv","columns/001-ball-count/analysis/runs/bcai_r_check__mlb_2024_2025__20260928__r02/manifest.json",1,1,"기준2024–2025",8
2025,"1-2",54502,0.219645462551824,70.4040480485499,0.547644397256445,69.3140527090125,71.4492271234597,68.8542817635737,71.9538143335261,182284,2430,2025-03-18,2025-09-28,"full_regular_season",2025-12-31,"정규시즌 전체 일정 대조","bcai_r_check__mlb_2024_2025__20260928__r02","columns/001-ball-count/analysis/runs/bcai_r_check__mlb_2024_2025__20260928__r02/artifacts/season_indices.csv","columns/001-ball-count/analysis/runs/bcai_r_check__mlb_2024_2025__20260928__r02/manifest.json",1,2,"기준2024–2025",11
2025,"2-0",23152,0.423552522460254,135.763387943152,1.05170701192633,133.679260480025,137.89354266434,132.78718645744,138.739589428864,182284,2430,2025-03-18,2025-09-28,"full_regular_season",2025-12-31,"정규시즌 전체 일정 대조","bcai_r_check__mlb_2024_2025__20260928__r02","columns/001-ball-count/analysis/runs/bcai_r_check__mlb_2024_2025__20260928__r02/artifacts/season_indices.csv","columns/001-ball-count/analysis/runs/bcai_r_check__mlb_2024_2025__20260928__r02/manifest.json",2,0,"기준2024–2025",3
2025,"2-1",36607,0.351886114677539,112.791799282126,0.777361094766993,111.174433754428,114.299705411122,110.591962997928,114.991635566323,182284,2430,2025-03-18,2025-09-28,"full_regular_season",2025-12-31,"정규시즌 전체 일정 대조","bcai_r_check__mlb_2024_2025__20260928__r02","columns/001-ball-count/analysis/runs/bcai_r_check__mlb_2024_2025__20260928__r02/artifacts/season_indices.csv","columns/001-ball-count/analysis/runs/bcai_r_check__mlb_2024_2025__20260928__r02/manifest.json",2,1,"기준2024–2025",5
2025,"2-2",44629,0.263854892558651,84.5747156245546,0.636154198585527,83.2715446488811,85.7526393184694,82.7744774883608,86.3749537607484,182284,2430,2025-03-18,2025-09-28,"full_regular_season",2025-12-31,"정규시즌 전체 일정 대조","bcai_r_check__mlb_2024_2025__20260928__r02","columns/001-ball-count/analysis/runs/bcai_r_check__mlb_2024_2025__20260928__r02/artifacts/season_indices.csv","columns/001-ball-count/analysis/runs/bcai_r_check__mlb_2024_2025__20260928__r02/manifest.json",2,2,"기준2024–2025",10
2025,"3-0",7140,0.547414285714233,175.465412424781,1.55628248651269,172.211443107428,178.387840445971,171.06132440785,179.869500441711,182284,2430,2025-03-18,2025-09-28,"full_regular_season",2025-12-31,"정규시즌 전체 일정 대조","bcai_r_check__mlb_2024_2025__20260928__r02","columns/001-ball-count/analysis/runs/bcai_r_check__mlb_2024_2025__20260928__r02/artifacts/season_indices.csv","columns/001-ball-count/analysis/runs/bcai_r_check__mlb_2024_2025__20260928__r02/manifest.json",3,0,"기준2024–2025",1
2025,"3-1",14928,0.47527344587346,152.341751706253,1.19651895708686,149.944155997001,154.564999142843,148.955750227341,155.727753185165,182284,2430,2025-03-18,2025-09-28,"full_regular_season",2025-12-31,"정규시즌 전체 일정 대조","bcai_r_check__mlb_2024_2025__20260928__r02","columns/001-ball-count/analysis/runs/bcai_r_check__mlb_2024_2025__20260928__r02/artifacts/season_indices.csv","columns/001-ball-count/analysis/runs/bcai_r_check__mlb_2024_2025__20260928__r02/manifest.json",3,1,"기준2024–2025",2
2025,"3-2",25748,0.372133020040378,119.281640144026,0.869801111499874,117.541260819381,120.912732431309,116.820209982428,121.743070305624,182284,2430,2025-03-18,2025-09-28,"full_regular_season",2025-12-31,"정규시즌 전체 일정 대조","bcai_r_check__mlb_2024_2025__20260928__r02","columns/001-ball-count/analysis/runs/bcai_r_check__mlb_2024_2025__20260928__r02/artifacts/season_indices.csv","columns/001-ball-count/analysis/runs/bcai_r_check__mlb_2024_2025__20260928__r02/manifest.json",3,2,"기준2024–2025",4
