count,years,index_min,index_max,annual_index_median,equal_year_mean_of_indices,start_PA_weighted_mean_of_indices,window
"0-0",9,100,100,100,100,100,"added_2015_2023"
"0-1",9,84.0491273542902,85.2308001602566,84.5194412409469,84.5978105917657,84.5915189950155,"added_2015_2023"
"0-2",9,61.0985941742367,64.7774983947371,62.8181943281425,62.8431948684693,62.84185778061,"added_2015_2023"
"1-0",9,113.002300457019,114.18861412805,113.289354104281,113.388253368731,113.417488086098,"added_2015_2023"
"1-1",9,93.4025094653897,95.5306719782211,94.5826781858577,94.6833233044666,94.7800037935211,"added_2015_2023"
"1-2",9,69.6708364367639,71.2511145963377,70.475432371712,70.6017764113042,70.6149925648029,"added_2015_2023"
"2-0",9,133.605390644311,136.257068043134,135.826180711967,135.496381319634,135.471620420041,"added_2015_2023"
"2-1",9,111.286010046556,114.467507859781,112.771702856975,112.951666752383,113.078010112744,"added_2015_2023"
"2-2",9,83.8184390583646,86.5871741808728,85.3786902468648,85.3356463310127,85.452133294617,"added_2015_2023"
"3-0",9,170.748992978313,176.954831895508,173.66194849422,173.660946947416,173.404476843261,"added_2015_2023"
"3-1",9,149.28759094216,152.21853038349,150.864626123458,150.751909924242,150.698476847176,"added_2015_2023"
"3-2",9,116.10124193337,121.077911510118,119.34994901869,119.118624639743,119.344027504987,"added_2015_2023"
"0-0",8,100,100,100,100,100,"added_no2020"
"0-1",8,84.0491273542902,85.2308001602566,84.5098598359012,84.5887355020665,84.5879539637545,"added_no2020"
"0-2",8,61.0985941742367,64.7774983947371,62.7669398920684,62.8435643266884,62.8419309218385,"added_no2020"
"1-0",8,113.002300457019,114.18861412805,113.40256242748,113.434732211044,113.435611662517,"added_no2020"
"1-1",8,94.3663666768737,95.5306719782211,94.7058807514306,94.8434250343511,94.842250799234,"added_no2020"
"1-2",8,69.6708364367639,71.2511145963377,70.6769802725544,70.6251514930511,70.624040077017,"added_no2020"
"2-0",8,133.605390644311,136.257068043134,135.851542640376,135.457929427603,135.456600820629,"added_no2020"
"2-1",8,112.028088459121,114.467507859781,113.212499873421,113.159873840611,113.158988042075,"added_no2020"
"2-2",8,84.5580303450713,86.5871741808728,85.3935854605136,85.5252972400937,85.5259576090845,"added_no2020"
"3-0",8,170.748992978313,176.091133991135,172.983569578428,173.249211328905,173.244041357825,"added_no2020"
"3-1",8,149.28759094216,152.21853038349,150.456447825931,150.674916719393,150.668228576893,"added_no2020"
"3-2",8,117.474868146014,121.077911510118,119.716497052426,119.49579747804,119.490564363891,"added_no2020"
"0-0",7,100,100,100,100,100,"added_2017_2023"
"0-1",7,84.0491273542902,84.8888717951646,84.5002784308555,84.5185791320982,84.5027696094527,"added_2017_2023"
"0-2",7,61.0985941742367,63.6487164967294,62.7156854559942,62.5704372990492,62.542512438158,"added_2017_2023"
"1-0",7,113.002300457019,114.18861412805,113.289354104281,113.394041433909,113.432817711002,"added_2017_2023"
"1-1",7,93.4025094653897,95.5306719782211,94.8290833170036,94.7535977451719,94.8876429730439,"added_2017_2023"
"1-2",7,69.6708364367639,70.9682949260387,70.4419113464552,70.4665086634534,70.470640564755,"added_2017_2023"
"2-0",7,133.605390644311,136.257068043134,135.826180711967,135.543334200177,135.515893848996,"added_2017_2023"
"2-1",7,111.286010046556,114.467507859781,113.653296889866,113.131333889511,113.315329868129,"added_2017_2023"
"2-2",7,83.8184390583646,86.5871741808728,85.0434451164152,85.3190922940125,85.4705281267884,"added_2017_2023"
"3-0",7,170.748992978313,176.954831895508,173.66194849422,173.673395636956,173.336522847322,"added_2017_2023"
"3-1",7,149.28759094216,152.21853038349,151.36785556304,150.836327666617,150.774805384649,"added_2017_2023"
"3-2",7,116.10124193337,121.077911510118,119.34994901869,118.94073191471,119.218970094393,"added_2017_2023"
"0-0",6,100,100,100,100,100,"added_2017_2023_no2020"
"0-1",6,84.0491273542902,84.8888717951646,84.4588889368945,84.4932737692215,84.4926723511982,"added_2017_2023_no2020"
"0-2",6,61.0985941742367,63.6487164967294,62.5603073160373,62.5254703151047,62.5245800022978,"added_2017_2023_no2020"
"1-0",6,113.002300457019,114.18861412805,113.40256242748,113.456977901189,113.457897680179,"added_2017_2023_no2020"
"1-1",6,94.4381731788946,95.5306719782211,94.9712455276629,94.9787791251356,94.9770943242158,"added_2017_2023_no2020"
"1-2",6,69.6708364367639,70.9682949260387,70.4586718590836,70.4751308144742,70.4740053683107,"added_2017_2023_no2020"
"2-0",6,133.605390644311,136.257068043134,135.899958015105,135.499890490893,135.498541087558,"added_2017_2023_no2020"
"2-1",6,112.028088459121,114.467507859781,113.692607353654,113.438887863337,113.437558205894,"added_2017_2023_no2020"
"2-2",6,84.5580303450713,86.5871741808728,85.523324925813,85.5692011666205,85.5700354092416,"added_2017_2023_no2020"
"3-0",6,170.748992978313,176.091133991135,172.983569578428,173.126489593864,173.118587805355,"added_2017_2023_no2020"
"3-1",6,149.28759094216,152.21853038349,150.817208174532,150.74773968388,150.739085269591,"added_2017_2023_no2020"
"3-2",6,117.474868146014,121.077911510118,119.716497052426,119.413980244933,119.406754556297,"added_2017_2023_no2020"
"0-0",11,100,100,100,100,100,"all_2015_2025"
"0-1",11,84.0491273542902,85.2308001602566,84.6704113093587,84.6826897466926,84.6823291433664,"all_2015_2025"
"0-2",11,61.0985941742367,64.7774983947371,62.8402392027165,63.0513519962768,63.0618851548827,"all_2015_2025"
"1-0",11,112.717729511966,114.18861412805,113.225787765824,113.309689650518,113.328875204322,"all_2015_2025"
"1-1",11,93.4025094653897,95.5306719782211,94.5083588471218,94.588177288124,94.6609864009611,"all_2015_2025"
"1-2",11,69.6708364367639,71.6592466740005,70.475432371712,70.6799347658444,70.6948259749369,"all_2015_2025"
"2-0",11,133.605390644311,136.257068043134,135.826180711967,135.56212800676,135.545764726729,"all_2015_2025"
"2-1",11,111.286010046556,114.467507859781,112.791799282126,112.92358303702,113.024106252259,"all_2015_2025"
"2-2",11,83.8184390583646,86.5871741808728,85.3786902468648,85.2937571375123,85.3854231219891,"all_2015_2025"
"3-0",11,170.748992978313,176.954831895508,174.612219083045,173.977713950288,173.788156110558,"all_2015_2025"
"3-1",11,149.28759094216,152.341751706253,150.864626123458,150.852784872857,150.815476793784,"all_2015_2025"
"3-2",11,116.10124193337,121.077911510118,119.34994901869,119.229617106876,119.417837378421,"all_2015_2025"
"0-0",10,100,100,100,100,100,"all_no2020"
"0-1",10,84.0491273542902,85.2308001602566,84.6227317235352,84.683917590426,84.6827605718702,"all_no2020"
"0-2",10,61.0985941742367,64.7774983947371,62.9142600959379,63.0724632756329,63.0699087925209,"all_no2020"
"1-0",10,112.717729511966,114.18861412805,113.257570935053,113.339016352547,113.340186063867,"all_no2020"
"1-1",10,94.132454650509,95.5306719782211,94.5455185164898,94.7067440703974,94.7065435735976,"all_no2020"
"1-2",10,69.6708364367639,71.6592466740005,70.6769802725544,70.7064506666959,70.7049638612579,"all_no2020"
"2-0",10,133.605390644311,136.257068043134,135.851542640376,135.537941161849,135.536416675023,"all_no2020"
"2-1",10,112.028088459121,114.467507859781,112.797206317887,113.087340336066,113.087025759692,"all_no2020"
"2-2",10,84.5580303450713,86.5871741808728,85.3935854605136,85.4412889454271,85.4421483280596,"all_no2020"
"3-0",10,170.748992978313,176.091133991135,174.137083788633,173.680002155766,173.673521673215,"all_no2020"
"3-1",10,149.28759094216,152.341751706253,150.568159350225,150.801277803839,150.795480547337,"all_no2020"
"3-2",10,117.474868146014,121.077911510118,119.716497052426,119.542454624226,119.5378989441,"all_no2020"
"0-0",9,100,100,100,100,100,"all_2017_2025"
"0-1",9,84.0491273542902,85.1093153059301,84.6704113093587,84.6399273124905,84.6364216936467,"all_2017_2025"
"0-2",9,61.0985941742367,64.0078050793727,62.8402392027165,62.8854643595739,62.886399976166,"all_2017_2025"
"1-0",9,112.717729511966,114.18861412805,113.225787765824,113.296732874942,113.319354524841,"all_2017_2025"
"1-1",9,93.4025094653897,95.5306719782211,94.5826781858577,94.6216916272631,94.7145404357261,"all_2017_2025"
"1-2",9,69.6708364367639,71.6592466740005,70.4419113464552,70.5920950407471,70.6039167005607,"all_2017_2025"
"2-0",9,133.605390644311,136.257068043134,135.826180711967,135.613257288766,135.597247379688,"all_2017_2025"
"2-1",9,111.286010046556,114.467507859781,112.802613353648,113.057083318039,113.192071629675,"all_2017_2025"
"2-2",9,83.8184390583646,86.5871741808728,85.0434451164152,85.2715730657342,85.3834794061276,"all_2017_2025"
"3-0",9,170.748992978313,176.954831895508,174.612219083045,174.057788931679,173.828175547158,"all_2017_2025"
"3-1",9,149.28759094216,152.341751706253,151.36785556304,150.940859772174,150.90164356401,"all_2017_2025"
"3-2",9,116.10124193337,121.077911510118,119.34994901869,119.115921091212,119.340191365675,"all_2017_2025"
"0-0",8,100,100,100,100,100,"all_2017_2025_no2020"
"0-1",8,84.0491273542902,85.1093153059301,84.6131503184895,84.636116812882,84.6348835161915,"all_2017_2025_no2020"
"0-2",8,61.0985941742367,64.0078050793727,62.8630056598638,62.8911175041811,62.8884889512705,"all_2017_2025_no2020"
"1-0",8,112.717729511966,114.18861412805,113.257570935053,113.331771655531,113.333063506275,"all_2017_2025_no2020"
"1-1",8,94.132454650509,95.5306719782211,94.7058807514306,94.7740893974973,94.7739155247565,"all_2017_2025_no2020"
"1-2",8,69.6708364367639,71.6592466740005,70.4586718590836,70.6142599511744,70.6124761481634,"all_2017_2025_no2020"
"2-0",8,133.605390644311,136.257068043134,135.889384483236,135.589414892877,135.587891087738,"all_2017_2025_no2020"
"2-1",8,112.028088459121,114.467507859781,113.227955121757,113.278467476974,113.278329179043,"all_2017_2025_no2020"
"2-2",8,84.5580303450713,86.5871741808728,85.3396205126906,85.4532148166554,85.4543042662761,"all_2017_2025_no2020"
"3-0",8,170.748992978313,176.091133991135,174.137083788633,173.695658561201,173.686680793415,"all_2017_2025_no2020"
"3-1",8,149.28759094216,152.341751706253,151.114444040538,150.887485298316,150.880545450036,"all_2017_2025_no2020"
"3-2",8,117.474868146014,121.077911510118,119.716497052426,119.492755985942,119.486767868255,"all_2017_2025_no2020"
"0-0",2,100,100,100,100,100,"baseline_2024_2025"
"0-1",2,85.0199765817972,85.1093153059301,85.0646459438636,85.0646459438636,85.0645914756145,"baseline_2024_2025"
"0-2",2,63.9683130634484,64.0078050793727,63.9880590714106,63.9880590714106,63.9880831489982,"baseline_2024_2025"
"1-0",2,112.717729511966,113.194576325152,112.956152918559,112.956152918559,112.955862193442,"baseline_2024_2025"
"1-1",2,94.132454650509,94.1875857786559,94.1600202145825,94.1600202145825,94.1599866021031,"baseline_2024_2025"
"1-2",2,70.4040480485499,71.6592466740005,71.0316473612752,71.0316473612752,71.0308820887448,"baseline_2024_2025"
"2-0",2,135.763387943152,135.952588254506,135.857988098829,135.857988098829,135.857872746726,"baseline_2024_2025"
"2-1",2,112.791799282126,112.802613353648,112.797206317887,112.797206317887,112.797199724738,"baseline_2024_2025"
"2-2",2,84.5747156245546,85.6357959089659,85.1052557667603,85.1052557667603,85.104608844769,"baseline_2024_2025"
"3-0",2,175.34091850164,175.465412424781,175.40316546321,175.40316546321,175.403241364966,"baseline_2024_2025"
"3-1",2,150.271692576992,152.341751706253,151.306722141623,151.306722141623,151.307984220273,"baseline_2024_2025"
"3-2",2,119.281640144026,120.176526273916,119.729083208971,119.729083208971,119.728537612633,"baseline_2024_2025"
