iteration,J_0-0,J_0-1,J_0-2,J_1-0,J_1-1,J_1-2,J_2-0,J_2-1,J_2-2,J_3-0,J_3-1,J_3-2
1,99.99999999995723,85.53707751510186,65.08132404975089,112.4431836530852,94.14219777109538,71.71289454936452,134.62045312762316,112.05926748933503,85.25543809038297,173.55452485410325,149.7990183950155,119.119299488144
2,99.99999999995723,85.52028733499684,65.0562190198695,112.46630776813416,94.14104148856649,71.68454916132644,134.68402079134196,112.08053819869637,85.21589619774478,173.63219955058716,149.84776913851704,119.12818062115569
3,99.99999999995723,85.53218231415232,65.09695009202883,112.42246169388706,94.09783605039976,71.67313045760768,134.60740648204631,111.99717690586213,85.1639603425908,173.506391761894,149.72516399289904,119.03619588262552
4,99.99999999995723,85.54234163883724,65.11115112953473,112.41839599255401,94.10989400274387,71.69624585058767,134.59857721697057,111.99919320417305,85.18388060766173,173.4947526193143,149.7162012032973,119.04407522601984
5,99.99999999995723,85.5408701244422,65.11226059485497,112.42081383333812,94.110727200999,71.69745922100383,134.6022977328459,112.00435761095102,85.18726795325549,173.4998173107567,149.72667558520118,119.05446226127123
6,99.99999999995723,85.54168031026728,65.11297411734185,112.41997006909085,94.11092755289552,71.69850174296968,134.59801986453581,112.00281971824307,85.18860778588055,173.49148133968893,149.722366660953,119.05470157716786
7,99.99999999995723,85.54136160896253,65.11152925223556,112.42103729130264,94.11181123480416,71.69819099588277,134.60023110091385,112.00440663779379,85.18888657364603,173.49451282448254,149.72449265297695,119.05518211193599
8,99.99999999995723,85.5406263750375,65.11134814346903,112.42108827767093,94.1106750319761,71.69672451892086,134.60070423601047,112.00381468724086,85.18704616695868,173.4957810313294,149.72477279524855,119.05334482863087
9,99.99999999995723,85.54092340350475,65.11170855692833,112.42055869994618,94.11067000253765,71.69709881852275,134.59949228027608,112.00338564254788,85.18742625481588,173.4941548414194,149.7238624234877,119.05340211212697
10,99.99999999995723,85.54096600446267,65.11182902897102,112.42051019309542,94.11056719620215,71.69703470551558,134.59958289161509,112.00323984496475,85.18712161036346,173.4941798441396,149.723867517997,119.05314288507108
11,99.99999999995723,85.54079178670905,65.1115557955581,112.42054513046332,94.11030090817052,71.6967580919607,134.59975755749713,112.0030856005249,85.18699473327487,173.49438111158298,149.72369267146965,119.05302174997291
12,99.99999999995723,85.54107456317462,65.11161734121559,112.4204547086537,94.11087064448732,71.69716993007859,134.5994280766771,112.00322545089811,85.18714332761637,173.4944208972426,149.7239457397632,119.05316774027347
13,99.99999999995723,85.54093004036548,65.11179247710572,112.42066329263511,94.11083191632278,71.69731380354665,134.59977297499017,112.00359057926435,85.18770040503239,173.49428373597553,149.72388099417773,119.05368923295902
14,99.99999999995723,85.54125151873117,65.1120585273516,112.42037196860419,94.11087743563797,71.69745429206482,134.5993560437654,112.00344188685457,85.18758233804867,173.49351704925792,149.72378162450633,119.05340410204457
15,99.99999999995723,85.54097438127299,65.1117396276588,112.42060312387991,94.11065281548107,71.69705804675816,134.59988820487843,112.00335609230513,85.18719630112497,173.4946447698542,149.724117264414,119.05330642023836
16,99.99999999995723,85.54119552214433,65.11187431115913,112.42040450611356,94.1108462053503,71.6973884515742,134.59943954592987,112.00344400729135,85.18768258569075,173.49373090873476,149.72371194250096,119.05359154620878
17,99.99999999995723,85.541051668353,65.11190084106515,112.42060099157786,94.11077694107213,71.69729524568876,134.59964952769226,112.00335901933906,85.18748519863524,173.49450981063356,149.72382106713545,119.05345174535199
18,99.99999999995723,85.54106216491677,65.1118364570091,112.42045806666411,94.11070653802774,71.69724264851862,134.59948801703203,112.00326611656787,85.1874353833396,173.49417433887015,149.72378975183707,119.05339307205676
19,99.99999999995723,85.54093827472332,65.11158520425595,112.42058453125331,94.11074238408754,71.69712920254544,134.5996183990741,112.00349528458705,85.18753555785338,173.49407560610564,149.72378567232823,119.05340451011789
20,99.99999999995723,85.54087398734916,65.11168924903771,112.42084172622695,94.11078469606589,71.69726434309068,134.60000146597204,112.00364230689068,85.18756741625485,173.494715763345,149.72427793442418,119.05369362133571
21,99.99999999995723,85.54111753100723,65.11184791353939,112.42055070328396,94.11083854756913,71.69734181691658,134.5995678186501,112.00347166937041,85.1875996453557,173.4942070562376,149.72391759587865,119.05353339283765
22,99.99999999995723,85.54110387068678,65.11189422030802,112.42052337212486,94.11082704771702,71.69735727334007,134.59955601837004,112.00343585717978,85.18759496090611,173.49418564176062,149.72393336997177,119.05357283116881
23,99.99999999995723,85.54113639144093,65.11191995802403,112.42051841528188,94.11084990853712,71.69737350532328,134.59955083111777,112.00344581791617,85.18759498853858,173.49414483468829,149.7239162510842,119.05356976622446
24,99.99999999995723,85.5411155800039,65.11191164159317,112.4205094890048,94.11082178415023,71.6973724256539,134.5995684371767,112.00343295860182,85.18759211793946,173.49416176461477,149.7239330184253,119.05359119525586
25,99.99999999995723,85.54112014351743,65.11190391887096,112.42048935188075,94.11079027473826,71.6973281299886,134.59954030634873,112.00340636138456,85.18751920136705,173.4940282248852,149.7238544456352,119.05348408059149
26,99.99999999995723,85.5411264369735,65.11191096154701,112.42047402740157,94.1108020127562,71.69733645658161,134.59951734146807,112.0034004362873,85.18751849774867,173.49390153946862,149.7238089296761,119.05349565510843
27,99.99999999995723,85.5411447430056,65.11201360599641,112.42045636933072,94.1107573267853,71.69738052903064,134.59944782106524,112.00332294508938,85.18749200281465,173.49391955270056,149.7237389315835,119.05338937325001
28,99.99999999995723,85.54112239976105,65.11189323461669,112.42045120623676,94.11076169457803,71.69727769240936,134.59938682279318,112.00332484030092,85.18747297117619,173.49386824052252,149.72369372515672,119.05335153461684
29,99.99999999995723,85.54112238653397,65.11191840876589,112.42051162971465,94.11082315691529,71.69734815536968,134.59952544921742,112.00342706680766,85.1875589104777,173.49411850996904,149.72390259448213,119.05354823875963
30,99.99999999995723,85.54110827256154,65.11191054695736,112.42050168413991,94.11079444432048,71.69733758935422,134.59953079573168,112.00339113501995,85.1875307370175,173.49411532548322,149.72385782513572,119.05349591006278
31,99.99999999995723,85.54110561309709,65.11190250154762,112.42051012489034,94.1108013390619,71.69733637322933,134.5995503079442,112.003409343062,85.18754536563425,173.49413322445423,149.72387868284204,119.05351855365596
32,99.99999999995723,85.5411043155928,65.11189676998696,112.42051214995392,94.11080478077078,71.69733445924305,134.599553930048,112.00341333336513,85.18754491927868,173.4941406892155,149.72388852900963,119.05351943362811
33,99.99999999995723,85.541105280494,65.11190059322576,112.42051061265904,94.11080290320905,71.69733599580668,134.59955117662417,112.0034090250107,85.18754463929335,173.4941395118186,149.72388145865384,119.05351688127008
34,99.99999999995723,85.54110489461456,65.1118967264222,112.42051148302941,94.11080352498018,71.69733524567046,134.5995555652927,112.0034107124365,85.18754602883628,173.4941458571654,149.7238848136815,119.05352029152749
35,99.99999999995723,85.54110355902905,65.11189318997748,112.42051468896548,94.11080632626043,71.6973340544545,134.59955923807192,112.00341729558727,85.18754775849511,173.494147155208,149.723892576708,119.05352326434341
36,99.99999999995723,85.54110347504528,65.11189703708169,112.42051370756118,94.11080484090898,71.69733514603647,134.59955521045052,112.00341530820089,85.18754717071127,173.49414295134432,149.72388769446857,119.05352120054722
37,99.99999999995723,85.5411050054993,65.11189940704293,112.42051093204863,94.11080349960831,71.69733587863522,134.59955061883235,112.0034101742596,85.18754569245888,173.49413525195516,149.7238822754343,119.05351733628594
38,99.99999999995723,85.5411051856336,65.11189900802847,112.42051135425842,94.11080399458358,71.6973361666055,134.59955240118606,112.00341146447535,85.18754616877291,173.4941386098007,149.72388447431652,119.05351870512087
39,99.99999999995723,85.54110562371979,65.11189969803418,112.42051085457716,94.11080382594864,71.69733650461168,134.5995519663577,112.00341112681781,85.18754613907764,173.49413830404364,149.72388388161855,119.05351849549454
40,99.99999999995723,85.54110558677111,65.11189926897265,112.42051112267944,94.11080418253086,71.69733642943768,134.59955245250208,112.00341161039982,85.18754634084476,173.49413913433904,149.72388475868064,119.05351912104673
41,99.99999999995723,85.54110571679114,65.11189970636921,112.4205112973289,94.11080423290642,71.69733661224367,134.59955304642975,112.00341180094455,85.18754676943026,173.49414016082048,149.7238850839348,119.05351944591682
42,99.99999999995723,85.54110542943029,65.1118995788007,112.4205113564366,94.11080396548367,71.69733618291042,134.5995530973424,112.00341162800628,85.1875461724358,173.49414085156212,149.7238851163988,119.0535191093847
43,99.99999999995723,85.54110607960943,65.11190101538747,112.42051158096248,94.1108046159814,71.69733787769728,134.59955305698773,112.00341227096247,85.18754763684635,173.49414110193385,149.72388605295035,119.05352114861253
44,99.99999999995723,85.54110602842857,65.11190047072837,112.42051129447992,94.11080427820971,71.69733724435233,134.59955306297692,112.00341154353997,85.18754638228864,173.49414000556658,149.72388538739722,119.05351970601055
45,99.99999999995723,85.5411057099067,65.11189996605513,112.42051105351008,94.11080389036064,71.69733645164516,134.59955229568422,112.00341112341401,85.18754587546199,173.4941389060791,149.72388405104903,119.05351839094907
46,99.99999999995723,85.54110562522875,65.11189969090442,112.42051103877141,94.11080395986038,71.69733644431129,134.59955231638472,112.0034113079,85.18754621861213,173.4941390716649,149.7238843711715,119.05351882734261
47,99.99999999995723,85.54110558455349,65.11189951260704,112.42051111156694,94.11080402847347,71.6973364112474,134.5995524894562,112.00341141709605,85.18754625431527,173.49413924938312,149.72388446159616,119.0535189395496
48,99.99999999995723,85.54110560163252,65.1118995994691,112.42051105535786,94.11080397888604,71.69733641663967,134.59955233842416,112.00341130051228,85.18754621430378,173.49413905455324,149.72388429067672,119.05351884485631
49,99.99999999995723,85.54110558513021,65.11189954534053,112.42051110711928,94.11080402554332,71.69733641785163,134.59955243121954,112.00341139199662,85.18754626140914,173.49413921462443,149.7238844337982,119.05351895058848
50,99.99999999995723,85.54110561053288,65.11189959501193,112.42051106787747,94.11080400164514,71.69733642978802,134.59955235252656,112.00341132079905,85.18754623991774,173.49413908754605,149.72388430713093,119.05351887304096
51,99.99999999995723,85.54110556169552,65.11189949893189,112.4205111160891,94.11080400139278,71.69733638464521,134.59955246507224,112.00341135990976,85.1875462355224,173.49413930890375,149.7238843973497,119.05351893715667
52,99.99999999995723,85.54110560063293,65.1118995948424,112.42051108620468,94.11080404250013,71.69733643510494,134.59955244943436,112.00341139942437,85.18754625865398,173.49413929648742,149.72388454306545,119.05351898726467
53,99.99999999995723,85.54110557151654,65.11189958539765,112.42051110179335,94.11080398993202,71.69733643029818,134.5995524135545,112.00341134256651,85.18754628506069,173.49413923756106,149.7238843644858,119.05351893630673
54,99.99999999995723,85.5411055949502,65.11189957061302,112.42051109759633,94.11080402068995,71.69733643241038,134.59955242656733,112.0034113727478,85.18754624515225,173.4941392050789,149.723884405805,119.0535189119226
55,99.99999999995723,85.54110559319821,65.11189957249393,112.42051108606276,94.11080400908776,71.69733642219668,134.5995523923816,112.0034113535345,85.18754624453975,173.4941391494896,149.72388437155493,119.05351890461489
56,99.99999999995723,85.54110559492726,65.11189956627317,112.42051108507737,94.1108040085513,71.69733641927232,134.59955239385573,112.00341135419238,85.18754624402335,173.49413914871883,149.72388436891768,119.05351890479074
57,99.99999999995723,85.54110559444999,65.11189956737671,112.42051108664309,94.11080400863818,71.69733642046677,134.5995523985627,112.00341135649141,85.18754624511315,173.49413915572734,149.72388437648175,119.0535189070808
58,99.99999999995723,85.54110559363198,65.111899566575,112.4205110871321,94.11080400792297,71.69733641904459,134.599552399765,112.00341135636131,85.18754624362178,173.49413915834126,149.72388437698095,119.05351890663756
59,99.99999999995723,85.54110559397901,65.11189956673277,112.42051108666072,94.11080400809621,71.69733641942058,134.59955239887532,112.00341135628692,85.18754624416961,173.49413915664903,149.72388437624437,119.05351890681389
60,99.99999999995723,85.54110559390749,65.11189956664565,112.4205110867714,94.11080400813852,71.69733641936921,134.5995523990742,112.0034113563821,85.18754624415413,173.49413915708956,149.72388437649155,119.0535189068479
61,99.99999999995723,85.5411055939088,65.11189956667202,112.42051108678032,94.11080400815182,71.69733641938653,134.59955239907953,112.00341135641258,85.18754624416606,173.4941391571029,149.72388437656699,119.05351890690797
62,99.99999999995723,85.54110559390857,65.11189956667178,112.4205110867741,94.11080400814598,71.6973364193821,134.59955239906708,112.00341135640174,85.18754624415968,173.4941391570913,149.72388437655087,119.05351890689457
63,99.99999999995723,85.54110559390783,65.11189956666958,112.4205110867749,94.11080400814643,71.69733641938159,134.59955239906716,112.00341135640227,85.18754624415817,173.494139157089,149.7238843765514,119.05351890689495
64,99.99999999995723,85.54110559390789,65.11189956667005,112.42051108677512,94.1108040081464,71.69733641938143,134.59955239906728,112.00341135640237,85.18754624415799,173.4941391570903,149.72388437655158,119.05351890689519
65,99.99999999995723,85.54110559390762,65.1118995666699,112.4205110867754,94.11080400814622,71.69733641938116,134.59955239906782,112.00341135640275,85.18754624415791,173.4941391570904,149.72388437655218,119.0535189068956
66,99.99999999995723,85.54110559390782,65.1118995666701,112.42051108677532,94.11080400814643,71.69733641938153,134.59955239906756,112.00341135640278,85.18754624415826,173.49413915708996,149.72388437655192,119.05351890689573
67,99.99999999995723,85.54110559390776,65.11189956667003,112.42051108677536,94.11080400814639,71.69733641938146,134.5995523990677,112.00341135640282,85.1875462441582,173.49413915709022,149.72388437655206,119.05351890689577
68,99.99999999995723,85.54110559390774,65.11189956667002,112.42051108677538,94.1108040081464,71.69733641938144,134.59955239906773,112.00341135640282,85.1875462441582,173.49413915709027,149.72388437655206,119.05351890689577
69,99.99999999995723,85.54110559390776,65.11189956667003,112.42051108677536,94.11080400814639,71.69733641938146,134.5995523990677,112.00341135640281,85.1875462441582,173.49413915709025,149.72388437655204,119.05351890689576
70,99.99999999995723,85.54110559390776,65.11189956667003,112.42051108677536,94.11080400814639,71.69733641938146,134.5995523990677,112.00341135640282,85.1875462441582,173.49413915709025,149.72388437655206,119.05351890689576
71,99.99999999995723,85.54110559390776,65.11189956667003,112.42051108677536,94.11080400814639,71.69733641938146,134.5995523990677,112.00341135640282,85.1875462441582,173.49413915709025,149.72388437655206,119.05351890689576
