level,count,region,pitch_group,n_all_2024,n_2024,coverage_2024,games_2024,PA_2024,pitchers_2024,batters_2024,action1_rate_all_2024,action1_rate_2024,action0_rate_all_2024,action0_rate_2024,observed_Y_2024,action0_2024,action1_2024,rows0_2024,ESS0_2024,games0_2024,max_game_share0_2024,rows1_2024,ESS1_2024,games1_2024,max_game_share1_2024,Q0_2024,Q1_2024,gcomp0_2024,gcomp1_2024,delta_2024,SE_2024,nominal95_low_2024,nominal95_high_2024,family95_low_2024,family95_high_2024,arithmetic_direction_2024,point_direction_2024,evidence_2024,large_point_difference_2024,support_gate_2024,recommendation_2024,unit_2024,game_year_2024,n_all_2025,n_2025,coverage_2025,games_2025,PA_2025,pitchers_2025,batters_2025,action1_rate_all_2025,action1_rate_2025,action0_rate_all_2025,action0_rate_2025,observed_Y_2025,action0_2025,action1_2025,rows0_2025,ESS0_2025,games0_2025,max_game_share0_2025,rows1_2025,ESS1_2025,games1_2025,max_game_share1_2025,Q0_2025,Q1_2025,gcomp0_2025,gcomp1_2025,delta_2025,SE_2025,nominal95_low_2025,nominal95_high_2025,family95_low_2025,family95_high_2025,arithmetic_direction_2025,point_direction_2025,evidence_2025,large_point_difference_2025,support_gate_2025,recommendation_2025,unit_2025,game_year_2025,difference_2025_minus_2024,SE_difference,df_difference,nominal95_difference_low,nominal95_difference_high,family255_difference_low,family255_difference_high
count,0-0,ALL,ALL,181462,179280,0.987975443894589,2429,179280,751,651,0.445509252625894,0.445833333333333,0.554490747374106,0.554166666666667,0.308536702365016,B,S,99351,98319.2211692916,2429,0.00068252930245726,79929,78514.320436644,2429,0.000737713863183869,0.321762629319537,0.291875740740071,0.323083911173425,0.292626575828738,-0.0298868885794668,0.00249814542504454,-0.0347856056438465,-0.0249881715150871,-0.0391074887476847,-0.0206662884112488,S,S,관찰상 방향 뚜렷,TRUE,TRUE,,W per selected current decision; not PA sum,2024,182005,179897,0.988417900607126,2430,179897,757,671,0.45744897118211,0.458256669093982,0.54255102881789,0.541743330906018,0.310685675692202,B,S,97458,96368.1594143167,2430,0.000669923397272184,82439,81040.5642440033,2430,0.000668877992500216,0.325400128714807,0.29324501361013,0.326793581547018,0.293236476825972,-0.0321551151046768,0.00243237368964542,-0.0369248566635008,-0.0273853735458527,-0.0411329476786956,-0.023177282530658,S,S,관찰상 방향 뚜렷,TRUE,TRUE,,W per selected current decision; not PA sum,2025,-0.00226822652521001,0.00348671368637436,4853.49303335132,-0.00910376441495663,0.00456731136453662,-0.0152627554734613,0.0107263024230413
count,0-1,ALL,ALL,92585,91570,0.989037101042286,2429,91570,750,647,0.361926878003996,0.362312984601944,0.638073121996004,0.637687015398056,0.262737119143824,B,S,58393,57970.4213042601,2429,0.000696471488650038,33177,32417.5018902078,2429,0.000922441620379121,0.262510148092556,0.263920526077086,0.265560913996963,0.261131692529807,0.00141037798453003,0.00349274232033368,-0.00543868541849208,0.00825944138755214,-0.0114812575878212,0.0143020135568813,B,B,차이 불명확,FALSE,TRUE,,W per selected current decision; not PA sum,2024,91975,91077,0.990236477303615,2430,91077,757,669,0.371851046480022,0.37198194933957,0.628148953519978,0.62801805066043,0.264210085971211,B,S,57198,56750.9120775099,2430,0.000680007848106853,33879,33120.6441215163,2430,0.000822285491142589,0.268512960764953,0.25795416534598,0.268866619361653,0.261384222250461,-0.0105587954189732,0.00337881452332721,-0.0171844517151574,-0.00393313912278891,-0.023029918264212,0.00191232742626567,S,S,차이 불명확,TRUE,TRUE,,W per selected current decision; not PA sum,2025,-0.0119691734035032,0.00485959221533009,4851.60199231978,-0.0214961758861169,-0.00244217092088948,-0.0300802476874285,0.00614190088042212
count,0-2,ALL,ALL,48655,48203,0.990710101736718,2429,39086,743,642,0.254239029904429,0.254175051345352,0.745760970095571,0.745824948654648,0.199543887309918,B,S,35951,35810.4821566275,2429,0.000883633020660759,12252,11865.4311867465,2393,0.00153008337035991,0.194757573164678,0.217279239721636,0.195963588502643,0.224748444848751,0.0225216665569582,0.00494651434514197,0.01282184124302,0.0322214918708963,0.0042641902124434,0.0407791429014729,B,B,관찰상 방향 뚜렷,TRUE,TRUE,,W per selected current decision; not PA sum,2024,47756,47360,0.991707848228495,2430,38558,755,663,0.253643521232934,0.253251689189189,0.746356478767066,0.746748310810811,0.20033676097973,B,S,35366,35217.6103517834,2430,0.000899665050307989,11994,11625.5432110753,2400,0.00126666483643153,0.192674269587078,0.225900878145993,0.198960331491511,0.22480649412499,0.0332266085589146,0.00472228324511878,0.0239664892184258,0.0424867278994034,0.0157967750911998,0.0506564420266294,B,B,관찰상 방향 뚜렷,TRUE,TRUE,,W per selected current decision; not PA sum,2025,0.0107049420019564,0.00683871063972039,4846.49208899375,-0.00270203280110831,0.0241119168050212,-0.014782072345191,0.0361919563491039
count,1-0,ALL,ALL,67765,66908,0.98735335350107,2429,66908,750,643,0.456312255589169,0.456925928140133,0.543687744410832,0.543074071859867,0.3492813863813,B,S,36336,35922.7884508439,2429,0.000881644346948647,30572,30044.7860533226,2429,0.000853262778440465,0.370698736933716,0.322833299235857,0.371606896998177,0.32318864002309,-0.0478654376978594,0.00413555201402066,-0.0559750133128785,-0.0397558620828403,-0.06312966980135,-0.0326012055943688,S,S,관찰상 방향 뚜렷,TRUE,TRUE,,W per selected current decision; not PA sum,2024,68710,67829,0.98717799446951,2430,67829,753,664,0.468985591616941,0.469504194371139,0.531014408383059,0.530495805628861,0.350408394639461,B,S,35983,35537.257813331,2430,0.000832984714673292,31846,31320.7826244073,2430,0.000806180022711453,0.373905890900704,0.322916692689424,0.375025194626054,0.323277448225125,-0.0509891982112799,0.00406492206087539,-0.0589602709825713,-0.0430181254399886,-0.0659927274158302,-0.0359856690067296,S,S,관찰상 방향 뚜렷,TRUE,TRUE,,W per selected current decision; not PA sum,2025,-0.00312376051342052,0.00579882590027169,4855.52479448854,-0.0144920842662325,0.00824456323939145,-0.024735224385169,0.018487703358328
count,1-1,ALL,ALL,71274,70479,0.988845862446334,2429,70479,749,645,0.405000420910851,0.405482484144213,0.594999579089149,0.594517515855787,0.290726443337732,B,S,41901,41510.1719227461,2429,0.000787507025864994,28578,28006.4332766153,2429,0.000872320113925185,0.300206511284616,0.277588936891399,0.300966220494602,0.279655151356132,-0.0226175743932162,0.00386294167151222,-0.0301925770712941,-0.0150425717151384,-0.0368756076802602,-0.00835954110617226,S,S,관찰상 방향 뚜렷,TRUE,TRUE,,W per selected current decision; not PA sum,2024,71237,70491,0.989527913864986,2430,70491,756,664,0.421255808077263,0.421216892936687,0.578744191922737,0.578783107063313,0.292969031507568,B,S,40799,40392.0815223861,2430,0.000828009923066614,29692,29125.4622579322,2430,0.000919953237990132,0.30186528782306,0.28168780786539,0.3045580095417,0.280019760567178,-0.0201774799576704,0.00390269428881756,-0.0278304336218222,-0.0125245262935185,-0.034582230371531,-0.00577272954380977,S,S,관찰상 방향 뚜렷,TRUE,TRUE,,W per selected current decision; not PA sum,2025,0.00244009443554586,0.00549120579376469,4856.51124278058,-0.0083251541111244,0.0132053429822161,-0.0180249064458534,0.0229050953169451
count,1-2,ALL,ALL,69991,69331,0.990570216170651,2429,54219,745,647,0.301410181309026,0.301495723413769,0.698589818690975,0.698504276586231,0.226273225541244,B,S,48428,48174.5064806176,2429,0.000880592877890078,20903,20323.4960541491,2429,0.00103019480323596,0.219591336283322,0.244259859749701,0.219369551907088,0.241657276729603,0.0246685234663789,0.00406992805514888,0.0166876325964249,0.032649414336333,0.0096465079609079,0.03969053897185,B,B,관찰상 방향 뚜렷,TRUE,TRUE,,W per selected current decision; not PA sum,2024,69512,68934,0.991684888940039,2430,54000,756,660,0.305645068477385,0.305567644413497,0.694354931522615,0.694432355586503,0.22189820698059,B,S,47870,47603.0069097789,2430,0.000833825377393665,21064,20503.1990952973,2430,0.00102989796842423,0.217398898844906,0.235458538613611,0.222519037636499,0.241882404600419,0.0180596397687041,0.00389734448213006,0.0104171767604074,0.0257021027770009,0.00367463536218942,0.0324446441752188,B,B,관찰상 방향 뚜렷,TRUE,TRUE,,W per selected current decision; not PA sum,2025,-0.00660888369767482,0.00563503401821831,4847.82303890188,-0.0176561055930715,0.00443833819772181,-0.0276099422561357,0.0143921748607861
count,2-0,ALL,ALL,22482,22141,0.984832310292679,2428,22141,740,619,0.487856952228449,0.489137798654081,0.512143047771551,0.510862201345919,0.419301115577435,B,S,11311,11177.9841693685,2393,0.0013076974528736,10830,10669.3714276884,2401,0.00125538000898056,0.464032124923479,0.371536537351432,0.460006551142433,0.370828851100496,-0.0924955875720471,0.0068442203780115,-0.105916706179443,-0.079074468964651,-0.117757471057626,-0.0672337040864685,S,S,관찰상 방향 뚜렷,TRUE,TRUE,,W per selected current decision; not PA sum,2024,23139,22822,0.986300185833441,2430,22822,747,633,0.506504170448161,0.506791692226799,0.493495829551839,0.493208307773201,0.422384453597406,B,S,11256,11113.9242624831,2407,0.00135964419398051,11566,11402.0928933381,2418,0.00127506493169946,0.469197863193496,0.375034650879851,0.463192505474748,0.370797459713031,-0.0941632123136452,0.00663682060962046,-0.107177626675602,-0.0811487979516885,-0.118659556979195,-0.069666867648095,S,S,관찰상 방향 뚜렷,TRUE,TRUE,,W per selected current decision; not PA sum,2025,-0.00166762474159805,0.00953366353439594,4851.28552695486,-0.0203579250002431,0.017022675517047,-0.0371983626005277,0.0338631131173316
count,2-1,ALL,ALL,36333,35909,0.98833016816668,2429,35909,747,631,0.468169432747089,0.468879668049793,0.531830567252911,0.531120331950207,0.347952964437885,B,S,19072,18834.5015225081,2428,0.00100598732554525,16837,16560.0955550151,2427,0.001268980158651,0.375917102713,0.31750031242999,0.379857131106502,0.314916698095243,-0.05841679028301,0.00545012185095977,-0.0691041604603363,-0.0477294201056837,-0.0785330709254277,-0.0383005096405923,S,S,관찰상 방향 뚜렷,TRUE,TRUE,,W per selected current decision; not PA sum,2024,36588,36177,0.988766808789767,2430,36177,753,649,0.483792500273314,0.484451447051994,0.516207499726686,0.515548552948006,0.350847002238992,B,S,18651,18403.3662440277,2428,0.000954455704723848,17526,17253.8801352433,2428,0.0010492422026969,0.388255370658904,0.312900366315666,0.383384516501743,0.315072164954351,-0.0753550043432372,0.00535082850799781,-0.0858476639281459,-0.0648623447583286,-0.0951047832039411,-0.0556052254825334,S,S,관찰상 방향 뚜렷,TRUE,TRUE,,W per selected current decision; not PA sum,2025,-0.0169382140602273,0.00763774796077425,4855.32199110857,-0.0319116576431212,-0.0019647704773333,-0.0454031002692229,0.0115266721487684
count,2-2,ALL,ALL,59224,58630,0.989970282317979,2429,43906,746,642,0.378579629879778,0.37866280061402,0.621420370120222,0.62133719938598,0.266302029677639,B,S,36429,36124.8265381656,2429,0.000905385629720037,22201,21703.9726629504,2429,0.00114562119463301,0.272940034258529,0.258356774389261,0.272778290578746,0.258481084888918,-0.0145832598692686,0.00421921672827203,-0.0228568970954657,-0.00630962264307154,-0.0301562966046137,0.000989776866076533,S,S,차이 불명확,TRUE,TRUE,,W per selected current decision; not PA sum,2024,59360,58830,0.991071428571429,2430,44197,754,657,0.387348382749326,0.387353391126976,0.612651617250674,0.612646608873024,0.26483722590515,B,S,36042,35720.4672027557,2430,0.00090538303267293,22788,22303.1999205488,2430,0.000998135515962052,0.271536503157087,0.255956063109067,0.276044011290266,0.258685079621689,-0.0155804400480204,0.00422133151980034,-0.023858222557048,-0.00730265753899287,-0.0311612727899338,3.92693892924123e-07,S,S,차이 불명확,TRUE,TRUE,,W per selected current decision; not PA sum,2025,-0.000997180178751819,0.00596836909047944,4856.99957670486,-0.0126978844466315,0.0107035240891279,-0.0232405041188139,0.0212461437613103
count,3-0,ALL,ALL,6833,6701,0.980681984487048,2240,6701,684,578,0.540172691350798,0.540068646470676,0.459827308649202,0.459931353529324,0.541965975227578,B,S,3082,3062.74908593292,1702,0.00261140466903181,3619,3597.02269305197,1848,0.00195466389890713,0.621485182780312,0.474177138903399,0.581405024846782,0.44351910134151,-0.147308043876913,0.00955202490209013,-0.166039794631427,-0.128576293122399,-0.182568833401692,-0.112047254352134,S,S,관찰상 방향 뚜렷,TRUE,TRUE,,W per selected current decision; not PA sum,2024,7136,7028,0.984865470852018,2261,7028,710,571,0.531390134529148,0.532868525896414,0.468609865470852,0.467131474103586,0.546766647694935,B,S,3283,3260.65338855826,1761,0.00232341151773129,3745,3720.6816507781,1874,0.002112263140334,0.641394834944063,0.46544005311006,0.584772463275995,0.44322869159152,-0.175954781834003,0.00881172881558563,-0.193234707299252,-0.158674856368755,-0.208482315149069,-0.143427248518938,S,S,관찰상 방향 뚜렷,TRUE,TRUE,,W per selected current decision; not PA sum,2025,-0.0286467379570907,0.0129956817616304,4466.60443204227,-0.054124710177583,-0.00316876573659842,-0.0770831706493435,0.0197896947351622
count,3-1,ALL,ALL,14947,14717,0.984612296781963,2425,14717,727,608,0.516090185321469,0.51756472107087,0.483909814678531,0.48243527892913,0.463348440578922,B,S,7100,7016.09043119951,2268,0.00160996695991728,7617,7523.27319983517,2320,0.00148653731756303,0.539463067281832,0.392473230223263,0.528865719697734,0.392120569562212,-0.146989837058569,0.00741596637770933,-0.161532125340907,-0.13244754877623,-0.174362074787576,-0.119617599329562,S,S,관찰상 방향 뚜렷,TRUE,TRUE,,W per selected current decision; not PA sum,2024,14920,14732,0.987399463806971,2423,14732,736,614,0.534651474530831,0.536179744773283,0.465348525469169,0.463820255226717,0.474171870757535,B,S,6833,6745.4711008652,2270,0.00136116046809181,7899,7805.70926967471,2331,0.00148294165747161,0.554747581120044,0.405917006018212,0.5326742659404,0.392696927751306,-0.148830575101832,0.0071903032383552,-0.162930356619021,-0.134730793584643,-0.175369926048031,-0.122291224155633,S,S,관찰상 방향 뚜렷,TRUE,TRUE,,W per selected current decision; not PA sum,2025,-0.00184073804326351,0.0103294248617634,4841.50227219951,-0.0220911012771155,0.0184096251905885,-0.0403372356647777,0.0366557595782506
count,3-2,ALL,ALL,35888,35455,0.98793468568881,2429,25313,737,624,0.486290682122158,0.48644760964603,0.513709317877842,0.51355239035397,0.37330619094627,B,S,18208,17959.8070503135,2427,0.00134123976824412,17247,16975.4700558776,2417,0.00110885744335764,0.43292874998724,0.312493750978001,0.428956206869305,0.316395144603243,-0.120434999009239,0.00510612513478818,-0.130447811746191,-0.110422186272287,-0.13928159529013,-0.101588402728348,S,S,관찰상 방향 뚜렷,TRUE,TRUE,,W per selected current decision; not PA sum,2024,35789,35492,0.991701360753304,2430,25491,749,639,0.504233144262203,0.504902513242421,0.495766855737797,0.495097486757579,0.37585424884481,B,S,17572,17315.1361017926,2423,0.00141899843743795,17920,17660.8698370369,2418,0.00117991537268513,0.436896061671983,0.318187470374691,0.432481946203641,0.31663277674043,-0.118708591297292,0.00518386555134001,-0.128873846356924,-0.108543336237661,-0.13784211391525,-0.0995750686793353,S,S,관찰상 방향 뚜렷,TRUE,TRUE,,W per selected current decision; not PA sum,2025,0.00172640771194631,0.00727632984041304,4855.92147962135,-0.0125384923032984,0.015991307727191,-0.0253915179387575,0.0288443333626501
overall,ALL,ALL,ALL,707439,699324,0.988529046320602,2429,179592,751,651,0.405493618531068,0.405766139872219,0.594506381468932,0.594233860127781,0.299743109059606,B,S,415562,405970.580770404,2429,0.000672887990461111,283762,268496.674530824,2429,0.000639363150486445,0.313911386152301,0.285811755813772,0.31412700321675,0.285890078936242,-0.0280996303385296,0.00123143191584986,-0.0305143963002382,-0.0256848643768211,-0.0326448186276508,-0.0235544420494084,S,S,관찰상 방향 뚜렷,TRUE,TRUE,,W per selected current decision; not PA sum,2024,708127,700669,0.989467990911235,2430,180135,757,672,0.416987348314638,0.417255508663863,0.583012651685362,0.582744491336137,0.301482316186388,B,S,408311,398166.759654017,2430,0.000628553335857753,292358,277162.198501596,2430,0.000594402222314713,0.317782804157491,0.286037843981733,0.318170147156452,0.286530403039427,-0.0317449601757581,0.001144609888241,-0.0339894727586006,-0.0295004475929157,-0.0359696876438028,-0.0275202327077135,S,S,관찰상 방향 뚜렷,TRUE,TRUE,,W per selected current decision; not PA sum,2025,-0.00364532983722849,0.00168123655671435,4831.12099998693,-0.00694131869478733,-0.000349340979669655,-0.00991110230895858,0.0026204426345016
