year,count,N,value,index,SE,CI95_low,CI95_high,simultaneous95_low,simultaneous95_high
2023,0-0,183534,0.317712451099266,100,0,100,100,100,100
2023,0-1,93009,0.269185121869983,84.7260222061235,0.372894132192981,84.0005352445651,85.4441667501872,83.7026185855856,85.7494258266615
2023,0-2,39523,0.202219897274982,63.6487164967294,0.672475499757869,62.3514618861561,64.991652552487,61.8031152878074,65.4943177056514
2023,1-0,70067,0.359022378580553,113.002300457019,0.475221614199064,112.052445374615,113.917550982964,111.69806024903,114.306540665008
2023,1-1,72473,0.300500945179619,94.5826781858577,0.470522010304847,93.6635387804911,95.499433157982,93.2913359862449,95.8740203854705
2023,1-2,54805,0.223909223610972,70.475432371712,0.526781338177992,69.4491410676982,71.5155817436677,69.0296870993133,71.9211776441106
2023,2-0,23715,0.424480961416789,133.605390644311,0.955559362537066,131.729471593388,135.440056915799,130.982869057532,136.22791223109
2023,2-1,37424,0.355927185763126,112.028088459121,0.731308076412344,110.611176677395,113.554243058498,110.02102192598,114.035154992261
2023,2-2,44754,0.270193613978622,85.0434451164152,0.610414588194112,83.8862315857092,86.2687142021982,83.3681693594244,86.7187208734061
2023,3-0,7328,0.551745633187731,173.66194849422,1.49470331628583,170.816064220915,176.570133673511,169.559752580004,177.764144408436
2023,3-1,15579,0.475543167083847,149.67722084498,1.14237418002889,147.429696053931,151.744365629055,146.541988158493,152.812453531467
2023,3-2,26119,0.373232283012332,117.474868146014,0.816984688382678,115.866283430153,119.044975910705,115.232663145099,119.717073146929
