fit_id,n,features,alpha,iterations,solver_info,relative_gradient,converged,loss,intercept,slope
outer0/inner0/tune/p/100,285851,1714.0,100.0,144,0.0,1.2047282800314223e-09,True,,,
outer0/inner0/tune/p/1000,285851,1714.0,1000.0,74,0.0,9.507783993351064e-10,True,,,
outer0/inner0/tune/m0/100,128219,1706.0,100.0,106,0.0,1.1913806299560444e-09,True,,,
outer0/inner0/tune/m0/1000,128219,1706.0,1000.0,56,0.0,1.526022661854902e-09,True,,,
outer0/inner0/tune/m1/100,157632,1689.0,100.0,121,0.0,5.47458995423721e-10,True,,,
outer0/inner0/tune/m1/1000,157632,1689.0,1000.0,63,0.0,2.0363169720258598e-10,True,,,
outer0/inner0/prop,382860,1790.0,100.0,154,0.0,7.632578078821365e-10,True,,,
outer0/inner0/calibrator,99457,,,12,,,True,0.6443672982777707,-2.270519723734375,4.535384417479384
outer0/inner0/m0,216158,1825.0,1000.0,66,0.0,9.97272740117267e-10,True,,,
outer0/inner0/m1,266159,1787.0,1000.0,72,0.0,2.6758503162911344e-10,True,,,
outer0/inner1/tune/p/100,280545,1733.0,100.0,143,0.0,8.981873282901974e-10,True,,,
outer0/inner1/tune/p/1000,280545,1733.0,1000.0,73,0.0,9.09916203976524e-10,True,,,
outer0/inner1/tune/m0/100,123886,1725.0,100.0,105,0.0,5.018600484907507e-10,True,,,
outer0/inner1/tune/m0/1000,123886,1725.0,1000.0,56,0.0,5.913228734682576e-10,True,,,
outer0/inner1/tune/m1/100,156659,1699.0,100.0,120,0.0,8.357272946831928e-10,True,,,
outer0/inner1/tune/m1/1000,156659,1699.0,1000.0,60,0.0,5.90275838303814e-10,True,,,
outer0/inner1/prop,374792,1788.0,100.0,152,0.0,9.87505758872654e-10,True,,,
outer0/inner1/calibrator,95611,,,10,,,True,0.6441289054691727,-2.3446584324396254,4.6333755648536705
outer0/inner1/m0,208348,1829.0,1000.0,66,0.0,7.671256732452529e-10,True,,,
outer0/inner1/m1,262055,1790.0,1000.0,71,0.0,2.728166096996985e-10,True,,,
outer0/evaluation_nuisance/tune/p/100,565789,1854.0,100.0,165,0.0,1.307706699629505e-09,True,,,
outer0/evaluation_nuisance/tune/p/1000,565789,1854.0,1000.0,86,0.0,1.1308920214031685e-09,True,,,
outer0/evaluation_nuisance/tune/m0/100,252910,1850.0,100.0,118,0.0,6.506837121861721e-10,True,,,
outer0/evaluation_nuisance/tune/m0/1000,252910,1850.0,1000.0,69,0.0,9.556873019383927e-10,True,,,
outer0/evaluation_nuisance/tune/m1/100,312879,1807.0,100.0,132,0.0,3.7199796640237543e-10,True,,,
outer0/evaluation_nuisance/tune/m1/1000,312879,1807.0,1000.0,74,0.0,4.73157843613819e-10,True,,,
outer0/evaluation_nuisance/prop,762648,1905.0,100.0,176,0.0,5.536665245995886e-10,True,,,
outer0/evaluation_nuisance/calibrator,190072,,,12,,,True,0.6413353764816923,-2.2963808961255308,4.587487209756934
outer0/evaluation_nuisance/m0,424506,1937.0,1000.0,78,0.0,7.852266635132425e-10,True,,,
outer0/evaluation_nuisance/m1,528214,1873.0,1000.0,89,0.0,3.653745902916879e-10,True,,,
outer1/inner0/tune/p/100,281078,1746.0,100.0,141,0.0,7.091615085086598e-10,True,,,
outer1/inner0/tune/p/1000,281078,1746.0,1000.0,73,0.0,5.200692204936159e-10,True,,,
outer1/inner0/tune/m0/100,126437,1739.0,100.0,105,0.0,8.202424943420201e-10,True,,,
outer1/inner0/tune/m0/1000,126437,1739.0,1000.0,53,0.0,1.3715149383544262e-09,True,,,
outer1/inner0/tune/m1/100,154641,1715.0,100.0,125,0.0,1.0273206654957964e-09,True,,,
outer1/inner0/tune/m1/1000,154641,1715.0,1000.0,59,0.0,3.4585398083784865e-10,True,,,
outer1/inner0/prop,370773,1810.0,100.0,150,0.0,9.219612933248312e-10,True,,,
outer1/inner0/calibrator,96208,,,11,,,True,0.6449630098540373,-2.3153609247134286,4.639716614566059
outer1/inner0/m0,209460,1843.0,1000.0,68,0.0,2.0753817423388308e-10,True,,,
outer1/inner0/m1,257521,1809.0,1000.0,71,0.0,3.4091691421282857e-10,True,,,
outer1/inner1/tune/p/100,281713,1739.0,100.0,143,0.0,1.4876215234438151e-09,True,,,
outer1/inner1/tune/p/1000,281713,1739.0,1000.0,73,0.0,9.129251857653116e-10,True,,,
outer1/inner1/tune/m0/100,125720,1731.0,100.0,111,0.0,9.995503777523898e-10,True,,,
outer1/inner1/tune/m0/1000,125720,1731.0,1000.0,59,0.0,1.3174443997657984e-09,True,,,
outer1/inner1/tune/m1/100,155993,1707.0,100.0,119,0.0,5.11871405507227e-10,True,,,
outer1/inner1/tune/m1/1000,155993,1707.0,1000.0,63,0.0,2.672763191600744e-10,True,,,
outer1/inner1/prop,368996,1791.0,100.0,152,0.0,1.2818293037138105e-09,True,,,
outer1/inner1/calibrator,91898,,,7,,,True,0.6415160787467037,-2.391734253033189,4.705720896579495
outer1/inner1/m0,205218,1819.0,1000.0,67,0.0,2.1250309753625138e-10,True,,,
outer1/inner1/m1,255676,1789.0,1000.0,71,0.0,2.736007462413061e-10,True,,,
outer1/evaluation_nuisance/tune/p/100,551426,1852.0,100.0,162,0.0,6.059677385426594e-10,True,,,
outer1/evaluation_nuisance/tune/p/1000,551426,1852.0,1000.0,85,0.0,5.132409308022894e-10,True,,,
outer1/evaluation_nuisance/tune/m0/100,247225,1847.0,100.0,114,0.0,1.1863824823777742e-09,True,,,
outer1/evaluation_nuisance/tune/m0/1000,247225,1847.0,1000.0,65,0.0,9.707419849694453e-10,True,,,
outer1/evaluation_nuisance/tune/m1/100,304201,1817.0,100.0,131,0.0,7.31589323927919e-10,True,,,
outer1/evaluation_nuisance/tune/m1/1000,304201,1817.0,1000.0,73,0.0,5.577922883118216e-10,True,,,
outer1/evaluation_nuisance/prop,743194,1901.0,100.0,171,0.0,1.0540547564657006e-09,True,,,
outer1/evaluation_nuisance/calibrator,184681,,,11,,,True,0.642694290077151,-2.2607617411876015,4.534657698883883
outer1/evaluation_nuisance/m0,414678,1927.0,1000.0,72,0.0,1.0372645550169588e-09,True,,,
outer1/evaluation_nuisance/m1,513197,1881.0,1000.0,85,0.0,3.5968483903442803e-10,True,,,
outer2/inner0/tune/p/100,281886,1739.0,100.0,141,0.0,1.0674394588267066e-09,True,,,
outer2/inner0/tune/p/1000,281886,1739.0,1000.0,74,0.0,5.101370115868109e-10,True,,,
outer2/inner0/tune/m0/100,126184,1736.0,100.0,104,0.0,7.132690814802934e-10,True,,,
outer2/inner0/tune/m0/1000,126184,1736.0,1000.0,56,0.0,5.112651793334781e-10,True,,,
outer2/inner0/tune/m1/100,155702,1704.0,100.0,125,0.0,6.289423588081888e-10,True,,,
outer2/inner0/tune/m1/1000,155702,1704.0,1000.0,60,0.0,2.7777915917513226e-10,True,,,
outer2/inner0/prop,379898,1813.0,100.0,152,0.0,8.50889131198605e-10,True,,,
outer2/inner0/calibrator,92084,,,12,,,True,0.6447921668148903,-2.280178169414108,4.548471079660161
outer2/inner0/m0,210408,1857.0,1000.0,62,0.0,1.1733019911324721e-09,True,,,
outer2/inner0/m1,261574,1816.0,1000.0,67,0.0,4.0959539604075707e-10,True,,,
outer2/inner1/tune/p/100,276555,1723.0,100.0,143,0.0,8.129030386691616e-10,True,,,
outer2/inner1/tune/p/1000,276555,1723.0,1000.0,73,0.0,8.222980682688738e-10,True,,,
outer2/inner1/tune/m0/100,124673,1712.0,100.0,111,0.0,6.215964329684113e-10,True,,,
outer2/inner1/tune/m0/1000,124673,1712.0,1000.0,59,0.0,8.136404707570605e-10,True,,,
outer2/inner1/tune/m1/100,151882,1695.0,100.0,127,0.0,5.112392142232338e-10,True,,,
outer2/inner1/tune/m1/1000,151882,1695.0,1000.0,60,0.0,3.148219908072515e-10,True,,,
outer2/inner1/prop,378050,1790.0,100.0,150,0.0,1.040404816169792e-09,True,,,
outer2/inner1/calibrator,96637,,,12,,,True,0.644717693536054,-2.3054931203878013,4.604576013342684
outer2/inner1/m0,213336,1818.0,1000.0,63,0.0,1.0659427705268856e-09,True,,,
outer2/inner1/m1,261351,1786.0,1000.0,71,0.0,3.625394573202079e-10,True,,,
outer2/evaluation_nuisance/tune/p/100,568648,1871.0,100.0,160,0.0,1.0418843325020908e-09,True,,,
outer2/evaluation_nuisance/tune/p/1000,568648,1871.0,1000.0,86,0.0,1.139856851755147e-09,True,,,
outer2/evaluation_nuisance/tune/m0/100,254200,1862.0,100.0,124,0.0,6.559019577270349e-10,True,,,
outer2/evaluation_nuisance/tune/m0/1000,254200,1862.0,1000.0,69,0.0,8.827773480999464e-10,True,,,
outer2/evaluation_nuisance/tune/m1/100,314448,1822.0,100.0,139,0.0,6.855260184150664e-10,True,,,
outer2/evaluation_nuisance/tune/m1/1000,314448,1822.0,1000.0,75,0.0,5.127078206852845e-10,True,,,
outer2/evaluation_nuisance/prop,758791,1917.0,100.0,172,0.0,8.10957333101638e-10,True,,,
outer2/evaluation_nuisance/calibrator,187878,,,10,,,True,0.6421142764488477,-2.228695334016127,4.465350945252749
outer2/evaluation_nuisance/m0,423744,1949.0,1000.0,78,0.0,5.414889003632481e-10,True,,,
outer2/evaluation_nuisance/m1,522925,1893.0,1000.0,89,0.0,2.2839535461513578e-10,True,,,
