fit_id,target,alpha,loss,metric
outer0/inner0,p,100,0.22923197191730754,Brier
outer0/inner0,p,1000,0.2329620162173532,Brier
outer0/inner0,m0,100,0.2365451519465212,MSE
outer0/inner0,m0,1000,0.23244014816962932,MSE
outer0/inner0,m1,100,0.23836284693606072,MSE
outer0/inner0,m1,1000,0.23450812964610596,MSE
outer0/inner1,p,100,0.22772261580005465,Brier
outer0/inner1,p,1000,0.23201005631666158,Brier
outer0/inner1,m0,100,0.23294061312951866,MSE
outer0/inner1,m0,1000,0.2299929734773297,MSE
outer0/inner1,m1,100,0.24014553217228543,MSE
outer0/inner1,m1,1000,0.236115811786697,MSE
outer0/evaluation_nuisance,p,100,0.2253477867256042,Brier
outer0/evaluation_nuisance,p,1000,0.22886894791375306,Brier
outer0/evaluation_nuisance,m0,100,0.23455566400315875,MSE
outer0/evaluation_nuisance,m0,1000,0.23121041837590192,MSE
outer0/evaluation_nuisance,m1,100,0.23988993622684557,MSE
outer0/evaluation_nuisance,m1,1000,0.23652115084511185,MSE
outer1/inner0,p,100,0.22781968451795523,Brier
outer1/inner0,p,1000,0.23171132570163377,Brier
outer1/inner0,m0,100,0.23032308527557716,MSE
outer1/inner0,m0,1000,0.22608276964167184,MSE
outer1/inner0,m1,100,0.23178515910988456,MSE
outer1/inner0,m1,1000,0.22804762270171483,MSE
outer1/inner1,p,100,0.22736898962726634,Brier
outer1/inner1,p,1000,0.23172705708609953,Brier
outer1/inner1,m0,100,0.2315683853295532,MSE
outer1/inner1,m0,1000,0.22784189086455764,MSE
outer1/inner1,m1,100,0.2353804083511501,MSE
outer1/inner1,m1,1000,0.23215112873674085,MSE
outer1/evaluation_nuisance,p,100,0.22547779887313854,Brier
outer1/evaluation_nuisance,p,1000,0.22905804946930577,Brier
outer1/evaluation_nuisance,m0,100,0.24186591684178071,MSE
outer1/evaluation_nuisance,m0,1000,0.23967949829971794,MSE
outer1/evaluation_nuisance,m1,100,0.24445650607753017,MSE
outer1/evaluation_nuisance,m1,1000,0.24167200983501208,MSE
outer2/inner0,p,100,0.2263485500472589,Brier
outer2/inner0,p,1000,0.23127083956462643,Brier
outer2/inner0,m0,100,0.2328117157703356,MSE
outer2/inner0,m0,1000,0.22905786473931647,MSE
outer2/inner0,m1,100,0.23497895158032525,MSE
outer2/inner0,m1,1000,0.23096908408440953,MSE
outer2/inner1,p,100,0.2292570705684676,Brier
outer2/inner1,p,1000,0.23292223204374224,Brier
outer2/inner1,m0,100,0.234218036683162,MSE
outer2/inner1,m0,1000,0.2313857098599757,MSE
outer2/inner1,m1,100,0.23552117807244455,MSE
outer2/inner1,m1,1000,0.23229900488713762,MSE
outer2/evaluation_nuisance,p,100,0.22724972931557397,Brier
outer2/evaluation_nuisance,p,1000,0.2303884886813452,Brier
outer2/evaluation_nuisance,m0,100,0.24115405643382032,MSE
outer2/evaluation_nuisance,m0,1000,0.23918525330452578,MSE
outer2/evaluation_nuisance,m1,100,0.24322430995266223,MSE
outer2/evaluation_nuisance,m1,1000,0.24069362683414366,MSE
