outer_fold,game_pk
0,824253
0,824172
0,824329
0,823835
0,823308
0,824229
0,825098
0,824193
0,823557
0,824656
0,824246
0,823693
0,822867
0,823776
0,825083
0,823855
0,823381
0,824036
0,823887
0,823421
0,823402
0,822959
0,825017
0,824964
0,823618
0,824679
0,823125
0,823280
0,824764
0,824510
0,823219
0,824508
0,824349
0,823419
0,823320
0,822817
0,824048
0,823076
0,823318
0,824518
0,824861
0,824727
0,824750
0,824377
0,823675
0,824490
0,823192
0,825102
0,822962
0,823850
0,824424
0,823783
0,823225
0,824670
0,824887
0,825002
0,824813
0,824249
0,823553
0,822795
0,822902
0,822973
0,823386
0,823039
0,824111
0,823446
0,822715
0,824681
0,823404
0,823581
0,823158
0,823258
0,824690
0,824929
0,824427
0,824054
0,824509
0,823153
0,823875
0,822931
0,824572
0,822835
0,825082
0,823101
0,823960
0,823310
0,823513
0,825008
0,824376
0,823017
0,822799
0,823469
0,824029
0,823278
0,823807
0,823871
0,824482
0,823971
0,824598
0,825051
0,824175
0,825075
0,822838
0,824846
0,824725
0,824935
0,822940
0,822731
0,823989
0,823068
0,824232
0,823577
0,824845
0,823530
0,823463
0,823515
0,822858
0,824486
0,823643
0,824188
0,822951
0,823717
0,824768
0,823865
0,823695
0,824639
0,824239
0,824585
0,824163
0,823606
0,823634
0,823635
0,825056
0,823773
0,823633
0,823399
0,823622
0,825078
0,823339
0,824877
0,823803
0,823294
0,823265
0,823747
0,822936
0,824881
0,823359
0,823589
0,824073
0,823418
0,825005
0,824242
0,822869
0,824890
0,824817
0,824659
0,824149
0,822907
0,823748
0,824250
0,824271
0,824862
0,822803
0,824581
0,822745
0,824004
0,822861
0,823340
0,823609
0,824473
0,822828
0,822737
0,823154
0,823080
0,823805
0,823764
0,824607
0,822872
0,823346
0,824604
0,823689
0,823238
0,824940
0,823134
0,823956
0,823235
0,823839
0,824802
0,823682
0,823403
0,823185
0,824962
0,823757
0,823663
0,824993
0,824310
0,823014
0,823160
0,824584
0,822946
0,824362
0,822690
0,825105
0,823449
0,823712
0,822886
0,824017
0,824541
0,825040
0,824839
0,823390
0,823924
0,824942
0,823984
0,824577
0,822860
0,824118
0,824657
0,823114
0,824197
0,823600
0,822730
0,824169
0,824966
0,824840
0,822688
0,822999
0,824062
0,824654
0,823586
0,822956
0,822879
0,823929
0,825015
0,824278
0,824808
0,822898
0,823820
0,823886
0,824600
0,823649
0,822949
0,824110
0,824587
0,824022
0,824715
0,824050
0,824412
0,823824
0,824316
0,823944
0,824532
0,824704
0,824921
0,823264
0,822883
0,824502
0,824347
0,824597
0,825099
0,824742
0,823383
0,824107
0,824216
0,824554
0,824203
0,824558
0,824406
0,824247
0,824374
0,823218
0,824588
0,823943
0,823151
0,823290
0,824442
0,823607
0,824407
0,823044
0,824688
0,823551
0,824275
0,823456
0,823991
0,823563
0,822771
0,824741
0,824097
0,824315
1,824218
1,824856
1,824673
1,823993
1,823224
1,822804
1,824432
1,824146
1,823394
1,822984
1,824399
1,823777
1,823277
1,823357
1,822947
1,823207
1,824479
1,822944
1,824531
1,823689
1,823308
1,824676
1,823562
1,823128
1,824597
1,824003
1,823307
1,824929
1,825000
1,824569
1,823093
1,823094
1,824846
1,823113
1,823191
1,823512
1,822749
1,823159
1,824423
1,824522
1,823119
1,824524
1,824611
1,823391
1,824196
1,824157
1,823850
1,824237
1,824648
1,824257
1,823350
1,822831
1,823282
1,823946
1,823099
1,822900
1,824238
1,823970
1,823720
1,824100
1,824773
1,823481
1,823685
1,823834
1,824185
1,824776
1,824615
1,823766
1,823273
1,822756
1,823095
1,825096
1,823285
1,824717
1,822853
1,824350
1,824679
1,824012
1,824663
1,822888
1,824593
1,824889
1,823378
1,823230
1,824325
1,824491
1,822728
1,823518
1,823698
1,822915
1,823533
1,822694
1,823429
1,823618
1,823794
1,824410
1,822812
1,823592
1,824273
1,823404
1,823644
1,824359
1,823758
1,825076
1,823108
1,823064
1,824818
1,823097
1,823345
1,823718
1,824285
1,823940
1,823152
1,823291
1,824620
1,822795
1,824892
1,823969
1,824662
1,823212
1,824664
1,824944
1,822871
1,824933
1,823284
1,824168
1,823601
1,823343
1,823464
1,823973
1,824583
1,824045
1,823447
1,823798
1,823959
1,823806
1,823809
1,823102
1,823231
1,825097
1,824921
1,825085
1,824276
1,823322
1,824832
1,823508
1,825088
1,824322
1,824192
1,822838
1,824047
1,824726
1,822946
1,822898
1,823315
1,824674
1,823114
1,823073
1,823176
1,825083
1,824052
1,824657
1,824887
1,823722
1,824742
1,824686
1,823071
1,822780
1,822816
1,824277
1,824643
1,824094
1,822979
1,824685
1,823242
1,822793
1,825051
1,824704
1,824529
1,823474
1,823974
1,823392
1,824208
1,824421
1,822884
1,823027
1,823214
1,825003
1,823178
1,824681
1,824235
1,825077
1,824005
1,824515
1,825059
1,822727
1,824010
1,823148
1,824496
1,824334
1,824066
1,824562
1,823441
1,823124
1,824600
1,823701
1,823879
1,823054
1,824085
1,824078
1,824439
1,824993
1,825008
1,824173
1,822835
1,822730
1,824756
1,822892
1,824197
1,822802
1,823066
1,823243
1,823756
1,822980
1,823336
1,822956
1,823703
1,823805
1,823588
1,824746
1,822870
1,825021
1,823506
1,823914
1,822834
1,823029
1,825027
1,824853
1,823385
1,823546
1,825080
1,823104
1,824481
1,824352
1,822996
1,823693
1,824354
1,823103
1,824444
1,822787
1,823123
1,824115
1,824395
1,823994
1,823393
1,824922
1,823990
1,824821
1,824590
1,825013
1,824436
1,822902
1,823999
1,824081
1,823510
1,823884
1,823561
1,822741
1,824915
1,823870
1,824505
1,824879
1,822968
1,824068
1,824345
1,824560
1,823547
1,824180
1,822751
1,824899
1,824278
1,825041
1,823139
1,822917
1,823255
1,824858
1,823760
1,824368
1,823196
2,823800
2,823177
2,823069
2,823842
2,823880
2,823503
2,824481
2,824666
2,824891
2,824101
2,822753
2,822818
2,823524
2,823795
2,824356
2,824646
2,823138
2,823523
2,824090
2,823025
2,823144
2,824280
2,824895
2,823801
2,824760
2,824293
2,823388
2,822691
2,823700
2,823271
2,823554
2,824523
2,823680
2,824898
2,824513
2,824897
2,824159
2,824198
2,824667
2,824995
2,825100
2,824379
2,824670
2,822850
2,823149
2,824722
2,824207
2,822920
2,824474
2,824748
2,823714
2,824442
2,822822
2,824407
2,823507
2,823155
2,823365
2,825038
2,822913
2,824425
2,823545
2,823610
2,822998
2,823068
2,823691
2,823229
2,823701
2,824111
2,822919
2,823201
2,825052
2,824447
2,825007
2,824454
2,824113
2,822872
2,823684
2,824677
2,823704
2,822803
2,824603
2,822697
2,824556
2,824016
2,823868
2,824910
2,823360
2,824568
2,824418
2,824807
2,822772
2,823223
2,824829
2,824941
2,824065
2,823569
2,823106
2,824365
2,823676
2,824085
2,823927
2,823339
2,824737
2,823485
2,824989
2,822935
2,823771
2,824144
2,823522
2,823550
2,822977
2,822797
2,824732
2,823480
2,823608
2,823852
2,823824
2,825097
2,823688
2,824190
2,824336
2,823058
2,823396
2,824205
2,823989
2,824434
2,824640
2,824495
2,824905
2,824602
2,825045
2,825061
2,824448
2,823185
2,824452
2,824177
2,824281
2,823626
2,822743
2,823916
2,822701
2,823648
2,824662
2,823811
2,824635
2,823078
2,823533
2,823920
2,822940
2,824167
2,824413
2,823756
2,825090
2,823984
2,825075
2,823651
2,823891
2,823239
2,823908
2,824975
2,824525
2,824416
2,824554
2,824249
2,824879
2,824997
2,823547
2,824012
2,824424
2,823776
2,823932
2,823002
2,823668
2,824406
2,822894
2,822733
2,824984
2,824005
2,824721
2,824828
2,822712
2,823630
2,822714
2,823397
2,824254
2,822951
2,824038
2,823385
2,823010
2,822976
2,824449
2,823281
2,823957
2,824036
2,824686
2,824747
2,823844
2,823963
2,824472
2,824077
2,823945
2,823692
2,823725
2,823791
2,822702
2,822735
2,824693
2,824560
2,825078
2,823301
2,823270
2,823660
2,822739
2,824284
2,822856
2,824362
2,823419
2,823055
2,824859
2,823961
2,824317
2,824288
2,825057
2,823760
2,824920
2,824469
2,824114
2,824668
2,825059
2,824923
2,824234
2,823923
2,822816
2,823286
2,823719
2,824858
2,824032
2,823949
2,823299
2,823107
2,824503
2,823319
2,824180
2,824930
2,824983
2,822755
2,824553
2,824697
2,824855
2,823694
2,822939
2,824457
2,824076
2,824473
2,825039
2,823540
2,823874
2,824854
2,824106
2,823751
2,822876
2,823307
2,823804
2,824613
2,824768
2,824925
2,823767
2,822987
2,823757
2,824571
2,823059
2,824125
2,824643
2,824582
2,823913
2,823014
2,824482
2,824509
2,823535
2,822811
2,824073
2,823832
2,823448
2,824213
2,822769
2,824078
2,823205
2,823627
2,824966
