count,OBS_I,OBS_CI95_low,OBS_CI95_high,OBS_simultaneous95_low,OBS_simultaneous95_high,OBS_confirmed_grade,OBS_N_PA,Ridge_N_PA,Ridge_v02_J,Ridge_J_minus_I,OBS_source,Ridge_source,unit,interval_scope
0-0,100.0,100.0,100.0,100.0,100.0,중립,364124,364124,100.0,4.277467269275803e-11,columns/001-ball-count/analysis/runs/bcai_obs__mlb_2024_2025__20260907__r01/artifacts/advantage_count_results.csv,columns/001-ball-count/analysis/runs/bcai_ridge__mlb_2024_2025__20260908__r02/artifacts/count_indices.csv,BCAI relative index; 0-0=100; not BCAP raw W,OBS intervals belong only to OBS; no Ridge or BCAP interval inheritance
0-1,85.06459147556487,84.52833099626858,85.59368800067558,84.30479038628818,85.82439256484156,투수 유리·강도 경계,184704,184704,85.47046335596966,0.4058718803915155,columns/001-ball-count/analysis/runs/bcai_obs__mlb_2024_2025__20260907__r01/artifacts/advantage_count_results.csv,columns/001-ball-count/analysis/runs/bcai_ridge__mlb_2024_2025__20260908__r02/artifacts/count_indices.csv,BCAI relative index; 0-0=100; not BCAP raw W,OBS intervals belong only to OBS; no Ridge or BCAP interval inheritance
0-2,63.98808314897586,63.03095277795279,64.86115652592075,62.6954832078288,65.28068309012292,투수 매우 유리,78453,78453,64.94916081459456,0.961077665623705,columns/001-ball-count/analysis/runs/bcai_obs__mlb_2024_2025__20260907__r01/artifacts/advantage_count_results.csv,columns/001-ball-count/analysis/runs/bcai_ridge__mlb_2024_2025__20260908__r02/artifacts/count_indices.csv,BCAI relative index; 0-0=100; not BCAP raw W,OBS intervals belong only to OBS; no Ridge or BCAP interval inheritance
1-0,112.95586219338848,112.25362348967484,113.68902758899868,111.95614300493268,113.95558138184428,타자 유리,136551,136551,112.48890583363573,-0.4669563597580293,columns/001-ball-count/analysis/runs/bcai_obs__mlb_2024_2025__20260907__r01/artifacts/advantage_count_results.csv,columns/001-ball-count/analysis/runs/bcai_ridge__mlb_2024_2025__20260908__r02/artifacts/count_indices.csv,BCAI relative index; 0-0=100; not BCAP raw W,OBS intervals belong only to OBS; no Ridge or BCAP interval inheritance
1-1,94.15998660205716,93.47216393522922,94.78270864193824,93.22405088481656,95.09592231929776,투수 유리/중립 경계,142616,142616,94.09185603249055,-0.0681305695722045,columns/001-ball-count/analysis/runs/bcai_obs__mlb_2024_2025__20260907__r01/artifacts/advantage_count_results.csv,columns/001-ball-count/analysis/runs/bcai_ridge__mlb_2024_2025__20260908__r02/artifacts/count_indices.csv,BCAI relative index; 0-0=100; not BCAP raw W,OBS intervals belong only to OBS; no Ridge or BCAP interval inheritance
1-2,71.03088208871793,70.24772628116163,71.79182129367537,69.9413086012804,72.12045557615546,투수 매우 유리,109346,109346,71.57993055367055,0.5490484649560585,columns/001-ball-count/analysis/runs/bcai_obs__mlb_2024_2025__20260907__r01/artifacts/advantage_count_results.csv,columns/001-ball-count/analysis/runs/bcai_ridge__mlb_2024_2025__20260908__r02/artifacts/count_indices.csv,BCAI relative index; 0-0=100; not BCAP raw W,OBS intervals belong only to OBS; no Ridge or BCAP interval inheritance
2-0,135.85787274666598,134.43349375420698,137.32793536126877,133.86645481730326,137.8492906760287,타자 매우 유리,45648,45648,134.77171684689284,-1.0861558997749796,columns/001-ball-count/analysis/runs/bcai_obs__mlb_2024_2025__20260907__r01/artifacts/advantage_count_results.csv,columns/001-ball-count/analysis/runs/bcai_ridge__mlb_2024_2025__20260908__r02/artifacts/count_indices.csv,BCAI relative index; 0-0=100; not BCAP raw W,OBS intervals belong only to OBS; no Ridge or BCAP interval inheritance
2-1,112.79719972468465,111.7394387569605,113.8818467705309,111.28429275954846,114.3101066898208,타자 유리,72967,72967,112.07667803173436,-0.7205216929550318,columns/001-ball-count/analysis/runs/bcai_obs__mlb_2024_2025__20260907__r01/artifacts/advantage_count_results.csv,columns/001-ball-count/analysis/runs/bcai_ridge__mlb_2024_2025__20260908__r02/artifacts/count_indices.csv,BCAI relative index; 0-0=100; not BCAP raw W,OBS intervals belong only to OBS; no Ridge or BCAP interval inheritance
2-2,85.1046088447322,84.1951204361689,86.01261372404072,83.84438086870793,86.36483682075647,투수 유리·강도 경계,89054,89054,85.13505239899614,0.0304435542635275,columns/001-ball-count/analysis/runs/bcai_obs__mlb_2024_2025__20260907__r01/artifacts/advantage_count_results.csv,columns/001-ball-count/analysis/runs/bcai_ridge__mlb_2024_2025__20260908__r02/artifacts/count_indices.csv,BCAI relative index; 0-0=100; not BCAP raw W,OBS intervals belong only to OBS; no Ridge or BCAP interval inheritance
3-0,175.40324136490366,173.18617588175977,177.6894179999746,172.22786117918164,178.57862155062568,타자 매우 유리,13982,13982,173.7928875846299,-1.6103537802614485,columns/001-ball-count/analysis/runs/bcai_obs__mlb_2024_2025__20260907__r01/artifacts/advantage_count_results.csv,columns/001-ball-count/analysis/runs/bcai_ridge__mlb_2024_2025__20260908__r02/artifacts/count_indices.csv,BCAI relative index; 0-0=100; not BCAP raw W,OBS intervals belong only to OBS; no Ridge or BCAP interval inheritance
3-1,151.30798422021428,149.68606944964168,152.98330468242798,148.9327227209445,153.68324571948406,타자 매우 유리,29886,29886,149.9553269861466,-1.3526572340618372,columns/001-ball-count/analysis/runs/bcai_obs__mlb_2024_2025__20260907__r01/artifacts/advantage_count_results.csv,columns/001-ball-count/analysis/runs/bcai_ridge__mlb_2024_2025__20260908__r02/artifacts/count_indices.csv,BCAI relative index; 0-0=100; not BCAP raw W,OBS intervals belong only to OBS; no Ridge or BCAP interval inheritance
3-2,119.72853761257916,118.5012384408892,121.0130834101366,117.96236718567737,121.49470803948095,타자 매우 유리,51406,51406,119.12759366049504,-0.6009439520871069,columns/001-ball-count/analysis/runs/bcai_obs__mlb_2024_2025__20260907__r01/artifacts/advantage_count_results.csv,columns/001-ball-count/analysis/runs/bcai_ridge__mlb_2024_2025__20260908__r02/artifacts/count_indices.csv,BCAI relative index; 0-0=100; not BCAP raw W,OBS intervals belong only to OBS; no Ridge or BCAP interval inheritance
