level,count,region,pitch_group,n_all,n,coverage,games,PA,pitchers,batters,action1_rate_all,action1_rate,action0_rate_all,action0_rate,observed_Y,action0,action1,rows0,ESS0,games0,max_game_share0,rows1,ESS1,games1,max_game_share1,Q0,Q1,gcomp0,gcomp1,delta,SE,nominal95_low,nominal95_high,family95_low,family95_high,arithmetic_direction,point_direction,evidence,large_point_difference,support_gate,recommendation,unit,game_year
overall,ALL,ALL,ALL,706627,609248,0.862191792841202,2429,156797,591,690,0.332040807951012,0.374640540469563,0.667959192048988,0.625359459530437,0.298560167616471,non-FF,FF,380999,334032.75789958,2429,0.000809802711430044,228249,160216.405696973,2429,0.000886362869759621,0.296751548232239,0.304006775959251,0.297625959785255,0.30356164898632,0.00725522772701262,0.00174254698064392,0.00383819501787342,0.0106722604361518,0.000756006579210547,0.0137544488748147,non-FF,non-FF,관찰상 방향 뚜렷,FALSE,TRUE,,W per selected current decision; not PA sum,2022
count,0-0,ALL,ALL,181386,156679,0.863787723418566,2429,156679,591,690,0.339623785738701,0.383491086871885,0.660376214261299,0.616508913128115,0.307506666496467,non-FF,FF,96594,85644.9458343225,2429,0.000736185386333382,60085,44722.5797211958,2427,0.0011555852718906,0.307014909721857,0.30969143127694,0.308754062696984,0.308902426966041,0.00267652155508279,0.00305867678574242,-0.00332136472268313,0.00867440783284871,-0.00873150191343946,0.014084545023605,non-FF,non-FF,차이 불명확,FALSE,TRUE,,W per selected current decision; not PA sum,2022
count,0-1,ALL,ALL,91462,78300,0.856093240908793,2429,78300,591,681,0.292602392250334,0.333346104725415,0.707397607749667,0.666653895274585,0.259604227330779,non-FF,FF,52199,47108.5517052723,2429,0.000850543666457759,26101,18318.455470882,2424,0.00123092475411075,0.258152131374551,0.266216087688735,0.260921105266846,0.265613416365686,0.00806395631418361,0.00455516932869049,-0.000868464311888301,0.0169963769402555,-0.00892557289891385,0.0250534855272811,non-FF,non-FF,차이 불명확,FALSE,TRUE,,W per selected current decision; not PA sum,2022
count,0-2,ALL,ALL,48291,41874,0.867118096539728,2428,33893,587,669,0.323807748855895,0.363041505468787,0.676192251144106,0.636958494531213,0.192264507809142,non-FF,FF,26672,23476.7855045749,2426,0.00121862600461593,15202,10371.0230312628,2404,0.00153175340858314,0.187093462644004,0.202974089993689,0.196208497242635,0.212370112035136,0.0158806273496853,0.00573937318190573,0.00462604991761775,0.0271352047817528,-0.00552567017401461,0.0372869248733852,non-FF,non-FF,차이 불명확,TRUE,TRUE,,W per selected current decision; not PA sum,2022
count,1-0,ALL,ALL,69533,59740,0.859160398659629,2429,59740,588,683,0.32729782980743,0.371459658520254,0.67270217019257,0.628540341479746,0.349835855373284,non-FF,FF,37549,33820.8393555318,2428,0.000912258618978205,22191,16319.6515713089,2420,0.00125749898031512,0.349381467005077,0.352943599393736,0.348060829715716,0.352144597036939,0.00356213238865914,0.0049513769495048,-0.00614722820802545,0.0132714929853437,-0.0149051423180864,0.0220294070954047,non-FF,non-FF,차이 불명확,FALSE,TRUE,,W per selected current decision; not PA sum,2022
count,1-1,ALL,ALL,71418,61078,0.855218572348708,2429,61078,589,683,0.292643311210059,0.333344248338191,0.707356688789941,0.66665575166181,0.292668915157667,non-FF,FF,40718,36777.6121417618,2428,0.000932113111883391,20360,14434.8095602934,2419,0.00147319041778494,0.2928055051136,0.296386035627911,0.293316075888561,0.295841457519704,0.00358053051431122,0.00520478471072394,-0.00662574788054693,0.0137868089091694,-0.0158318854707051,0.0229929464993276,non-FF,non-FF,차이 불명확,FALSE,TRUE,,W per selected current decision; not PA sum,2022
count,1-2,ALL,ALL,69069,59793,0.865699517873431,2429,46695,589,677,0.310052266574006,0.34774973659124,0.689947733425994,0.65225026340876,0.219332413493218,non-FF,FF,39000,34700.3581525059,2428,0.00116020462413746,20793,14400.8871730333,2422,0.00153303798381914,0.218384284083432,0.22371073752724,0.223529053734785,0.230582883578864,0.00532645344380868,0.00495667760327929,-0.00439330142489753,0.0150462083125149,-0.0131605912441718,0.0238134981317892,non-FF,non-FF,차이 불명확,FALSE,TRUE,,W per selected current decision; not PA sum,2022
count,2-0,ALL,ALL,23475,20178,0.859552715654952,2426,20178,581,648,0.408519701810437,0.460898007731192,0.591480298189563,0.539101992268808,0.417805035186837,non-FF,FF,10878,9344.62397274619,2365,0.00132876374369043,9300,7598.84034517333,2300,0.00163222321599267,0.419718947968563,0.419494110968329,0.41105262712562,0.407219457916556,-0.000224837000234003,0.00749980234746149,-0.0149315198213963,0.0144818458209283,-0.0281970908271244,0.0277474168266564,FF,FF,차이 불명확,FALSE,TRUE,,W per selected current decision; not PA sum,2022
count,2-1,ALL,ALL,36672,31650,0.863056282722513,2428,31650,583,667,0.339414267015707,0.382559241706161,0.660585732984293,0.617440758293839,0.35124906793049,non-FF,FF,19542,17533.4125130364,2425,0.00129507775041235,12108,8877.1332682597,2375,0.00172411401939318,0.346600469184922,0.360918686877257,0.346731507354594,0.356351542466205,0.0143182176923351,0.00669921497687449,0.0011814462537744,0.0274549891308958,-0.0106680280918403,0.0393044634765106,non-FF,non-FF,차이 불명확,TRUE,TRUE,,W per selected current decision; not PA sum,2022
count,2-2,ALL,ALL,58207,50446,0.86666552132905,2429,37763,584,666,0.318174789973715,0.357332593268049,0.681825210026286,0.642667406731951,0.261534194980772,non-FF,FF,32420,28744.2655072348,2429,0.0011562108667021,18026,12658.1595585135,2412,0.00176454999889879,0.257086858826449,0.27159902949208,0.261468016034202,0.277456466500436,0.0145121706656306,0.00521781271062413,0.00428034512496339,0.0247439962062977,-0.00494883617713903,0.0339731775084002,non-FF,non-FF,차이 불명확,TRUE,TRUE,,W per selected current decision; not PA sum,2022
count,3-0,ALL,ALL,7194,5973,0.830275229357798,2175,5973,557,585,0.654434250764526,0.729951448183492,0.345565749235474,0.270048551816508,0.541802444332831,non-FF,FF,1613,1129.42954881851,1057,0.00444363799157856,4360,4179.96901580578,1955,0.0026926617301022,0.536296432201034,0.537318773810562,0.468999403695012,0.495357314474496,0.00102234160952814,0.0121122388349149,-0.0227304344039664,0.0247751176230227,-0.0441610705140092,0.0462057537330655,non-FF,non-FF,차이 불명확,FALSE,TRUE,,W per selected current decision; not PA sum,2022
count,3-1,ALL,ALL,15200,13144,0.864736842105263,2404,13144,581,624,0.464276315789474,0.5207699330493,0.535723684210526,0.4792300669507,0.466321972002435,non-FF,FF,6299,5231.40100385903,2171,0.00187173072722886,6845,5969.3292980493,2201,0.00191903305662188,0.460085815290451,0.473995051925009,0.444004631477965,0.453833333489058,0.0139092366345575,0.00805573833576015,-0.00188767703571149,0.0297061503048265,-0.0161369316682895,0.0439554049374045,non-FF,non-FF,차이 불명확,TRUE,TRUE,,W per selected current decision; not PA sum,2022
count,3-2,ALL,ALL,34720,30393,0.875374423963134,2426,21653,584,653,0.38110599078341,0.423715987233903,0.61889400921659,0.576284012766098,0.37323413285954,non-FF,FF,17515,15183.3539740772,2412,0.00141344466669064,12878,9806.46112361371,2350,0.00216118961813615,0.36759437006559,0.386837675659351,0.366439044270726,0.37988347455971,0.0192433055937618,0.00620575391029403,0.00707417763590654,0.031412433551617,-0.00390249419184434,0.0423891053793678,non-FF,non-FF,차이 불명확,TRUE,TRUE,,W per selected current decision; not PA sum,2022
