game_year,count,A,reason,rows
2023,0-0,1,supported,107185
2023,0-1,1,supported,45675
2023,0-2,1,supported,21159
2023,1-2,1,supported,30546
2023,2-2,0,supported,29920
2023,2-2,1,supported,28153
2023,3-2,1,supported,21611
2023,0-0,0,supported,70984
2023,0-1,0,supported,45019
2023,1-1,1,supported,35625
2023,1-1,0,supported,34995
2023,1-2,0,supported,37364
2023,1-0,0,supported,27629
2023,2-0,1,supported,16482
2023,1-0,1,supported,40434
2023,2-1,1,supported,21489
2023,2-1,0,supported,14928
2023,3-1,0,supported,3401
2023,3-2,0,supported,13596
2023,0-2,0,supported,26406
2023,3-0,1,supported,6216
2023,2-0,0,supported,6526
2023,3-1,1,supported,11680
2023,0-0,0,entity_arm_training,1898
2023,1-0,1,entity_arm_training,1165
2023,0-0,1,entity_arm_training,2827
2023,1-0,0,entity_arm_training,786
2023,1-1,1,entity_arm_training,1020
2023,1-2,0,entity_arm_training,767
2023,0-1,1,entity_arm_training,1193
2023,0-2,0,entity_arm_training,525
2023,2-2,0,entity_arm_training,611
2023,0-2,1,entity_arm_training,643
2023,0-1,0,entity_arm_training,1014
2023,1-2,1,entity_arm_training,892
2023,3-0,1,propensity_tail,475
2023,2-2,1,entity_arm_training,765
2023,1-1,0,entity_arm_training,776
2023,2-1,1,entity_arm_training,597
2023,2-0,1,entity_arm_training,473
2023,2-1,0,entity_arm_training,365
2023,3-2,1,entity_arm_training,667
2023,3-2,0,entity_arm_training,316
2023,2-0,0,entity_arm_training,203
2023,3-1,1,entity_arm_training,331
2023,3-0,1,entity_arm_training,202
2023,3-0,0,supported,389
2023,3-1,0,entity_arm_training,115
2023,2-0,1,propensity_tail,10
2023,3-1,1,propensity_tail,28
2023,3-0,0,propensity_tail,3
2023,3-0,0,entity_arm_training,34
