count,population,n,p_min,p01,p05,p50,p95,p99,p_max,Brier
0-0,all,163053,0.02203103581720271,0.05377455581564902,0.08135888996295904,0.28520838075273947,0.6133163999837308,0.7301111603098646,0.8988182937570027,0.181712762931822
0-0,support,144090,0.050056173477534695,0.07318426887812049,0.10898793346330791,0.3078485274013095,0.6239606906617771,0.7368200141043671,0.8988182937570027,0.19706886325129255
0-1,all,81752,0.01670414907007159,0.040947932134801183,0.06246265310626225,0.23764387309261065,0.563415699866279,0.6906413752099284,0.8845775531500442,0.17637271064886711
0-1,support,71977,0.05000763940702212,0.061643289821512695,0.08857020404268821,0.259642008489054,0.5747124475918823,0.6994955967827348,0.8845775531500442,0.19222639976902506
0-2,all,43045,0.02446393445108594,0.05382823900148839,0.0822084525301192,0.29998812909945777,0.6391923637022215,0.7576868321875097,0.8913496531703317,0.2030936462095523
0-2,support,38314,0.05032851540527237,0.07322486653832751,0.11287933006519123,0.32441629928716653,0.6498063222298123,0.7630730656387948,0.8913496531703317,0.21776668968004145
1-0,all,62438,0.023770521870543192,0.04850958434573041,0.07327925605346625,0.26389505268753427,0.589723270998718,0.7103867916139532,0.8592460794799641,0.17669476217541438
1-0,support,54980,0.0500247818956146,0.06705844402232146,0.09929124858052425,0.2867789208719346,0.6017445606575459,0.7166356031495554,0.8592460794799641,0.19200349283784562
1-1,all,63566,0.019577649246366083,0.04014770869165953,0.06155643098661021,0.23593644941108405,0.5573023035786138,0.6810965194952331,0.882231208632968,0.174885928752018
1-1,support,55942,0.05001772196175968,0.06104609145210545,0.0876020275848188,0.25738471308702005,0.5694280871889926,0.6891292407875196,0.882231208632968,0.19048998758730815
1-2,all,61952,0.02264076821917578,0.04858575097327019,0.0758529221206863,0.28058447305972933,0.6141272377792805,0.7302415122045509,0.9037802898517939,0.19994939748528345
1-2,support,55145,0.050060752643827644,0.0688287870345134,0.10379699610628243,0.3031359970334763,0.6242422044029734,0.7374417253594201,0.9037802898517939,0.2140776506957551
2-0,all,21197,0.03084897413250619,0.0674587925068989,0.10053008618157531,0.33262104331582165,0.6721202860224799,0.7769616573683416,0.8920981970131169,0.1842028433463238
2-0,support,18675,0.05042201196306139,0.08527353523273516,0.13022264232001532,0.3580475807225131,0.681654508354454,0.7834552562204555,0.8920981970131169,0.19792823075704835
2-1,all,32887,0.02551783099045681,0.04927679232057612,0.07475214272153909,0.2722779865988288,0.6063458699600088,0.7325776807757931,0.8812552292116674,0.1790613061926375
2-1,support,29014,0.050132319658674006,0.06767771533356638,0.1012960396616418,0.29397759249678856,0.6170659318270691,0.7384101603361114,0.8812552292116674,0.19357828279881711
2-2,all,52498,0.0222780115219351,0.048406368768315354,0.07514551889167607,0.27737543823805,0.6121426016516126,0.7321398200824969,0.9005494280944589,0.19404151731934566
2-2,support,46702,0.050111528261655866,0.06724882908062325,0.10207041275394411,0.2995446814343613,0.6234695727766058,0.7371888683658565,0.9005494280944589,0.20860624837728342
3-0,all,6819,0.19008818283984286,0.2866712958865531,0.37941476733975305,0.7336204577831417,0.9189329213712857,0.9479151540997505,0.9777302884521599,0.1776991745611389
3-0,support,5912,0.21923963652947992,0.33407011069380027,0.4508437171548384,0.7537927660050971,0.9175944148925247,0.9394479279005892,0.9498926580274859,0.1755389404476158
3-1,all,14009,0.05438266759196326,0.09546054775483902,0.14051540195159828,0.42606179086862667,0.7472980079498721,0.8333004611742427,0.923158165811448,0.19136809675614308
3-1,support,12328,0.0676775614363232,0.12414873528823313,0.1808753070720968,0.4545180293492245,0.7570817476146197,0.8378043951053542,0.923158165811448,0.20470598736318904
3-2,all,31879,0.031201976833251443,0.06747164811866277,0.1022114598517932,0.34725858611709415,0.6867315089073268,0.7874638523534015,0.9150867419302936,0.19421200394060756
3-2,support,28341,0.05116682276604192,0.08588798640827085,0.1353447867231786,0.3712728664077532,0.6961806407050686,0.7926449837523445,0.9150867419302936,0.20820374613192402
