count,N_PA,index,SE,CI95_low,CI95_high,simultaneous95_low,simultaneous95_high
0-0,181054,100,0,100,100,100,100
0-1,90463,84.5002784308555,0.373819810882247,83.7628325573406,85.2283984959447,83.4623022178368,85.5382546438743
0-2,38808,62.7156854559942,0.66307218969336,61.4284251733081,63.9623623752714,60.874549324681,64.5568215873074
1-0,70674,113.225787765824,0.470620726680823,112.307976518135,114.140398875748,111.919026846719,114.53254868493
1-1,71233,95.5306719782211,0.460402903517192,94.6583591761774,96.4613478988616,94.2522826356987,96.8090613207436
1-2,53630,70.8785281733967,0.53683134845107,69.8256606307946,71.8831894877099,69.387921860211,72.3691344865825
2-0,24285,135.826180711967,0.933326130476338,134.039639118602,137.719946314875,133.234637154827,138.417724269107
2-1,37187,113.653296889866,0.733643723317592,112.279904819217,115.167747501631,111.616206528504,115.690387251227
2-2,43966,86.0032047352108,0.621240434477547,84.7988609098428,87.2113860759472,84.2782218028422,87.7281876675793
3-0,7712,172.305190662635,1.5073631347554,169.458224449837,175.322128588975,168.119732768992,176.490648556279
3-1,15694,152.21853038349,1.19086114889456,149.961922966065,154.558413420842,148.91189571733,155.52516504965
3-2,25333,121.077911510118,0.862706459320433,119.382022344655,122.862762109209,118.682455845319,123.473367174918
