iteration,objective,relative_objective_change,max_prediction_change,max_count_index_change,gradient_relative,step_direction_reversal
1,520661.76212220517,0.012741918081756468,0.8359304451467059,2.691901144129788,0.5982826776718946,False
2,520156.0262149374,0.0009713329152623219,0.21146811505788032,0.10631810979033836,0.3493415739216039,False
3,520068.06248734007,0.00016911027300291957,0.08852486795528249,0.19137021709583982,0.1365510197137918,False
4,520026.1289187087,8.063092440401073e-05,0.06324758016969209,0.03714245118609922,0.11274042770977995,False
5,520002.78827360447,4.48836006620888e-05,0.04245204218870877,0.030529196823636865,0.06380968779049798,False
6,519984.20481883624,3.573722139053943e-05,0.03534281018457509,0.021733729440816352,0.0872547478529474,False
7,519973.2814662814,2.100708531839669e-05,0.0255643349115456,0.014361152713508213,0.06672600578892182,False
8,519967.25309743156,1.1593612719545261e-05,0.022048573055699665,0.01299216476024453,0.038267452813019624,False
9,519964.12913479144,6.007998814372789e-06,0.0162713007068859,0.0207646014192613,0.016720228433921618,False
10,519963.1999274583,1.7870604548758815e-06,0.009974090255196298,0.007157907587649226,0.010532864717899234,False
11,519962.8825258632,6.104308827373327e-07,0.005696399852890124,0.004137917612388885,0.003367937208773198,False
12,519962.7959794887,1.6644721650990502e-07,0.002818534922110232,0.000626133145837564,0.0030293152197993006,False
13,519962.750236,8.797454175635448e-08,0.0019140925645877984,0.0008520088803106944,0.003416194360360895,False
14,519962.7255767021,4.742512397954302e-08,0.0013547771956881455,0.0005357504316332493,0.0023813797932636595,False
15,519962.7113166916,2.742506299264188e-08,0.0011657642965363433,0.00040698765536828404,0.0016363303807346245,False
16,519962.70125714014,1.9346678585494972e-08,0.0008433359116951655,0.0004241204649323575,0.0013201446849484975,False
17,519962.69655023084,9.052397963518026e-09,0.0008015853389755362,0.0009901651895794085,0.0010041754288011044,False
18,519962.695186813,2.6221454754863267e-09,0.00038669721953063355,0.0002747332018752153,0.00044963264384366674,False
19,519962.6944546915,1.408027018566493e-09,0.0002730910826466114,0.00015092607250417387,0.0007472319564817203,False
20,519962.6936650259,1.5186966785701782e-09,0.0002830275542126223,0.00013377240829608533,0.00045508752642531107,False
21,519962.6923927481,2.446863603144133e-09,0.0003881746269752799,9.884882818067946e-05,0.0005904681259403618,False
22,519962.68684714165,1.0665392941373107e-08,0.0007194443782462146,0.00022899852060071012,0.0010933779678215698,False
23,519962.67484028987,2.309175656254673e-08,0.0009414458189602851,0.000412985120274815,0.0009719898184388606,False
24,519962.66857265093,1.2054017025677847e-08,0.0007724425154477467,0.00043091627260123834,0.0013814422106769757,False
25,519962.66415754333,8.491201131891175e-09,0.0006797048480296505,0.00026225004645869627,0.0008687028969302673,False
26,519962.6582352305,1.1389880959752025e-08,0.0006715974185548378,0.000316495298763697,0.0008292906847910529,False
27,519962.6508829753,1.4139967653301655e-08,0.0007769646649241198,0.0002985472236660351,0.0007230556238212013,False
28,519962.6442796469,1.2699620604460946e-08,0.0007649341531514524,0.0004275069134959376,0.0005037995685019913,False
29,519962.64222664456,3.948365106213384e-09,0.0005137813851598494,0.00029968107063300324,0.00035016960388958087,False
30,519962.64173042186,9.543429767885334e-10,0.0002499047151239532,9.49390239380733e-05,0.00021672852656008407,False
31,519962.6415649899,3.1816119389645324e-10,0.00012484955248382237,4.0022021303111047e-05,0.00024766504696382085,False
32,519962.6414157447,2.870306198009193e-10,0.0001404442006119014,3.05946683021518e-05,0.00018263671029777529,False
33,519962.64124034485,3.373316973562537e-10,0.00013145241862151083,7.325663985027525e-05,0.00013370780326778695,False
34,519962.6411082971,2.539562179887483e-10,0.00012030693244499643,3.647933705668612e-05,0.00014657702099033022,False
35,519962.64094281633,3.182551168470296e-10,0.0001279044924877549,4.6199332605321685e-05,0.00016988995674474514,False
36,519962.64076705975,3.380177018448929e-10,0.00013730593622353893,3.7362919909882703e-05,0.00022488970360131022,False
37,519962.64044167195,6.257907470920864e-10,0.00020402243393924843,5.0679974725207375e-05,0.00021255638192410113,False
38,519962.63950661535,1.7983149621457654e-09,0.0002696416931621483,0.0001453333379127042,0.0004175698153502004,False
39,519962.6388030631,1.353082353836753e-09,0.0002376318863655298,5.306189924789556e-05,0.0006755691497797684,False
40,519962.6384946737,5.930990901793903e-10,0.0001535815866325375,9.312832123821513e-05,0.0004376109512909808,False
41,519962.6382883132,3.9687569827692814e-10,0.00013629325309364018,8.625834261850072e-05,0.00012106952364849496,False
42,519962.63821218774,1.4640558480270049e-10,8.478018971279797e-05,3.92283305304843e-05,7.76635830885681e-05,False
43,519962.63818961754,4.34073402269515e-11,5.142254157376269e-05,1.3227620076032032e-05,7.358863013424257e-05,False
44,519962.6381651294,4.709595607588301e-11,5.038110432793186e-05,1.9291710178360688e-05,9.261951846511482e-05,False
45,519962.63808542927,1.5328051549065948e-10,9.201479964384641e-05,8.937163652497885e-05,0.00028963136365694363,False
46,519962.63788489497,3.856705904051272e-10,0.00012650436716471768,0.00018603757019051653,0.0005074193060602566,False
47,519962.63742141664,8.913685169492937e-10,0.00019829135086428269,0.00014048597156282364,0.0003962850584684118,False
48,519962.6365231456,1.7275684399990965e-09,0.00024987361411833633,0.00014728653940954765,0.00035720361466528276,False
49,519962.63586202834,1.2714707002239186e-09,0.00022009643477507112,7.36031234441024e-05,0.00012114223051046868,False
50,519962.6357281783,2.574224000687985e-10,0.00013340299184354324,3.1767413241684506e-05,7.440017945447655e-05,False
51,519962.63571269566,2.977647750533192e-11,4.181577523452942e-05,1.1962907723947494e-05,1.4339021764404926e-05,False
52,519962.6357098814,5.412470058829885e-12,1.65776990593985e-05,1.1448459688852743e-05,7.451949972027497e-06,False
53,519962.63570927846,1.1595351479795523e-12,7.097480972173591e-06,3.1997497023585945e-06,9.689149574398884e-06,False
54,519962.63570915244,2.4236277228988623e-13,3.470084718906147e-06,1.90880547865135e-06,5.500066941559236e-06,False
55,519962.63570911484,7.231702120060252e-14,1.923659204779542e-06,5.374318374599531e-07,2.5021347282883007e-06,False
56,519962.6357090556,1.1396087861024566e-13,2.525877829753816e-06,1.0445309201992821e-06,3.482471745882568e-06,False
57,519962.63570856873,9.363151165974493e-13,6.8599315341453665e-06,1.593193977173917e-06,4.8812673277452915e-06,False
58,519962.6357073432,2.3570199402173303e-12,1.1391718156434084e-05,2.03687900681519e-06,7.49176454915092e-06,False
59,519962.6357054902,3.563684292427231e-12,1.1715923822335049e-05,3.617477125225311e-06,6.8972932120529315e-06,False
60,519962.63570411055,2.6533406137906405e-12,1.146649628134542e-05,2.8644169092895704e-06,4.350894771678112e-06,False
61,519962.63570389245,4.1946111213821233e-13,5.505631827980438e-06,1.8016780729289003e-06,2.0532472124512617e-06,False
62,519962.6357038708,4.1643857410056165e-14,1.5150083385718227e-06,1.3352524196600682e-06,2.0694888639876825e-06,False
63,519962.6357038669,7.500372167940535e-15,6.435868629030585e-07,6.920734724692127e-07,6.290543014139496e-07,False
64,519962.63570386544,2.7986463313211165e-15,3.83203730033174e-07,1.5137206980921242e-07,4.885771862384802e-07,False
65,519962.6357038646,1.5672419455398296e-15,2.78985203605682e-07,9.719710480219008e-08,3.8440211030362405e-07,False
66,519962.6357038638,1.567241945539832e-15,3.632222946439284e-07,1.1999279231747382e-07,4.248164028101433e-07,False
67,519962.6357038576,1.1978206298054449e-14,9.933927991091693e-07,1.6886263074734877e-07,1.0060778048634691e-06,False
68,519962.6357038164,7.914571824976259e-14,1.559387267456962e-06,4.7490391078783635e-07,2.621429800039928e-06,False
69,519962.6357037747,8.026517678229741e-14,1.660363091817996e-06,5.824526697853117e-07,1.458832746651586e-06,False
70,519962.6357037494,4.869644616499606e-14,1.4961433169607653e-06,4.1722570774820514e-07,3.630628870773748e-06,False
71,519962.6357037419,1.4329069216367353e-14,6.827623665295234e-07,3.3590842877197673e-07,2.1012033809764523e-06,False
72,519962.6357037388,6.0450760756550645e-15,6.018986363927058e-07,1.0329554154073709e-07,2.924755346999682e-07,False
73,519962.63570373843,6.716751195172334e-16,2.6239292634390875e-07,7.278332354370272e-08,1.1458455348340604e-07,False
74,519962.6357037384,1.1194585325287231e-16,8.479108628049691e-08,4.66678899386554e-08,7.3549823199552e-08,False
75,519962.6357037384,0.0,3.7597424679428307e-08,4.593862607365834e-08,8.372858208146658e-08,False
76,519962.6357037383,1.1194585325287231e-16,3.2333272541197385e-08,2.7436007910496187e-08,7.720495105172881e-08,False
77,519962.6357037383,0.0,4.2290823944862584e-08,2.1274288749524746e-08,1.0641836149145036e-07,False
78,519962.63570373825,1.1194585325287234e-16,8.537496110078196e-08,6.833203914541968e-08,2.3298836690675666e-07,False
79,519962.63570373796,5.597292662643618e-16,1.7672245371001802e-07,2.0753580000038225e-07,3.384600334054696e-07,False
80,519962.6357037363,3.2464297443333e-15,3.7066048039135877e-07,3.282460928384295e-07,1.7846814439391887e-07,False
81,519962.6357037355,1.455296092287346e-15,4.563166859598783e-07,9.769855326987645e-08,1.0594144990660334e-07,False
82,519962.6357037353,4.477834130114917e-16,1.2567733525389142e-07,7.228709158075499e-08,7.141457040293251e-08,False
83,519962.6357037353,0.0,7.248416396500535e-08,1.1913585146046708e-08,2.0268306236272493e-08,False
84,519962.6357037353,0.0,2.5832690101905684e-08,4.7825760783232e-09,1.1258831046909703e-08,False
85,519962.6357037353,0.0,5.458997952611259e-09,3.4343967932997856e-09,7.473703760232119e-09,False
86,519962.6357037353,0.0,3.262090238183261e-09,2.1077008899220148e-09,2.930931002515744e-09,False
87,519962.6357037353,0.0,1.0643232246737328e-09,1.285890134701541e-09,1.0312717483658675e-09,False
88,519962.6357037353,0.0,7.528283635304421e-10,2.938181482578265e-10,2.5096186445901733e-10,False
89,519962.6357037353,0.0,2.405667286739906e-10,1.614093750755868e-10,5.935846574227677e-11,False
90,519962.6357037353,0.0,6.869978349825239e-11,2.1899485105668695e-11,7.013319398999014e-11,False
91,519962.6357037353,0.0,2.0770386039053077e-11,1.0693496227167469e-11,2.5220194339064135e-11,False
92,519962.6357037353,0.0,1.2407836382548057e-11,7.731007178527075e-12,1.1500515267978595e-11,False
93,519962.6357037353,0.0,6.147765296297983e-12,2.9056241609121677e-12,3.482958782503441e-12,False
94,519962.6357037353,0.0,4.589258616366089e-12,1.3488626459531855e-12,3.3704056130002264e-12,False
95,519962.6357037353,0.0,6.450825725639626e-12,1.371079989579399e-12,1.772188695113638e-12,False
96,519962.6357037353,0.0,4.4057840820058896e-12,1.1994697518948292e-12,7.772072499875081e-13,False
97,519962.6357037353,0.0,2.334959894749386e-12,3.744858753789878e-13,5.177255351852588e-13,False
98,519962.6357037353,0.0,6.338344475454483e-13,2.4048884772452444e-13,4.41737862373444e-13,False
99,519962.6357037353,0.0,5.98938676311004e-13,2.319666313467185e-13,7.650527370727278e-13,False
