pitch_code,eligible_pitch,reason_pitch,rows
CH,False,PA_EXCLUDED,403
CH,True,included,145322
CS,True,included,511
CU,False,PA_EXCLUDED,213
CU,True,included,90973
EP,True,included,1510
FA,True,included,1532
FC,False,PA_EXCLUDED,296
FC,True,included,111521
FF,False,PA_EXCLUDED,1100
FF,True,included,451228
FO,False,PA_EXCLUDED,2
FO,True,included,898
FS,False,PA_EXCLUDED,136
FS,True,included,44974
KC,False,PA_EXCLUDED,52
KC,True,included,24999
KN,False,PA_EXCLUDED,2
KN,True,included,1191
MISSING,False,PA_EXCLUDED,3744
MISSING,False,automatic_record,1087
MISSING,False,missing_pitch_type,461
PO,False,PA_EXCLUDED,6
PO,False,pitchout,102
SC,True,included,160
SI,False,PA_EXCLUDED,506
SI,True,included,221476
SL,False,PA_EXCLUDED,477
SL,True,included,205813
ST,False,PA_EXCLUDED,236
ST,True,included,106245
SV,False,PA_EXCLUDED,22
SV,True,included,7213
UN,False,unmapped_pitch_type,16
