level,state,n_all,n,coverage,games,PA,pitchers,batters,action1_rate_all,action1_rate,ESS0,arm_games0,max_game_share0,ESS1,arm_games1,max_game_share1,Q0,Q1,gcomp0,gcomp1,delta,se,CI95_low,CI95_high,simultaneous95_low,simultaneous95_high,grade,reason,suggested_action,candidate_direction
overall,ALL,716385,630906,0.880680081241232,2430,168376,863,512,0.47573441654976023,0.48859893549910766,187173.8626200151,2430,0.0007572128055418133,188986.88609963132,2430,0.0007004879255439653,0.29300750814933907,0.26628424827945824,0.2945891275197215,0.2580134246915378,-0.026723259869880767,0.001358600146190775,-0.029387394746317144,-0.02405912499344439,-0.03237864858752813,-0.0210678711522334,UNCERTAIN,IDENTIFICATION_AND_FULL_LEARNING_UNCERTAINTY,,Take
count,0-0,182967,157376,0.8601332480720567,2430,157376,863,511,0.31084840435706984,0.3300058458723058,97133.47480363888,2430,0.0007107250502748198,35728.25370326453,2430,0.000987599743614836,0.3113156273599797,0.30039999740511836,0.3003909523021144,0.28782430187887786,-0.010915629954861335,0.0031099889914261024,-0.017014135214574466,-0.004817124695148205,-0.02386145268528885,0.0020301927755661826,UNCERTAIN,IDENTIFICATION_AND_FULL_LEARNING_UNCERTAINTY,,Take
count,0-1,92936,82311,0.8856740122234656,2430,82311,850,511,0.4884544202461909,0.5027396095297105,24807.63698927589,2430,0.0009886751791566798,25012.216738718773,2430,0.0010742954853529272,0.2636845290801112,0.24030333907063073,0.2560988331893828,0.23206690852750228,-0.023381190009480506,0.004299153806247799,-0.0318115774391464,-0.014950802579814612,-0.04127710000143368,-0.005485280017527336,UNCERTAIN,IDENTIFICATION_AND_FULL_LEARNING_UNCERTAINTY,,Take
count,0-2,48752,42426,0.8702412208729898,2430,34430,815,509,0.5140712175910732,0.5267524631122424,10055.277641282397,2430,0.001467448459997998,13776.343868774322,2427,0.001327800462337204,0.16712652565838623,0.158873912940983,0.18013786124941047,0.1596634013588276,-0.00825261271740324,0.003962555543202355,-0.016022950776073887,-0.00048227465873259406,-0.02474737902146253,0.008242153586656049,UNCERTAIN,IDENTIFICATION_AND_FULL_LEARNING_UNCERTAINTY,,Take
count,1-0,70041,62209,0.8881797804143288,2430,62209,855,511,0.4271926443083337,0.4409972833512836,27005.63828091888,2430,0.0010033127467855717,17345.630770755633,2429,0.001212617392646034,0.3566996870321403,0.32274615487458175,0.34700665931763314,0.3097274747511838,-0.03395353215755855,0.004944659292709125,-0.04364971783127319,-0.024257346483843915,-0.054536461178288004,-0.013370603136829098,UNCERTAIN,IDENTIFICATION_AND_FULL_LEARNING_UNCERTAINTY,,Take
count,1-1,72441,65175,0.8996976850126309,2430,65175,850,511,0.5427865435319777,0.5521595703874185,16684.49762538347,2430,0.001161677633086935,22651.3244885025,2430,0.0011470497403710987,0.29254834060317075,0.2656157004132336,0.2897800053072193,0.25019066229990083,-0.026932640189937213,0.004848997434205722,-0.03644123859281414,-0.017424041787060286,-0.047117361543159646,-0.006747918836714779,UNCERTAIN,IDENTIFICATION_AND_FULL_LEARNING_UNCERTAINTY,,Take
count,1-2,69595,61290,0.8806667145628277,2430,48551,828,511,0.5756160643724405,0.5781856746614455,12738.818753256666,2430,0.0014341478291690845,23047.883142823044,2430,0.0010686035850091295,0.18900672560524506,0.17492082269633738,0.1976662167745663,0.1803763318958436,-0.0140859029089077,0.003557030101913382,-0.021061029459284796,-0.007110776358530605,-0.028892605206927505,0.0007207993891121065,UNCERTAIN,IDENTIFICATION_AND_FULL_LEARNING_UNCERTAINTY,,Take
count,2-0,23702,21101,0.8902624251118049,2429,21101,829,505,0.4274744747278711,0.44343869958769727,9291.102561441738,2404,0.0018423060672277311,6105.416316117124,2371,0.0016403981452402863,0.42092387822061395,0.37136463743518183,0.42282125852643926,0.35912487026876544,-0.049559240785432064,0.008381179179356593,-0.06599424294900938,-0.03312423862185475,-0.08444725625596575,-0.014671225314898374,UNCERTAIN,IDENTIFICATION_AND_FULL_LEARNING_UNCERTAINTY,,Take
count,2-1,37395,33904,0.9066452734322771,2430,33904,838,510,0.5759593528546597,0.5840313827277017,7857.798142167489,2423,0.0017629087030257475,13120.027237580733,2430,0.0014453694881858862,0.35814572592704,0.2983406000198757,0.3639412157932813,0.29032470522066384,-0.05980512590716426,0.006755704082446571,-0.07305266375808557,-0.04655758805624295,-0.08792681627703093,-0.03168343553729759,UNCERTAIN,IDENTIFICATION_AND_FULL_LEARNING_UNCERTAINTY,,Take
count,2-2,59473,52747,0.8869066635279875,2430,40025,826,511,0.6403746237788577,0.6385197262403549,9214.679809477271,2429,0.0014619368918969125,23469.49145256949,2430,0.0011177067458314194,0.22948320333770073,0.21322375454439432,0.251643668618171,0.20491401694094755,-0.0162594487933064,0.0040110504107517785,-0.02412488243129729,-0.008394015155315508,-0.032956082679650125,0.0004371850930373275,UNCERTAIN,IDENTIFICATION_AND_FULL_LEARNING_UNCERTAINTY,,Take
count,3-0,7320,5930,0.8101092896174863,2214,5930,742,474,0.09685792349726775,0.112141652613828,5250.340242986778,2136,0.0017442949018614028,591.4777746220565,568,0.006920457154242443,0.5378762214352271,0.44415213098260736,0.5187211830529566,0.41251326514599945,-0.0937240904526197,0.021947268576620785,-0.13676348590542664,-0.05068469499981278,-0.1850998668653899,-0.002348314039849503,UNCERTAIN,IDENTIFICATION_AND_FULL_LEARNING_UNCERTAINTY,,Take
count,3-1,15561,14152,0.9094531199794358,2411,14151,805,498,0.536083799241694,0.5433154324477105,3909.019106746048,2217,0.002590241633007701,4973.9258025399695,2312,0.0021484087436095087,0.50087004482046,0.3760639741986507,0.49775975661763444,0.3717108127093473,-0.12480607062180935,0.010255489845755413,-0.1449165612881444,-0.1046955799554743,-0.1674968081838667,-0.08211533305975198,UNCERTAIN,IDENTIFICATION_AND_FULL_LEARNING_UNCERTAINTY,,Take
count,3-2,36202,32285,0.8918015579249765,2430,23487,818,507,0.700790011601569,0.6983428836921171,4908.805936817009,2372,0.0019281737135338041,17102.21516242586,2428,0.0013786074419637924,0.335263792244082,0.27692653977012016,0.3908426340330805,0.2801439030292175,-0.058337252473961806,0.005511791289788172,-0.06914555059459292,-0.047528954353330696,-0.08128095843608228,-0.03539354651184133,UNCERTAIN,IDENTIFICATION_AND_FULL_LEARNING_UNCERTAINTY,,Take
cell,0-0|BOUNDARY|FB,29225,26849,0.918699743370402,2430,26849,780,507,0.3647219846022241,0.36548847256881073,16690.527469522312,2427,0.0011023441711793542,9042.546315543657,2388,0.0013912421215162933,0.29093424076451097,0.3085847707131131,0.2837301003882794,0.29223181053073527,0.017650529948602087,0.006942236470989631,0.004037213068953391,0.031263846828250785,-0.011247631091166978,0.04654869098837115,UNCERTAIN,IDENTIFICATION_AND_FULL_LEARNING_UNCERTAINTY,,Swing_including_bunts
cell,0-0|BOUNDARY|NFB,17618,16223,0.9208196163015098,2427,16223,811,501,0.36434328527642185,0.36355791160697776,10097.85083055358,2394,0.0011699412868022452,5398.382794683345,2170,0.0017004387641501551,0.29607369334929934,0.2944035382482451,0.28576969043905126,0.2810595323247775,-0.0016701551010542038,0.009086598790519852,-0.019488451189060722,0.016148140986952317,-0.039494652650484095,0.03615434244837568,UNCERTAIN,IDENTIFICATION_AND_FULL_LEARNING_UNCERTAINTY,,Take
cell,0-0|INNER|FB,35798,32791,0.9160008939046874,2430,32791,784,509,0.5185764567852953,0.5178555091336038,15064.902654461277,2421,0.0012391922502421355,16394.09554167618,2423,0.0011968857581361359,0.2746751401346027,0.33575422005802485,0.2629471334927799,0.3226812910499278,0.06107907992342216,0.005806759157723415,0.049692367184923036,0.07246579266192128,0.03690752339977581,0.08525063644706851,UNCERTAIN,IDENTIFICATION_AND_FULL_LEARNING_UNCERTAINTY,,Swing_including_bunts
cell,0-0|INNER|NFB,20252,18549,0.9159095397985384,2429,18549,800,505,0.4582757258542366,0.4601865329667367,9663.3978717598,2376,0.0014120085283354873,8051.466772161778,2346,0.001496829578965423,0.27286526180808207,0.34094306644755934,0.264875440591221,0.33571801552890107,0.06807780463947723,0.008120332791377421,0.05215430698607172,0.08400130229288273,0.03427560449689465,0.1018800047820598,UNCERTAIN,IDENTIFICATION_AND_FULL_LEARNING_UNCERTAINTY,,Swing_including_bunts
cell,0-0|MISSING|UNCLASSIFIED,73,0,0.0,0,0,0,0,0.3424657534246575,,0.0,0,,0.0,0,,,,,,,,,,,,NO_SUPPORT,NO_COMMON_SUPPORT,,
cell,0-0|OUT|FB,44989,35115,0.7805241281202072,2430,35115,790,508,0.13285469781502146,0.15412217001281503,29444.888408146348,2430,0.0010681494356466837,4371.609875806474,2134,0.0022800727699723374,0.3483537971454925,0.26248579214637996,0.3395121850146389,0.24925721190874134,-0.08586800499911261,0.0074483349381238295,-0.10047375116782299,-0.07126225883040223,-0.11687288122588818,-0.05486312877233703,UNCERTAIN,IDENTIFICATION_AND_FULL_LEARNING_UNCERTAINTY,,Take
cell,0-0|OUT|NFB,35012,27849,0.795413001256712,2429,27849,840,507,0.16994173426253856,0.1901325002693095,22156.880005953582,2428,0.0011826451733041082,3850.5761963122195,2115,0.002572762441669589,0.36189512606256163,0.27517651337827737,0.3433865121728807,0.2632027712882504,-0.08671861268428425,0.00849213397934381,-0.10337119072099656,-0.07006603464757195,-0.12206849547630638,-0.051368729892262134,UNCERTAIN,IDENTIFICATION_AND_FULL_LEARNING_UNCERTAINTY,,Take
cell,0-1|BOUNDARY|FB,11994,10969,0.9145406036351509,2384,10969,744,501,0.6320660330165082,0.6304129820402954,3746.0309136248293,1946,0.0022556816222594925,6766.237919565327,2265,0.0014715502941710626,0.2433761177511865,0.25516375682021314,0.24289627827499558,0.24086611134980926,0.01178763906902662,0.009669267282019695,-0.00717340710259675,0.03074868524064999,-0.0284636830660289,0.05203896120408214,UNCERTAIN,IDENTIFICATION_AND_FULL_LEARNING_UNCERTAINTY,,Swing_including_bunts
cell,0-1|BOUNDARY|NFB,9893,9044,0.914181744667947,2368,9044,752,493,0.6694632568482766,0.6688412206988058,2703.529171425004,1702,0.0022918768631987807,5958.226188190458,2205,0.001610404795713381,0.24917922267158593,0.25496466501862813,0.2341505943450232,0.24374055167875713,0.005785442347042143,0.012179462254665627,-0.01809807774674477,0.029668962440829057,-0.04491600201624968,0.05648688671033396,UNCERTAIN,IDENTIFICATION_AND_FULL_LEARNING_UNCERTAINTY,,Swing_including_bunts
cell,0-1|INNER|FB,13136,11995,0.9131394640682094,2404,11995,743,502,0.8067904993909866,0.8065860775323052,2082.713215888477,1478,0.0029263003442365192,9635.669792279155,2369,0.0014595017127430091,0.20362023020176734,0.2832973858392779,0.2065266863946691,0.2750043186269188,0.07967715563751056,0.012207355624584642,0.055739121045720465,0.10361519022930066,0.028861065590198152,0.13049324568482296,UNCERTAIN,IDENTIFICATION_AND_FULL_LEARNING_UNCERTAINTY,,Swing_including_bunts
cell,0-1|INNER|NFB,9520,8689,0.9127100840336134,2352,8689,742,496,0.8139705882352941,0.8162043963632178,1421.103652755523,1138,0.00395199986029653,7056.622434665906,2294,0.001470597173010711,0.2158723170697984,0.300474707331269,0.20984190762599875,0.28944058515580073,0.08460239026147065,0.015014402207068296,0.05515954476749552,0.11404523575544578,0.022098654850955954,0.14710612567198533,UNCERTAIN,IDENTIFICATION_AND_FULL_LEARNING_UNCERTAINTY,,Swing_including_bunts
cell,0-1|MISSING|UNCLASSIFIED,35,0,0.0,0,0,0,0,0.4857142857142857,,0.0,0,,0.0,0,,,,,,,,,,,,NO_SUPPORT,NO_COMMON_SUPPORT,,
cell,0-1|OUT|FB,21738,18778,0.8638329193118042,2427,18778,764,503,0.23902842947833286,0.2536478858238364,13709.058487440545,2419,0.0010859331664026912,3790.6358436809132,2072,0.002363507719137049,0.30095265577539815,0.20925061574817155,0.28143290931327053,0.20652816496339627,-0.09170204002722657,0.008562295453040205,-0.10849220751370518,-0.07491187254074795,-0.1273440366474477,-0.05606004340700544,UNCERTAIN,IDENTIFICATION_AND_FULL_LEARNING_UNCERTAINTY,,Take
cell,0-1|OUT|NFB,26620,22836,0.8578512396694215,2430,22836,824,508,0.286664162283997,0.3015852163251007,15223.314039684508,2426,0.0012631563394191558,4801.914261117851,2262,0.0021400797025713496,0.29828076516107643,0.20741511322432088,0.293939949958203,0.19983348462940975,-0.09086565193675554,0.007509631185663233,-0.10559159643705175,-0.07613970743645933,-0.12212568352159611,-0.05960562035191497,UNCERTAIN,IDENTIFICATION_AND_FULL_LEARNING_UNCERTAINTY,,Take
cell,0-2|BOUNDARY|FB,4721,4306,0.9120948951493327,1920,4145,643,477,0.7693285320906588,0.7677659080352995,896.4197317183427,803,0.004122755076517302,3279.7884307508402,1707,0.0027165866303388193,0.10074022506290709,0.21460302138330503,0.1275735913080785,0.19882008433895482,0.11386279632039795,0.01464633497879937,0.08513839019997897,0.1425872024408169,0.05286458923007464,0.17486100341072125,UNCERTAIN,IDENTIFICATION_AND_FULL_LEARNING_UNCERTAINTY,,Swing_including_bunts
cell,0-2|BOUNDARY|NFB,4184,3793,0.9065487571701721,1900,3676,657,472,0.8522944550669216,0.854468758238861,484.2818221803921,478,0.008650707906223186,3225.7510757554614,1780,0.0024395954242193746,0.0988858381552293,0.2240757162630662,0.13219579436813278,0.20970011680155717,0.12518987810783688,0.016432284020386056,0.09296265281775831,0.15741710339791545,0.05675193595416113,0.19362782026151265,UNCERTAIN,IDENTIFICATION_AND_FULL_LEARNING_UNCERTAINTY,,Swing_including_bunts
cell,0-2|INNER|FB,4545,4035,0.8877887788778878,1911,3845,636,479,0.8968096809680968,0.8944237918215613,382.1545662867944,394,0.007858009241678336,3602.1291517980785,1813,0.002170027100884905,0.01354372918370842,0.2577081858386081,0.08488407284440797,0.2502376096756708,0.24416445665489966,0.010196063092008028,0.22416786853429166,0.26416104477550767,0.2017000070708535,0.2866289062389458,UNCERTAIN,IDENTIFICATION_AND_FULL_LEARNING_UNCERTAINTY,,Swing_including_bunts
cell,0-2|INNER|NFB,3624,2996,0.826710816777042,1635,2901,614,455,0.9392935982339956,0.9392523364485982,164.52727694966575,175,0.017081250937859862,2809.795601773041,1588,0.0038995976162741596,0.04498322125824961,0.2772472158509341,0.1054368452209933,0.2567774087151887,0.23226399459268451,0.012031690733815175,0.20866483352540321,0.2558631556599658,0.1821342667207393,0.28239372246462974,NO_SUPPORT,SAMPLE_OR_OVERLAP_GATE,,Swing_including_bunts
cell,0-2|MISSING|UNCLASSIFIED,19,0,0.0,0,0,0,0,0.5789473684210527,,0.0,0,,0.0,0,,,,,,,,,,,,NO_SUPPORT,NO_COMMON_SUPPORT,,
cell,0-2|OUT|FB,12536,10905,0.8698947032546267,2384,10525,738,499,0.30049457562220805,0.3159101329665291,7151.56408344264,2290,0.0015053763740590295,2714.0421874675244,1753,0.002830537881767423,0.23315412947998918,0.13458221430036313,0.21300650346579603,0.14865906868424325,-0.09857191517962607,0.008126075854739295,-0.11450682472156626,-0.08263700563768589,-0.13239922467299725,-0.06474460568625491,UNCERTAIN,IDENTIFICATION_AND_FULL_LEARNING_UNCERTAINTY,,Take
cell,0-2|OUT|NFB,19123,16391,0.8571353867071067,2423,15718,785,503,0.34544788997542225,0.3619669330730279,9615.184580967842,2388,0.0013009877350128487,3973.2894794274093,2173,0.0023770208109529837,0.21656299946396013,0.09933991782552505,0.2202761531726427,0.10507147973302809,-0.11722308163843509,0.005778172888998058,-0.1285537547133658,-0.10589240856350436,-0.14127577413700249,-0.09317038913986768,UNCERTAIN,IDENTIFICATION_AND_FULL_LEARNING_UNCERTAINTY,,Take
cell,1-0|BOUNDARY|FB,11239,10345,0.9204555565441765,2381,10345,751,497,0.48509653883797493,0.4833252779120348,5116.30434115726,2147,0.001776527848630009,4764.139775166555,2061,0.0020258419155233876,0.3299843712357669,0.3250005284659865,0.320408286826466,0.31419664951783033,-0.004983842769780345,0.0103556116228633,-0.025290795733504113,0.015323110193943421,-0.04809239022411723,0.03812470468455654,UNCERTAIN,IDENTIFICATION_AND_FULL_LEARNING_UNCERTAINTY,,Take
cell,1-0|BOUNDARY|NFB,6945,6426,0.9252699784017279,2241,6426,725,484,0.4937365010799136,0.4928415810768752,3115.063380577305,1768,0.0020527480333874613,3015.0171642701384,1752,0.0024468473520449672,0.32469366487194895,0.31361663889936336,0.3273814710677657,0.30251130129623494,-0.011077025972585575,0.013271079906270628,-0.03710192682570573,0.014947874880534586,-0.06632877735813376,0.04417472541296262,UNCERTAIN,IDENTIFICATION_AND_FULL_LEARNING_UNCERTAINTY,,Take
cell,1-0|INNER|FB,14222,13069,0.9189284207565743,2408,13069,765,504,0.6939249050766418,0.690412426352437,3702.7654860015587,1929,0.002243256748828439,8919.960103531772,2350,0.0018208172123862366,0.3045298480610023,0.3701328613617059,0.2923906840967368,0.34783508225394844,0.06560301330070366,0.011379877689890083,0.04328764164791177,0.08791838495349555,0.01823165142211889,0.11297437517928843,UNCERTAIN,IDENTIFICATION_AND_FULL_LEARNING_UNCERTAINTY,,Swing_including_bunts
cell,1-0|INNER|NFB,7888,7307,0.9263438133874239,2276,7307,721,484,0.6180273833671399,0.6183112084302723,2593.2535596732837,1662,0.0031221638086415,4418.445779247577,2004,0.002532916279763778,0.3205607735668911,0.35911302184010574,0.2936738212393655,0.3451034354113676,0.03855224827321465,0.013132293907090819,0.012799724230501835,0.06430477231592746,-0.01611997551605792,0.09322447206248721,UNCERTAIN,IDENTIFICATION_AND_FULL_LEARNING_UNCERTAINTY,,Swing_including_bunts
cell,1-0|MISSING|UNCLASSIFIED,27,0,0.0,0,0,0,0,0.5185185185185185,,0.0,0,,0.0,0,,,,,,,,,,,,NO_SUPPORT,NO_COMMON_SUPPORT,,
cell,1-0|OUT|FB,16138,13528,0.8382699219234105,2414,13528,765,500,0.1874457801462387,0.2043169722057954,10623.58197501075,2387,0.0013702679472123744,2185.824356673463,1606,0.002749560129295192,0.408912372847147,0.27204339050845844,0.4001207588284481,0.28273273761900175,-0.13686898233868852,0.011286032652056573,-0.15900030087494682,-0.11473766380243021,-0.18384947072543212,-0.08988849395194493,UNCERTAIN,IDENTIFICATION_AND_FULL_LEARNING_UNCERTAINTY,,Take
cell,1-0|OUT|NFB,13582,11534,0.8492121926078634,2399,11534,782,496,0.23980268001767044,0.2568059649731229,8349.402611446218,2345,0.0013466346269352825,2154.470077172397,1674,0.003369773063790635,0.4192609921139713,0.30854658899988735,0.4151723705134249,0.2758105209265877,-0.110714403114084,0.012968881799176548,-0.13614578046348202,-0.08528302576468597,-0.16470074546503613,-0.05672806076313185,UNCERTAIN,IDENTIFICATION_AND_FULL_LEARNING_UNCERTAINTY,,Take
cell,1-1|BOUNDARY|FB,9631,8892,0.9232686117744783,2363,8892,731,493,0.6559028138303395,0.6535087719298246,2842.545637049745,1745,0.0024074918540879548,5702.645406493879,2184,0.0014843634856696966,0.26442098855184243,0.27161959148203907,0.26093097071470767,0.2621596728462996,0.00719860293019669,0.011100208379478501,-0.014568559810319757,0.028965765670713135,-0.03901024333950826,0.05340744919990164,UNCERTAIN,IDENTIFICATION_AND_FULL_LEARNING_UNCERTAINTY,,Swing_including_bunts
cell,1-1|BOUNDARY|NFB,8215,7516,0.9149117468046257,2300,7516,740,490,0.7106512477175898,0.7102182011708356,1973.046708628817,1416,0.003418734638362585,5256.838715210784,2117,0.0019394453212393612,0.25789389700556364,0.27147263495387974,0.26041953327467066,0.2590851549941554,0.013578737948316065,0.01327456184634763,-0.012452629906980671,0.0396101058036128,-0.04168461460042761,0.06884209049705975,UNCERTAIN,IDENTIFICATION_AND_FULL_LEARNING_UNCERTAINTY,,Swing_including_bunts
cell,1-1|INNER|FB,11319,10388,0.9177489177489178,2400,10388,737,496,0.8467179079423978,0.8453985367731999,1435.553370155407,1171,0.003540171524818117,8755.73088812352,2360,0.001353930423647389,0.2189055062107581,0.31933204920785807,0.23777901148502648,0.293196896309466,0.1004265429971,0.01447385758973216,0.07204398370760329,0.1288091022865967,0.04017539551755891,0.16067769047664107,UNCERTAIN,IDENTIFICATION_AND_FULL_LEARNING_UNCERTAINTY,,Swing_including_bunts
cell,1-1|INNER|NFB,8595,7888,0.9177428737638161,2318,7888,750,489,0.8315299592786504,0.829107505070994,1196.6874554020408,1010,0.00450812848912359,6515.021082753582,2250,0.001402159019134837,0.23695286668782292,0.30766945658484157,0.22671462242975396,0.3080949424510425,0.07071658989701866,0.017123610923724913,0.037137388106218604,0.10429579168781872,-0.0005696443720189653,0.1420028241660563,UNCERTAIN,IDENTIFICATION_AND_FULL_LEARNING_UNCERTAINTY,,Swing_including_bunts
cell,1-1|MISSING|UNCLASSIFIED,25,0,0.0,0,0,0,0,0.48,,0.0,0,,0.0,0,,,,,,,,,,,,NO_SUPPORT,NO_COMMON_SUPPORT,,
cell,1-1|OUT|FB,15695,13918,0.8867792290538388,2414,13918,765,501,0.27390888818094933,0.2851702830866504,9692.161602252289,2374,0.0014151822385612036,3145.7763134651796,1932,0.0028147964855047025,0.35089358462917436,0.24288451758325352,0.33599570632508663,0.22078982058087335,-0.10800906704592085,0.010013225558160763,-0.12764447757813097,-0.08837365651371075,-0.14969122777963922,-0.06632690631220249,UNCERTAIN,IDENTIFICATION_AND_FULL_LEARNING_UNCERTAINTY,,Take
cell,1-1|OUT|NFB,18961,16573,0.8740572754601551,2429,16573,811,503,0.3229260060123411,0.33470101973088756,10431.394915104029,2401,0.0012260230190323182,3898.73723284468,2177,0.002178587714387391,0.3469778927710798,0.2251426311606024,0.3423724665748812,0.20990970806429224,-0.1218352616104774,0.008372416909248571,-0.13825308147486967,-0.10541744174608514,-0.15668680271284122,-0.0869837205081136,UNCERTAIN,IDENTIFICATION_AND_FULL_LEARNING_UNCERTAINTY,,Take
cell,1-2|BOUNDARY|FB,7459,6805,0.912320686419091,2220,6502,702,491,0.7899182196004826,0.7904481998530493,1268.2128061020292,1059,0.004827305891390458,5344.759519250498,2088,0.0017056297819550462,0.10117498634739522,0.23021713733946098,0.12542032477148723,0.2254937034093701,0.12904215099206576,0.011007725704435568,0.10745563069365649,0.15062867129047502,0.08321258184374938,0.17487172014038213,UNCERTAIN,IDENTIFICATION_AND_FULL_LEARNING_UNCERTAINTY,,Swing_including_bunts
cell,1-2|BOUNDARY|NFB,6998,6247,0.8926836238925407,2220,6051,698,485,0.8595312946556158,0.8599327677285097,758.6104652532463,739,0.00527143208089308,5350.342583752205,2132,0.0016479472332614213,0.11030373112305737,0.22453799156729431,0.13937218341723323,0.2228299230533596,0.11423426044423697,0.014080525653116098,0.08662187610758998,0.14184664478088396,0.05561139488681296,0.17285712600166098,UNCERTAIN,IDENTIFICATION_AND_FULL_LEARNING_UNCERTAINTY,,Swing_including_bunts
cell,1-2|INNER|FB,7647,6686,0.8743298025369426,2234,6356,701,489,0.9172224401726167,0.9151959317977865,505.94750926973757,500,0.00641550461020595,6109.70849957663,2186,0.001656386493927199,0.033263211467176604,0.27406115556677396,0.07852442231773346,0.26219362733514856,0.24079794409959737,0.008196708858465135,0.22472397736960645,0.25687191082958827,0.20667220441166786,0.27492368378752685,UNCERTAIN,IDENTIFICATION_AND_FULL_LEARNING_UNCERTAINTY,,Swing_including_bunts
cell,1-2|INNER|NFB,6253,5005,0.8004158004158004,2078,4817,697,482,0.9453062529985606,0.9402597402597402,273.21268340667245,281,0.010223823204935013,4699.693853658507,2035,0.0019256161064228668,0.04447733075601988,0.2740733294405118,0.09807045422835532,0.2750489006746095,0.22959599868449196,0.010329144358575114,0.20933944342957492,0.249852553939409,0.1865855756527563,0.2726064217162276,UNCERTAIN,IDENTIFICATION_AND_FULL_LEARNING_UNCERTAINTY,,Swing_including_bunts
cell,1-2|MISSING|UNCLASSIFIED,26,0,0.0,0,0,0,0,0.6923076923076923,,0.0,0,,0.0,0,,,,,,,,,,,,NO_SUPPORT,NO_COMMON_SUPPORT,,
cell,1-2|OUT|FB,16332,14464,0.8856233161890766,2419,13961,762,500,0.33161890766593194,0.3407771017699115,9021.363692348315,2373,0.001371249701041154,3892.332229335838,2054,0.0027373192965889147,0.26285658263601,0.16335095321385537,0.25630304073231164,0.16365635265957726,-0.0995056294221546,0.007777955191657967,-0.11475777608731377,-0.08425348275699543,-0.1318828795197695,-0.06712837932453969,UNCERTAIN,IDENTIFICATION_AND_FULL_LEARNING_UNCERTAINTY,,Take
cell,1-2|OUT|NFB,24880,22083,0.88758038585209,2430,21151,808,506,0.3936495176848875,0.4044740297966762,11734.948045935336,2416,0.0012724319159387956,6005.372700033957,2342,0.0017583820768986385,0.26987703384390876,0.09893414313671975,0.25665874174950426,0.11918626888438179,-0.17094289070718902,0.005140589423876764,-0.181023283829469,-0.16086249758490903,-0.19234140999291247,-0.14954437142146557,UNCERTAIN,IDENTIFICATION_AND_FULL_LEARNING_UNCERTAINTY,,Take
cell,2-0|BOUNDARY|FB,4603,4235,0.9200521399087551,1977,4235,683,474,0.4768629154898979,0.4805194805194805,2113.437273178535,1438,0.0030325447176992,1939.261349933959,1353,0.0028169534349843216,0.38105931208922716,0.3855149723003994,0.3845395788525095,0.3560222250314209,0.004455660211172223,0.015856348142292972,-0.026641258755197843,0.03555257917754229,-0.06157739937348355,0.07048871979582799,UNCERTAIN,IDENTIFICATION_AND_FULL_LEARNING_UNCERTAINTY,,Swing_including_bunts
cell,2-0|BOUNDARY|NFB,1729,1616,0.9346443030653557,1151,1616,486,383,0.44129554655870445,0.4412128712871287,870.9195194211745,746,0.005161345119399214,673.7503258543816,602,0.0058595227497185804,0.38339164025915123,0.39577707077370305,0.39900655278793384,0.3563522859192451,0.01238543051455187,0.0279468822326101,-0.04244716190682631,0.06721802293593004,-0.10419189844113663,0.12896275947024038,UNCERTAIN,IDENTIFICATION_AND_FULL_LEARNING_UNCERTAINTY,,Swing_including_bunts
cell,2-0|INNER|FB,6195,5717,0.9228410008071025,2178,5717,704,480,0.6842615012106538,0.6853244708763337,1649.3826525970774,1251,0.004224160668964984,3863.292710522429,1949,0.0021392231715587715,0.3308207567225771,0.3884347855351022,0.3583912963586281,0.39248445827176764,0.057614028812525135,0.015686468965979618,0.026852011744286353,0.08837604588076392,-0.007697618353718634,0.12292567597876891,UNCERTAIN,IDENTIFICATION_AND_FULL_LEARNING_UNCERTAINTY,,Swing_including_bunts
cell,2-0|INNER|NFB,2045,1908,0.9330073349633252,1270,1908,506,411,0.5623471882640587,0.5634171907756813,794.1725715959019,699,0.004190814924920701,1039.777705928448,847,0.004054763688054826,0.3809199479033101,0.40377589992483565,0.35678652847606274,0.38034450219285054,0.022855952021525662,0.025449062137028772,-0.027070912373595046,0.07278281641664637,-0.08326236658962874,0.12897427063268008,UNCERTAIN,IDENTIFICATION_AND_FULL_LEARNING_UNCERTAINTY,,Swing_including_bunts
cell,2-0|MISSING|UNCLASSIFIED,8,0,0.0,0,0,0,0,0.625,,0.0,0,,0.0,0,,,,,,,,,,,,NO_SUPPORT,NO_COMMON_SUPPORT,,
cell,2-0|OUT|FB,6167,5105,0.827793092265283,2109,5105,712,474,0.18063888438462786,0.19921645445641528,4040.5464266013146,1957,0.001777650905075814,826.8959950315464,835,0.004334143156023603,0.5212007132609635,0.33158344842176957,0.512907437903375,0.3284491078135773,-0.18961726483919406,0.018472256030356113,-0.22584302115629928,-0.15339150852208883,-0.26653300854448403,-0.11270152113390411,UNCERTAIN,IDENTIFICATION_AND_FULL_LEARNING_UNCERTAINTY,,Take
cell,2-0|OUT|NFB,2955,2520,0.8527918781725888,1495,2520,606,416,0.22538071065989848,0.2376984126984127,1879.1592121886972,1276,0.0030276031064185483,444.9623634842509,519,0.011100379909365759,0.5435478210304764,0.34925157551721314,0.5160981993291198,0.33651222895860533,-0.19429624551326333,0.02434704405804451,-0.242054265637629,-0.14653822538889766,-0.2957641982935702,-0.09282829273295644,UNCERTAIN,IDENTIFICATION_AND_FULL_LEARNING_UNCERTAINTY,,Take
cell,2-1|BOUNDARY|FB,6014,5539,0.9210176255404057,2155,5539,718,476,0.661456601263718,0.6622133959198411,1716.727613500438,1301,0.0034477129684993683,3611.41236567218,1888,0.002010966555880133,0.3264423834208754,0.3144282042085501,0.33344798973432327,0.29159927242578326,-0.012014179212325329,0.014898988040669772,-0.04123207699234681,0.017203718567696154,-0.07404848907569378,0.05002013065104312,UNCERTAIN,IDENTIFICATION_AND_FULL_LEARNING_UNCERTAINTY,,Take
cell,2-1|BOUNDARY|NFB,3804,3505,0.9213985278654049,1812,3505,643,450,0.6869085173501577,0.6890156918687589,988.640068137269,864,0.004055315777461376,2379.9341329608715,1488,0.00235761916756021,0.32896766572301517,0.297274161581562,0.33487171095848756,0.28614179293583236,-0.031693504141453235,0.01898453355929418,-0.06892739081130761,0.005540382528401132,-0.1107704293611933,0.04738342107828683,UNCERTAIN,IDENTIFICATION_AND_FULL_LEARNING_UNCERTAINTY,,Take
cell,2-1|INNER|FB,7691,7051,0.9167858535951112,2262,7051,715,490,0.8612664152905994,0.8605871507587576,869.6466340519867,801,0.004363725800530365,6053.065801636988,2205,0.0018155440362246237,0.23894463940991117,0.33503065144826066,0.2717297056006349,0.32391327759838096,0.09608601203834946,0.017759008404611965,0.06126035236766285,0.13091167170903606,0.02215098038197863,0.1700210436947203,UNCERTAIN,IDENTIFICATION_AND_FULL_LEARNING_UNCERTAINTY,,Swing_including_bunts
cell,2-1|INNER|NFB,4352,4032,0.9264705882352942,1933,4032,642,459,0.8113511029411765,0.8082837301587301,689.1291492774933,655,0.004863311567506629,3245.3089154591207,1757,0.0024079782531441583,0.2822779963633076,0.34682414688551017,0.2999059895144488,0.33804206071040643,0.06454615052220265,0.024143333825738036,0.017196422286909784,0.11189587875749551,-0.03600299432512581,0.1650952953695311,UNCERTAIN,IDENTIFICATION_AND_FULL_LEARNING_UNCERTAINTY,,Swing_including_bunts
cell,2-1|MISSING|UNCLASSIFIED,16,0,0.0,0,0,0,0,0.375,,0.0,0,,0.0,0,,,,,,,,,,,,NO_SUPPORT,NO_COMMON_SUPPORT,,
cell,2-1|OUT|FB,8381,7408,0.8839040687268822,2293,7408,728,489,0.281947261663286,0.2902267818574514,5117.718528217333,2107,0.0017797053595545956,1738.2183908075324,1420,0.003304341209275879,0.4569824618161037,0.2615666888531792,0.4510527304851403,0.26899543759281574,-0.1954157729629246,0.013240424630670372,-0.221380239631185,-0.16945130629466418,-0.2505373436429684,-0.14029420228288075,UNCERTAIN,IDENTIFICATION_AND_FULL_LEARNING_UNCERTAINTY,,Take
cell,2-1|OUT|NFB,7137,6369,0.8923917612442203,2222,6369,721,475,0.33949838867871657,0.3518605746585021,3903.2444459401518,1936,0.0021818392806895303,1682.1703627516354,1467,0.0036500615883354633,0.46680908317681447,0.2563972097646287,0.44776000735770793,0.2489334496430771,-0.21041187341218578,0.012769889696877942,-0.2354540442550137,-0.18536970256935786,-0.2635779380972688,-0.15724580872710278,UNCERTAIN,IDENTIFICATION_AND_FULL_LEARNING_UNCERTAINTY,,Take
cell,2-2|BOUNDARY|FB,7374,6802,0.9224301600216979,2237,6456,706,490,0.7953620829943043,0.796383416642164,1224.7058549546607,1024,0.0044390380906515975,5380.717503651846,2125,0.001761971349598102,0.12744773924424516,0.2477813486616677,0.16708697478393222,0.24034308238789648,0.12033360941742255,0.01205053516133895,0.09670220275569,0.1439650160791551,0.0701631930670723,0.1705040257677728,UNCERTAIN,IDENTIFICATION_AND_FULL_LEARNING_UNCERTAINTY,,Swing_including_bunts
cell,2-2|BOUNDARY|NFB,6528,5908,0.9050245098039216,2191,5653,696,490,0.8625919117647058,0.8601895734597157,716.4389934861874,703,0.005444821325397469,5062.691216179192,2096,0.0016391753803950322,0.14466157166689061,0.23893139855102824,0.1803047501792939,0.23888763116437872,0.09426982688413767,0.014696207179784513,0.06544986209421494,0.1230897916740604,0.03308196289062311,0.1554576908776522,UNCERTAIN,IDENTIFICATION_AND_FULL_LEARNING_UNCERTAINTY,,Swing_including_bunts
cell,2-2|INNER|FB,8729,7490,0.8580593424218124,2258,6998,708,491,0.9253064497651506,0.9236315086782376,516.8849699711096,514,0.005786018611572261,6908.416074359957,2229,0.0014798545350627444,0.03253557201295678,0.29249602020897275,0.0979638488011442,0.27832480049426034,0.259960448196016,0.007667491836687627,0.24492437700241831,0.27499651938961367,0.22803871750634408,0.2918821788856879,UNCERTAIN,IDENTIFICATION_AND_FULL_LEARNING_UNCERTAINTY,,Swing_including_bunts
cell,2-2|INNER|NFB,6502,5207,0.800830513688096,2091,4991,687,478,0.9520147646877883,0.9489149222200883,238.40900372286723,256,0.013205928472531466,4934.587496796214,2054,0.0022360806202129644,0.059254738886712406,0.3097815224571437,0.12900635693947765,0.2907219861895997,0.2505267835704313,0.00989628571036932,0.23111918074170293,0.2699343863991596,0.2093193427141713,0.2917342244266913,UNCERTAIN,IDENTIFICATION_AND_FULL_LEARNING_UNCERTAINTY,,Swing_including_bunts
cell,2-2|MISSING|UNCLASSIFIED,24,0,0.0,0,0,0,0,0.5833333333333334,,0.0,0,,0.0,0,,,,,,,,,,,,NO_SUPPORT,NO_COMMON_SUPPORT,,
cell,2-2|OUT|FB,12815,11561,0.9021459227467811,2403,11098,754,498,0.36738197424892705,0.37626502897673214,6776.3708709389775,2300,0.0016870116024360424,3540.6458685178277,1970,0.002713190473961171,0.3543476734401837,0.19362777896674493,0.3514740741979283,0.17552101281636048,-0.1607198944734387,0.008363296998864627,-0.17711991926330775,-0.14431986968356966,-0.19553418211404996,-0.12590560683282745,UNCERTAIN,IDENTIFICATION_AND_FULL_LEARNING_UNCERTAINTY,,Take
cell,2-2|OUT|NFB,17501,15779,0.9016056225358551,2421,15071,789,499,0.43426089937717843,0.44185309588693833,7770.766257742044,2334,0.0021087431503871374,4758.076574164754,2233,0.0023789284596754646,0.3634036457509497,0.1335661076926889,0.3550798797234558,0.13529357458022304,-0.2298375380582607,0.00665577966090581,-0.2428891542017987,-0.2167859219147227,-0.2575434711213916,-0.20213160499512983,UNCERTAIN,IDENTIFICATION_AND_FULL_LEARNING_UNCERTAINTY,,Take
cell,3-0|BOUNDARY|FB,1942,1693,0.8717816683831102,1203,1693,560,413,0.1004119464469619,0.10691080921441229,1509.0784888933824,1113,0.0034567861443029727,163.62719867060753,173,0.017203359550779507,0.5030342698754536,0.4207010598227359,0.5022456588793005,0.39194885379892835,-0.08233321005271765,0.043795971519125315,-0.16825825839654485,0.0035918382911095253,-0.26499179383871485,0.10032537373327954,NO_SUPPORT,SAMPLE_OR_OVERLAP_GATE,,Take
cell,3-0|BOUNDARY|NFB,105,100,0.9523809523809523,97,100,75,86,0.12380952380952381,0.13,86.71538537405137,85,0.0242446734786932,12.602328349539581,13,0.09801424610725243,0.4911148184566103,0.3090989373480834,0.4999453056400188,0.3894887165725836,-0.18201588110852682,0.10579599201401933,-0.39201926547831034,0.027987503261256708,-0.6433934658126715,0.27936170359561796,NO_SUPPORT,SAMPLE_OR_OVERLAP_GATE,,Take
cell,3-0|INNER|FB,2549,2352,0.9227147901137701,1517,2352,611,439,0.15064731267163595,0.15348639455782312,1985.7534646814806,1367,0.0030959233753721773,324.841303918321,331,0.009776822343101161,0.46928454677465886,0.5216244968644405,0.4589927237113389,0.4590402497157647,0.05233995008978158,0.042995842927313975,-0.03199768723914105,0.13667758741870423,-0.12684016821848,0.23152006839804312,UNCERTAIN,IDENTIFICATION_AND_FULL_LEARNING_UNCERTAINTY,,Swing_including_bunts
cell,3-0|INNER|NFB,132,123,0.9318181818181818,119,123,90,97,0.20454545454545456,0.21951219512195122,95.40314443820036,94,0.0195387116549432,24.53088453680917,27,0.06587604565186171,0.5274255233488218,0.35591743964240447,0.48855789937504995,0.4164954124549933,-0.1715080837064172,0.1355577843427809,-0.43994940221335677,0.09693323480052232,-0.7572855226511697,0.4142693552383352,NO_SUPPORT,SAMPLE_OR_OVERLAP_GATE,,Take
cell,3-0|MISSING|UNCLASSIFIED,1,0,0.0,0,0,0,0,0.0,,0.0,0,,0.0,0,,,,,,,,,,,,NO_SUPPORT,NO_COMMON_SUPPORT,,
cell,3-0|OUT|FB,2402,1521,0.6332223147377186,1110,1521,567,394,0.0324729392173189,0.04667981591058514,1446.5199445576893,1077,0.0033432636744913564,63.14787268202458,70,0.04543245674248499,0.6744852400007055,0.37971522740771735,0.6288686650723054,0.3692801456890312,-0.2947700125929883,0.02231575262306636,-0.33855587109136,-0.2509841540946166,-0.3878714136772974,-0.2016686115086792,NO_SUPPORT,SAMPLE_OR_OVERLAP_GATE,,Take
cell,3-0|OUT|NFB,189,141,0.746031746031746,133,141,106,110,0.06349206349206349,0.0851063829787234,128.26871515881317,121,0.01867522371693681,9.360258717716713,12,0.18450686224948692,0.6690414818377071,0.30127536258045196,0.5643080644694868,0.3625438051097406,-0.36776611925725516,0.08862988885454516,-0.5430847997602953,-0.192447438754215,-0.7491442443354833,0.013612005820972994,NO_SUPPORT,SAMPLE_OR_OVERLAP_GATE,,Take
cell,3-1|BOUNDARY|FB,3279,3034,0.925282098200671,1670,3034,656,450,0.5995730405611467,0.5969017798286091,1136.9799139653842,926,0.0038567109872200776,1767.3618597086795,1248,0.003885537417965641,0.4472446823689457,0.36959959958337874,0.46169772389378655,0.3559113701533804,-0.07764508278556695,0.017899651919198692,-0.11275321610850994,-0.042536949462623964,-0.1522191398687251,-0.003071025702408789,UNCERTAIN,IDENTIFICATION_AND_FULL_LEARNING_UNCERTAINTY,,Take
cell,3-1|BOUNDARY|NFB,876,814,0.9292237442922374,691,814,374,338,0.567351598173516,0.5601965601965602,337.37689038535706,331,0.010180751997807132,439.85142897334043,420,0.00705643616815623,0.46848715955838394,0.36612619040159067,0.457739316890196,0.37674381636241877,-0.10236096915679319,0.033438664174561934,-0.16801470973749316,-0.03670722857609321,-0.24221784006237043,0.03749590174878406,UNCERTAIN,IDENTIFICATION_AND_FULL_LEARNING_UNCERTAINTY,,Take
cell,3-1|INNER|FB,4578,4235,0.9250764525993884,1977,4235,686,477,0.8193534294451725,0.8184179456906729,692.8150262995032,655,0.0062341651782384395,3452.389136767754,1832,0.0023468287239908872,0.3818144602651249,0.4074048818614251,0.39356812025284493,0.406773001096403,0.025590421596300227,0.02207717498385704,-0.017706566797150616,0.06888740998975107,-0.06634899585894047,0.11752983905154091,UNCERTAIN,IDENTIFICATION_AND_FULL_LEARNING_UNCERTAINTY,,Swing_including_bunts
cell,3-1|INNER|NFB,1116,1039,0.9310035842293907,808,1039,405,349,0.6774193548387096,0.6756496631376323,310.18433980355536,311,0.010168508197588827,692.2983409233839,584,0.00583858118337423,0.34940987055122485,0.44220645070121867,0.42075926325069146,0.4154274260222416,0.09279658014999383,0.03665863570053088,0.020839053035615188,0.16475410726437245,-0.0603800774778253,0.24597323777781294,UNCERTAIN,IDENTIFICATION_AND_FULL_LEARNING_UNCERTAINTY,,Swing_including_bunts
cell,3-1|MISSING|UNCLASSIFIED,6,0,0.0,0,0,0,0,0.8333333333333334,,0.0,0,,0.0,0,,,,,,,,,,,,NO_SUPPORT,NO_COMMON_SUPPORT,,
cell,3-1|OUT|FB,4182,3654,0.8737446197991392,1840,3654,682,459,0.2226207556193209,0.23316912972085385,2748.091258954688,1619,0.0026418112688543203,672.6583852377449,717,0.00572927451569041,0.6684949625187172,0.33082057184460506,0.637254031442386,0.34126707057233024,-0.3376743906741121,0.01878738818164771,-0.3745212458957796,-0.30082753545244456,-0.4159271299605212,-0.25942165138770296,UNCERTAIN,IDENTIFICATION_AND_FULL_LEARNING_UNCERTAINTY,,Take
cell,3-1|OUT|NFB,1524,1376,0.9028871391076115,1012,1376,467,371,0.28608923884514437,0.2921511627906977,938.9271480914693,774,0.004482239766163648,292.9695469166144,361,0.012357062039816463,0.6739260700162252,0.36993816297569065,0.6093381415200944,0.3434914438565758,-0.3039879070405346,0.029159475737180335,-0.36120793143535973,-0.24676788264570942,-0.42569006472175697,-0.1822857493593122,UNCERTAIN,IDENTIFICATION_AND_FULL_LEARNING_UNCERTAINTY,,Take
cell,3-2|BOUNDARY|FB,6001,5514,0.9188468588568572,2107,5104,695,479,0.7973671054824196,0.8014145810663765,965.1631837131181,875,0.005402172319456229,4393.188224003802,1946,0.001957158362500538,0.1854338448581703,0.3127934534559462,0.2654185541355294,0.3114770846934365,0.12735960859777593,0.01321709790765264,0.10143967610775266,0.1532795410877992,0.07232545315852035,0.1823937640370315,UNCERTAIN,IDENTIFICATION_AND_FULL_LEARNING_UNCERTAINTY,,Swing_including_bunts
cell,3-2|BOUNDARY|NFB,3418,3121,0.9131070801638385,1687,2966,591,441,0.8300175541252194,0.8298622236462673,462.40670109648073,467,0.007953938006641525,2578.767239752163,1513,0.0024114557021407044,0.154600419788693,0.2689040988095663,0.28549569621666293,0.28504113991882996,0.11430367902087331,0.019277946187352214,0.07649245478395372,0.1521149032577929,0.033989551714890695,0.19461780632685594,UNCERTAIN,IDENTIFICATION_AND_FULL_LEARNING_UNCERTAINTY,,Swing_including_bunts
cell,3-2|INNER|FB,8333,7087,0.8504740189607585,2235,6245,715,490,0.937357494299772,0.9343869056018062,420.2922983873878,414,0.007295309359841525,6613.8193390872675,2194,0.002126403922170825,0.06048554717375708,0.36559512854364584,0.16761620936934019,0.34573794233022126,0.3051095813698888,0.009519239196020948,0.28644210157658895,0.32377706116318866,0.2654777258705452,0.3447414368692324,UNCERTAIN,IDENTIFICATION_AND_FULL_LEARNING_UNCERTAINTY,,Swing_including_bunts
cell,3-2|INNER|NFB,4052,3407,0.8408193484698914,1739,3200,584,455,0.9336130306021717,0.9342530085118873,202.99228834236442,217,0.011642555978610757,3178.679256263099,1678,0.0025329095871622774,0.07565818854450791,0.3461556927196944,0.22996595007250523,0.34560140934756567,0.2704975041751865,0.015002118422986698,0.24107340130991378,0.29992160704045917,0.2080020381268507,0.33299297022352226,UNCERTAIN,IDENTIFICATION_AND_FULL_LEARNING_UNCERTAINTY,,Swing_including_bunts
cell,3-2|MISSING|UNCLASSIFIED,12,0,0.0,0,0,0,0,0.5833333333333334,,0.0,0,,0.0,0,,,,,,,,,,,,NO_SUPPORT,NO_COMMON_SUPPORT,,
cell,3-2|OUT|FB,7944,7229,0.9099949647532729,2244,6818,726,482,0.41012084592145015,0.41886844653479044,3936.261280386696,1970,0.001896593973831158,2480.0838566698717,1639,0.002673846210291419,0.6529852858973332,0.23148802690327014,0.6301014266100754,0.2342610098903109,-0.421497258994063,0.009692541382166086,-0.4405045476150355,-0.4024899703730905,-0.46185029946339223,-0.38114421852473374,UNCERTAIN,IDENTIFICATION_AND_FULL_LEARNING_UNCERTAINTY,,Take
cell,3-2|OUT|NFB,6442,5927,0.9200558832660665,2171,5687,715,476,0.4484632101831729,0.45621731061245147,2807.5548513605972,1755,0.0027311854070595424,2003.5052991680411,1565,0.0044548398382098925,0.6600543696555338,0.15738627875299963,0.6305738457399552,0.1883189180316378,-0.5026680909025342,0.00780095602923115,-0.5179662165456477,-0.48736996525942067,-0.5351481054470013,-0.470188076358067,UNCERTAIN,IDENTIFICATION_AND_FULL_LEARNING_UNCERTAINTY,,Take
