level,state,setting,n,coverage,Q0,Q1,delta,different_target,low,high,clusters
overall,ALL,untrimmed,716112,0.9996189199941372,0.292516529062128,0.26242451076801243,-0.03009201829411556,True,,,
overall,ALL,trim_002,653834,0.9126852181438752,0.29432020496381106,0.2654133624116265,-0.028906842552184564,True,,,
overall,ALL,trim_005,630906,0.880680081241232,0.29300750814933907,0.26628424827945824,-0.026723259869880767,False,,,
overall,ALL,trim_010,547581,0.764366925605645,0.3014556369267282,0.2657686335126858,-0.03568700341404241,True,,,
overall,ALL,clip_010_same_target,630906,0.880680081241232,0.29397595204376803,0.2659050361168834,-0.02807091592688464,False,,,
overall,ALL,first_count_visit,587682,0.820343809543751,0.29750208761146996,0.26996400854581576,-0.027538079065654184,True,,,
overall,ALL,fixed_score_cluster_pitcher,630906,,,,-0.026723259869880767,False,-0.03334953848682161,-0.020096981252939926,863.0
overall,ALL,fixed_score_cluster_batter,630906,,,,-0.026723259869880767,False,-0.03315500957986439,-0.020291510159897143,512.0
count,0-0,untrimmed,182894,0.999601020949133,0.31222311242047124,0.29368064969287316,-0.018542462727598054,True,,,
count,0-0,trim_002,165559,0.9048571600343231,0.31433237928386315,0.2976386726105906,-0.016693706673272454,True,,,
count,0-0,trim_005,157376,0.8601332480720567,0.3113156273599797,0.30039999740511836,-0.010915629954861335,False,,,
count,0-0,trim_010,141284,0.772182961954888,0.3046299446724266,0.3050740921973311,0.0004441475249045764,True,,,
count,0-0,clip_010_same_target,157376,0.8601332480720567,0.31136189073459847,0.2995034346161409,-0.01185845611845758,False,,,
count,0-0,first_count_visit,157376,0.8601332480720567,0.3113156273599797,0.30039999740511836,-0.010915629954861335,True,,,
count,0-0,fixed_score_cluster_pitcher,157376,,,,-0.010915629954861335,False,-0.02375505338474252,0.0019237934750198516,863.0
count,0-0,fixed_score_cluster_batter,157376,,,,-0.010915629954861335,False,-0.024135033485822875,0.0023037735761002043,511.0
count,0-1,untrimmed,92901,0.9996233967461479,0.2638870679251998,0.23510815716638767,-0.028778910758812136,True,,,
count,0-1,trim_002,84568,0.9099595420504433,0.26495446907346026,0.2394132411252991,-0.02554122794816117,True,,,
count,0-1,trim_005,82311,0.8856740122234656,0.2636845290801112,0.24030333907063073,-0.023381190009480506,False,,,
count,0-1,trim_010,74689,0.8036605836274425,0.2606623922881154,0.2407416092366924,-0.019920783051423016,True,,,
count,0-1,clip_010_same_target,82311,0.8856740122234656,0.26338851686317055,0.23951107718516348,-0.02387743967800706,False,,,
count,0-1,first_count_visit,82311,0.8856740122234656,0.2636845290801112,0.24030333907063073,-0.023381190009480506,True,,,
count,0-1,fixed_score_cluster_pitcher,82311,,,,-0.023381190009480506,False,-0.04010576818583536,-0.006656611833125648,850.0
count,0-1,fixed_score_cluster_batter,82311,,,,-0.023381190009480506,False,-0.040485854012848474,-0.006276526006112535,511.0
count,0-2,untrimmed,48733,0.9996102723990811,0.16719929938104267,0.15513220941173067,-0.012067089969311958,True,,,
count,0-2,trim_002,44282,0.9083114538890712,0.16782554409145092,0.15757242240290767,-0.010253121688543252,True,,,
count,0-2,trim_005,42426,0.8702412208729898,0.16712652565838623,0.158873912940983,-0.00825261271740324,False,,,
count,0-2,trim_010,35167,0.7213447653429603,0.1806514013937597,0.15249533589308037,-0.028156065500679325,True,,,
count,0-2,clip_010_same_target,42426,0.8702412208729898,0.1689088943053533,0.15934360944850007,-0.009565284856853226,False,,,
count,0-2,first_count_visit,34341,0.7044018706924844,0.1677004402741309,0.15559071173755087,-0.012109728536580018,True,,,
count,0-2,fixed_score_cluster_pitcher,42426,,,,-0.00825261271740324,False,-0.02521972520510216,0.008714499770295678,815.0
count,0-2,fixed_score_cluster_batter,42426,,,,-0.00825261271740324,False,-0.02659692629446506,0.010091700859658579,509.0
count,1-0,untrimmed,70014,0.9996145115004069,0.3570194902929896,0.3190254412144673,-0.0379940490785223,True,,,
count,1-0,trim_002,64034,0.9142359475164547,0.35962000273620714,0.323725076853427,-0.03589492588278009,True,,,
count,1-0,trim_005,62209,0.8881797804143288,0.3566996870321403,0.32274615487458175,-0.03395353215755855,False,,,
count,1-0,trim_010,57684,0.8235747633528933,0.35216747604790805,0.3272515322714816,-0.024915943776426485,True,,,
count,1-0,clip_010_same_target,62209,0.8881797804143288,0.35670386134419474,0.3227087992573617,-0.03399506208683302,False,,,
count,1-0,first_count_visit,62209,0.8881797804143288,0.3566996870321403,0.32274615487458175,-0.03395353215755855,True,,,
count,1-0,fixed_score_cluster_pitcher,62209,,,,-0.03395353215755855,False,-0.05428704078661567,-0.013620023528501436,855.0
count,1-0,fixed_score_cluster_batter,62209,,,,-0.03395353215755855,False,-0.05505882711340025,-0.012848237201716853,511.0
count,1-1,untrimmed,72416,0.9996548915669303,0.2918715262108348,0.26202113859116455,-0.02985038761967016,True,,,
count,1-1,trim_002,66442,0.9171877804006019,0.2940951455200463,0.2650099954186248,-0.02908515010142149,True,,,
count,1-1,trim_005,65175,0.8996976850126309,0.29254834060317075,0.2656157004132336,-0.026932640189937213,False,,,
count,1-1,trim_010,58444,0.8067806904929529,0.2935603490995828,0.26455900674338,-0.02900134235620274,True,,,
count,1-1,clip_010_same_target,65175,0.8996976850126309,0.2924959058454566,0.26514830801538736,-0.027347597830069268,False,,,
count,1-1,first_count_visit,65175,0.8996976850126309,0.29254834060317075,0.2656157004132336,-0.026932640189937213,True,,,
count,1-1,fixed_score_cluster_pitcher,65175,,,,-0.026932640189937213,False,-0.04835686373814638,-0.005508416641728048,850.0
count,1-1,fixed_score_cluster_batter,65175,,,,-0.026932640189937213,False,-0.04660535540715721,-0.00725992497271721,511.0
count,1-2,untrimmed,69568,0.9996120410949062,0.18779525720189377,0.17289288197319794,-0.014902375228695839,True,,,
count,1-2,trim_002,63608,0.9139737050075436,0.18878900537951737,0.17413076367789154,-0.01465824170162583,True,,,
count,1-2,trim_005,61290,0.8806667145628277,0.18900672560524506,0.17492082269633738,-0.0140859029089077,False,,,
count,1-2,trim_010,49518,0.7115166319419498,0.21169881162595344,0.16147083075423366,-0.05022798087171978,True,,,
count,1-2,clip_010_same_target,61290,0.8806667145628277,0.19069232559695126,0.17508119450118032,-0.015611131095770921,False,,,
count,1-2,first_count_visit,48265,0.6935124649759322,0.18770560455737811,0.1709875224045418,-0.016718082152836346,True,,,
count,1-2,fixed_score_cluster_pitcher,61290,,,,-0.0140859029089077,False,-0.028659048527049445,0.0004872427092340436,828.0
count,1-2,fixed_score_cluster_batter,61290,,,,-0.0140859029089077,False,-0.029295819212471107,0.0011240133946557075,511.0
count,2-0,untrimmed,23694,0.9996624757404439,0.4250113980162213,0.3706733609156926,-0.054338037100528695,True,,,
count,2-0,trim_002,21745,0.9174331280060755,0.4259959482264357,0.37122320361855327,-0.05477274460788243,True,,,
count,2-0,trim_005,21101,0.8902624251118049,0.42092387822061395,0.37136463743518183,-0.049559240785432064,False,,,
count,2-0,trim_010,19600,0.8269344359125812,0.410821691872114,0.37427113813077356,-0.0365505537413404,True,,,
count,2-0,clip_010_same_target,21101,0.8902624251118049,0.42096296904107794,0.37037712989652016,-0.050585839144557714,False,,,
count,2-0,first_count_visit,21101,0.8902624251118049,0.42092387822061395,0.37136463743518183,-0.049559240785432064,True,,,
count,2-0,fixed_score_cluster_pitcher,21101,,,,-0.049559240785432064,False,-0.08347129548134732,-0.01564718608951681,829.0
count,2-0,fixed_score_cluster_batter,21101,,,,-0.049559240785432064,False,-0.08435415801148771,-0.014764323559376416,505.0
count,2-1,untrimmed,37379,0.9995721353122076,0.35631027241526564,0.29643067838888504,-0.05987959402638064,True,,,
count,2-1,trim_002,34434,0.9208182912154032,0.3599758750093027,0.29709356679387244,-0.06288230821543019,True,,,
count,2-1,trim_005,33904,0.9066452734322771,0.35814572592704,0.2983406000198757,-0.05980512590716426,False,,,
count,2-1,trim_010,29891,0.7993314614253243,0.3667780348701999,0.29671169620352617,-0.07006633866667375,True,,,
count,2-1,clip_010_same_target,33904,0.9066452734322771,0.3591600725807803,0.2980001672670132,-0.06115990531376712,False,,,
count,2-1,first_count_visit,33904,0.9066452734322771,0.35814572592704,0.2983406000198757,-0.05980512590716426,True,,,
count,2-1,fixed_score_cluster_pitcher,33904,,,,-0.05980512590716426,False,-0.08850850579416236,-0.03110174602016616,838.0
count,2-1,fixed_score_cluster_batter,33904,,,,-0.05980512590716426,False,-0.08649909406970635,-0.03311115774462217,510.0
count,2-2,untrimmed,59449,0.9995964555344442,0.2255269759722794,0.21147873126438085,-0.014048244707898538,True,,,
count,2-2,trim_002,54709,0.919896423587174,0.2270034329599296,0.2146564688892046,-0.01234696407072501,True,,,
count,2-2,trim_005,52747,0.8869066635279875,0.22948320333770073,0.21322375454439432,-0.0162594487933064,False,,,
count,2-2,trim_010,40934,0.6882787147108772,0.27061962374093057,0.19719809078050568,-0.07342153296042488,True,,,
count,2-2,clip_010_same_target,52747,0.8869066635279875,0.23291034732404678,0.21357655009991322,-0.01933379722413353,False,,,
count,2-2,first_count_visit,39688,0.6673280312074387,0.22775416265457843,0.21046146690758688,-0.017292695746991583,True,,,
count,2-2,fixed_score_cluster_pitcher,52747,,,,-0.0162594487933064,False,-0.03362390042474532,0.0011050028381325225,826.0
count,2-2,fixed_score_cluster_batter,52747,,,,-0.0162594487933064,False,-0.03294744578832251,0.00042854820170971225,511.0
count,3-0,untrimmed,7319,0.9998633879781421,0.556898098250115,0.4288078435377024,-0.12809025471241264,True,,,
count,3-0,trim_002,6629,0.9056010928961749,0.5530688837252006,0.4316913718958405,-0.12137751182936005,True,,,
count,3-0,trim_005,5930,0.8101092896174863,0.5378762214352271,0.44415213098260736,-0.0937240904526197,False,,,
count,3-0,trim_010,3447,0.47090163934426227,0.5161120459299199,0.460396241659366,-0.055715804270553934,True,,,
count,3-0,clip_010_same_target,5930,0.8101092896174863,0.5382212479991655,0.44193837182911594,-0.0962828761700495,False,,,
count,3-0,first_count_visit,5930,0.8101092896174863,0.5378762214352271,0.44415213098260736,-0.0937240904526197,True,,,
count,3-0,fixed_score_cluster_pitcher,5930,,,,-0.0937240904526197,False,-0.18428433732618404,-0.003163843579055345,742.0
count,3-0,fixed_score_cluster_batter,5930,,,,-0.0937240904526197,False,-0.19139483577441085,0.003946654869171465,474.0
count,3-1,untrimmed,15555,0.9996144206670522,0.5037971166501912,0.3779391135082466,-0.12585800314194467,True,,,
count,3-1,trim_002,14374,0.9237195552985027,0.5038269866151052,0.3759610551498989,-0.1278659314652062,True,,,
count,3-1,trim_005,14152,0.9094531199794358,0.50087004482046,0.3760639741986507,-0.12480607062180935,False,,,
count,3-1,trim_010,12959,0.8327870959449907,0.49216174186203,0.37202625027590813,-0.12013549158612191,True,,,
count,3-1,clip_010_same_target,14152,0.9094531199794358,0.5002825113214204,0.37536643504923184,-0.1249160762721886,False,,,
count,3-1,first_count_visit,14151,0.9093888567572778,0.5007910475607964,0.3760612964248796,-0.12472975113591679,True,,,
count,3-1,fixed_score_cluster_pitcher,14152,,,,-0.12480607062180935,False,-0.16698015361676313,-0.08263198762685556,805.0
count,3-1,fixed_score_cluster_batter,14152,,,,-0.12480607062180935,False,-0.16676171306465015,-0.08285042817896852,498.0
count,3-2,untrimmed,36190,0.9996685266007402,0.3261038693508194,0.2768716789178019,-0.04923219043301754,True,,,
count,3-2,trim_002,33450,0.92398210043644,0.3286962491622407,0.2783296742591783,-0.050366574903062386,True,,,
count,3-2,trim_005,32285,0.8918015579249765,0.335263792244082,0.27692653977012016,-0.058337252473961806,False,,,
count,3-2,trim_010,23964,0.6619523783216397,0.4175561663710751,0.253068422300422,-0.16448774407065314,True,,,
count,3-2,clip_010_same_target,32285,0.8918015579249765,0.3427778662290957,0.2771390661863514,-0.06563880004274422,False,,,
count,3-2,first_count_visit,23231,0.6417048781835257,0.33246958347099437,0.2734790992223514,-0.05899048424864294,True,,,
count,3-2,fixed_score_cluster_pitcher,32285,,,,-0.058337252473961806,False,-0.08391020160293752,-0.0327643033449861,818.0
count,3-2,fixed_score_cluster_batter,32285,,,,-0.058337252473961806,False,-0.08136875864518481,-0.035305746302738805,507.0
cell,0-0|BOUNDARY|FB,untrimmed,29225,1.0,0.28839197425906116,0.30399950655428115,0.01560753229522005,True,,,
cell,0-0|BOUNDARY|FB,trim_002,26849,0.918699743370402,0.29093424076451097,0.3085847707131131,0.017650529948602087,True,,,
cell,0-0|BOUNDARY|FB,trim_005,26849,0.918699743370402,0.29093424076451097,0.3085847707131131,0.017650529948602087,False,,,
cell,0-0|BOUNDARY|FB,trim_010,26834,0.9181864841745081,0.29085622666714805,0.3087122468513066,0.017856020184158522,True,,,
cell,0-0|BOUNDARY|FB,clip_010_same_target,26849,0.918699743370402,0.2909353291144099,0.30859359540153253,0.01765826628712263,False,,,
cell,0-0|BOUNDARY|FB,first_count_visit,26849,0.918699743370402,0.29093424076451097,0.3085847707131131,0.017650529948602087,True,,,
cell,0-0|BOUNDARY|FB,fixed_score_cluster_pitcher,26849,,,,0.017650529948602087,False,-0.014183178521462014,0.049484238418666185,780.0
cell,0-0|BOUNDARY|FB,fixed_score_cluster_batter,26849,,,,0.017650529948602087,False,-0.012956564505642844,0.04825762440284702,507.0
cell,0-0|BOUNDARY|NFB,untrimmed,17618,1.0,0.2907666175605845,0.2907381335368476,-2.8484023736846727e-05,True,,,
cell,0-0|BOUNDARY|NFB,trim_002,16223,0.9208196163015098,0.29607369334929934,0.2944035382482451,-0.0016701551010542038,True,,,
cell,0-0|BOUNDARY|NFB,trim_005,16223,0.9208196163015098,0.29607369334929934,0.2944035382482451,-0.0016701551010542038,False,,,
cell,0-0|BOUNDARY|NFB,trim_010,16214,0.9203087751163582,0.29600854545466043,0.29458704979528644,-0.001421495659374051,True,,,
cell,0-0|BOUNDARY|NFB,clip_010_same_target,16223,0.9208196163015098,0.29607300069251474,0.29440396157575416,-0.0016690391167606233,False,,,
cell,0-0|BOUNDARY|NFB,first_count_visit,16223,0.9208196163015098,0.29607369334929934,0.2944035382482451,-0.0016701551010542038,True,,,
cell,0-0|BOUNDARY|NFB,fixed_score_cluster_pitcher,16223,,,,-0.0016701551010542038,False,-0.04129365050369464,0.03795334030158623,811.0
cell,0-0|BOUNDARY|NFB,fixed_score_cluster_batter,16223,,,,-0.0016701551010542038,False,-0.042291595532807286,0.03895128533069887,501.0
cell,0-0|INNER|FB,untrimmed,35798,1.0,0.2712512628811582,0.3320277714682796,0.06077650858712142,True,,,
cell,0-0|INNER|FB,trim_002,32791,0.9160008939046874,0.2746751401346027,0.33575422005802485,0.06107907992342216,True,,,
cell,0-0|INNER|FB,trim_005,32791,0.9160008939046874,0.2746751401346027,0.33575422005802485,0.06107907992342216,False,,,
cell,0-0|INNER|FB,trim_010,32791,0.9160008939046874,0.2746751401346027,0.33575422005802485,0.06107907992342216,True,,,
cell,0-0|INNER|FB,clip_010_same_target,32791,0.9160008939046874,0.2746751401346027,0.33575422005802485,0.06107907992342216,False,,,
cell,0-0|INNER|FB,first_count_visit,32791,0.9160008939046874,0.2746751401346027,0.33575422005802485,0.06107907992342216,True,,,
cell,0-0|INNER|FB,fixed_score_cluster_pitcher,32791,,,,0.06107907992342216,False,0.03642840012020282,0.0857297597266415,784.0
cell,0-0|INNER|FB,fixed_score_cluster_batter,32791,,,,0.06107907992342216,False,0.03421398889680856,0.08794417095003576,509.0
cell,0-0|INNER|NFB,untrimmed,20252,1.0,0.2707086133668498,0.33517246896718916,0.06446385560033933,True,,,
cell,0-0|INNER|NFB,trim_002,18549,0.9159095397985384,0.27286526180808207,0.34094306644755934,0.06807780463947723,True,,,
cell,0-0|INNER|NFB,trim_005,18549,0.9159095397985384,0.27286526180808207,0.34094306644755934,0.06807780463947723,False,,,
cell,0-0|INNER|NFB,trim_010,18549,0.9159095397985384,0.27286526180808207,0.34094306644755934,0.06807780463947723,True,,,
cell,0-0|INNER|NFB,clip_010_same_target,18549,0.9159095397985384,0.27286526180808207,0.34094306644755934,0.06807780463947723,False,,,
cell,0-0|INNER|NFB,first_count_visit,18549,0.9159095397985384,0.27286526180808207,0.34094306644755934,0.06807780463947723,True,,,
cell,0-0|INNER|NFB,fixed_score_cluster_pitcher,18549,,,,0.06807780463947723,False,0.033981728562548524,0.10217388071640593,800.0
cell,0-0|INNER|NFB,fixed_score_cluster_batter,18549,,,,0.06807780463947723,False,0.0320585157468064,0.10409709353214805,505.0
cell,0-0|OUT|FB,untrimmed,44989,1.0,0.34933385939928335,0.24864351105832086,-0.10069034834096251,True,,,
cell,0-0|OUT|FB,trim_002,40207,0.8937073506857232,0.35140608296185766,0.25373622983706257,-0.0976698531247951,True,,,
cell,0-0|OUT|FB,trim_005,35115,0.7805241281202072,0.3483537971454925,0.26248579214637996,-0.08586800499911261,False,,,
cell,0-0|OUT|FB,trim_010,25071,0.5572695547800574,0.34179122690157915,0.2675914147979957,-0.07419981210358342,True,,,
cell,0-0|OUT|FB,clip_010_same_target,35115,0.7805241281202072,0.3484686595047503,0.2607169314928617,-0.08775172801188859,False,,,
cell,0-0|OUT|FB,first_count_visit,35115,0.7805241281202072,0.3483537971454925,0.26248579214637996,-0.08586800499911261,True,,,
cell,0-0|OUT|FB,fixed_score_cluster_pitcher,35115,,,,-0.08586800499911261,False,-0.11736907093134286,-0.05436693906688237,790.0
cell,0-0|OUT|FB,fixed_score_cluster_batter,35115,,,,-0.08586800499911261,False,-0.11926496972289952,-0.0524710402753257,508.0
cell,0-0|OUT|NFB,untrimmed,35012,1.0,0.3611312595706249,0.28121080788528247,-0.07992045168534252,True,,,
cell,0-0|OUT|NFB,trim_002,30940,0.8836970181652005,0.36292252053283036,0.28053063110348675,-0.08239188942934364,True,,,
cell,0-0|OUT|NFB,trim_005,27849,0.795413001256712,0.36189512606256163,0.27517651337827737,-0.08671861268428425,False,,,
cell,0-0|OUT|NFB,trim_010,21825,0.6233577059293957,0.357283869398838,0.2748689692902625,-0.08241490010857548,True,,,
cell,0-0|OUT|NFB,clip_010_same_target,27849,0.795413001256712,0.362011086023898,0.27233160959963637,-0.08967947642426154,False,,,
cell,0-0|OUT|NFB,first_count_visit,27849,0.795413001256712,0.36189512606256163,0.27517651337827737,-0.08671861268428425,True,,,
cell,0-0|OUT|NFB,fixed_score_cluster_pitcher,27849,,,,-0.08671861268428425,False,-0.12297769597895225,-0.05045952938961625,840.0
cell,0-0|OUT|NFB,fixed_score_cluster_batter,27849,,,,-0.08671861268428425,False,-0.12299703285539032,-0.050440192513178196,507.0
cell,0-1|BOUNDARY|FB,untrimmed,11994,1.0,0.23788085658112648,0.24874586930774492,0.010865012726618412,True,,,
cell,0-1|BOUNDARY|FB,trim_002,10969,0.9145406036351509,0.2433761177511865,0.25516375682021314,0.01178763906902662,True,,,
cell,0-1|BOUNDARY|FB,trim_005,10969,0.9145406036351509,0.2433761177511865,0.25516375682021314,0.01178763906902662,False,,,
cell,0-1|BOUNDARY|FB,trim_010,10968,0.9144572286143071,0.24268564953203522,0.255162058176047,0.012476408644011781,True,,,
cell,0-1|BOUNDARY|FB,clip_010_same_target,10969,0.9145406036351509,0.24329086191703972,0.25516375682021314,0.01187289490317342,False,,,
cell,0-1|BOUNDARY|FB,first_count_visit,10969,0.9145406036351509,0.2433761177511865,0.25516375682021314,0.01178763906902662,True,,,
cell,0-1|BOUNDARY|FB,fixed_score_cluster_pitcher,10969,,,,0.01178763906902662,False,-0.027745061551810106,0.05132033968986335,744.0
cell,0-1|BOUNDARY|FB,fixed_score_cluster_batter,10969,,,,0.01178763906902662,False,-0.027667123067351987,0.05124240120540523,501.0
cell,0-1|BOUNDARY|NFB,untrimmed,9893,1.0,0.25205441138060986,0.2519049614500063,-0.00014944993060359767,True,,,
cell,0-1|BOUNDARY|NFB,trim_002,9044,0.914181744667947,0.24917922267158593,0.25496466501862813,0.005785442347042143,True,,,
cell,0-1|BOUNDARY|NFB,trim_005,9044,0.914181744667947,0.24917922267158593,0.25496466501862813,0.005785442347042143,False,,,
cell,0-1|BOUNDARY|NFB,trim_010,9025,0.9122611947841909,0.24971588282927562,0.25508986624233704,0.0053739834130614225,True,,,
cell,0-1|BOUNDARY|NFB,clip_010_same_target,9044,0.914181744667947,0.24921204868915858,0.2549667636733814,0.00575471498422276,False,,,
cell,0-1|BOUNDARY|NFB,first_count_visit,9044,0.914181744667947,0.24917922267158593,0.25496466501862813,0.005785442347042143,True,,,
cell,0-1|BOUNDARY|NFB,fixed_score_cluster_pitcher,9044,,,,0.005785442347042143,False,-0.041685887577026084,0.053256772271110364,752.0
cell,0-1|BOUNDARY|NFB,fixed_score_cluster_batter,9044,,,,0.005785442347042143,False,-0.04467212916673974,0.05624301386082403,493.0
cell,0-1|INNER|FB,untrimmed,13136,1.0,0.20126900965244848,0.2795130101622554,0.07824400050980693,True,,,
cell,0-1|INNER|FB,trim_002,12004,0.9138246041412911,0.20361425591660542,0.2832293711488063,0.0796151152322009,True,,,
cell,0-1|INNER|FB,trim_005,11995,0.9131394640682094,0.20362023020176734,0.2832973858392779,0.07967715563751056,False,,,
cell,0-1|INNER|FB,trim_010,10723,0.8163063337393422,0.20153742484546844,0.28390206511675675,0.08236464027128836,True,,,
cell,0-1|INNER|FB,clip_010_same_target,11995,0.9131394640682094,0.20253031399911514,0.28329329946767856,0.08076298546856342,False,,,
cell,0-1|INNER|FB,first_count_visit,11995,0.9131394640682094,0.20362023020176734,0.2832973858392779,0.07967715563751056,True,,,
cell,0-1|INNER|FB,fixed_score_cluster_pitcher,11995,,,,0.07967715563751056,False,0.028163017569765678,0.13119129370525545,743.0
cell,0-1|INNER|FB,fixed_score_cluster_batter,11995,,,,0.07967715563751056,False,0.02780933509001083,0.1315449761850103,502.0
cell,0-1|INNER|NFB,untrimmed,9520,1.0,0.21767865197674705,0.2949242746880524,0.0772456227113053,True,,,
cell,0-1|INNER|NFB,trim_002,8700,0.9138655462184874,0.21585648487083464,0.30043985887924424,0.08458337400840957,True,,,
cell,0-1|INNER|NFB,trim_005,8689,0.9127100840336134,0.2158723170697984,0.300474707331269,0.08460239026147065,False,,,
cell,0-1|INNER|NFB,trim_010,7745,0.8135504201680672,0.21106623781201564,0.29904408550142264,0.08797784768940702,True,,,
cell,0-1|INNER|NFB,clip_010_same_target,8689,0.9127100840336134,0.21450903230511675,0.3005113960446115,0.08600236373949478,False,,,
cell,0-1|INNER|NFB,first_count_visit,8689,0.9127100840336134,0.2158723170697984,0.300474707331269,0.08460239026147065,True,,,
cell,0-1|INNER|NFB,fixed_score_cluster_pitcher,8689,,,,0.08460239026147065,False,0.020256663619825074,0.1489481169031162,742.0
cell,0-1|INNER|NFB,fixed_score_cluster_batter,8689,,,,0.08460239026147065,False,0.02361060934713332,0.14559417117580797,496.0
cell,0-1|OUT|FB,untrimmed,21738,1.0,0.2997849923949447,0.19827084959604532,-0.10151414279889935,True,,,
cell,0-1|OUT|FB,trim_002,19740,0.9080872205354679,0.3019394633795189,0.20607753115994712,-0.09586193221957176,True,,,
cell,0-1|OUT|FB,trim_005,18778,0.8638329193118042,0.30095265577539815,0.20925061574817155,-0.09170204002722657,False,,,
cell,0-1|OUT|FB,trim_010,15696,0.7220535467844328,0.29644235474130864,0.2114667912562294,-0.08497556348507924,True,,,
cell,0-1|OUT|FB,clip_010_same_target,18778,0.8638329193118042,0.30108889535334454,0.20766071726621183,-0.09342817808713272,False,,,
cell,0-1|OUT|FB,first_count_visit,18778,0.8638329193118042,0.30095265577539815,0.20925061574817155,-0.09170204002722657,True,,,
cell,0-1|OUT|FB,fixed_score_cluster_pitcher,18778,,,,-0.09170204002722657,False,-0.1255757718992211,-0.057828308155232044,764.0
cell,0-1|OUT|FB,fixed_score_cluster_batter,18778,,,,-0.09170204002722657,False,-0.13047598353686457,-0.05292809651758856,503.0
cell,0-1|OUT|NFB,untrimmed,26620,1.0,0.2981126434786656,0.20949870186972558,-0.08861394160893998,True,,,
cell,0-1|OUT|NFB,trim_002,24111,0.9057475582268971,0.2986636000845633,0.20987203715639555,-0.08879156292816774,True,,,
cell,0-1|OUT|NFB,trim_005,22836,0.8578512396694215,0.29828076516107643,0.20741511322432088,-0.09086565193675554,False,,,
cell,0-1|OUT|NFB,trim_010,20532,0.7712997746055598,0.29731143349473393,0.20457751380060712,-0.09273391969412684,True,,,
cell,0-1|OUT|NFB,clip_010_same_target,22836,0.8578512396694215,0.29822094954230266,0.20585417843727682,-0.09236677110502578,False,,,
cell,0-1|OUT|NFB,first_count_visit,22836,0.8578512396694215,0.29828076516107643,0.20741511322432088,-0.09086565193675554,True,,,
cell,0-1|OUT|NFB,fixed_score_cluster_pitcher,22836,,,,-0.09086565193675554,False,-0.12066415152545557,-0.06106715234805552,824.0
cell,0-1|OUT|NFB,fixed_score_cluster_batter,22836,,,,-0.09086565193675554,False,-0.12416090616399847,-0.05757039770951262,508.0
cell,0-2|BOUNDARY|FB,untrimmed,4721,1.0,0.10172509223052979,0.21366395494648435,0.11193886271595452,True,,,
cell,0-2|BOUNDARY|FB,trim_002,4306,0.9120948951493327,0.10074022506290709,0.21460302138330503,0.11386279632039795,True,,,
cell,0-2|BOUNDARY|FB,trim_005,4306,0.9120948951493327,0.10074022506290709,0.21460302138330503,0.11386279632039795,False,,,
cell,0-2|BOUNDARY|FB,trim_010,4160,0.8811692438042787,0.1025212725714793,0.21625165256679968,0.11373037999532036,True,,,
cell,0-2|BOUNDARY|FB,clip_010_same_target,4306,0.9120948951493327,0.10098979509003565,0.21458174155142634,0.11359194646139069,False,,,
cell,0-2|BOUNDARY|FB,first_count_visit,4145,0.8779919508578691,0.1017694620485517,0.2116323535970301,0.10986289154847839,True,,,
cell,0-2|BOUNDARY|FB,fixed_score_cluster_pitcher,4306,,,,0.11386279632039795,False,0.05304965317017899,0.1746759394706169,643.0
cell,0-2|BOUNDARY|FB,fixed_score_cluster_batter,4306,,,,0.11386279632039795,False,0.05410471535571254,0.17362087728508335,477.0
cell,0-2|BOUNDARY|NFB,untrimmed,4184,1.0,0.09461470792572493,0.2225481256329181,0.12793341770719316,True,,,
cell,0-2|BOUNDARY|NFB,trim_002,3821,0.9132409177820268,0.09552821945007083,0.22383691315135745,0.1283086937012866,True,,,
cell,0-2|BOUNDARY|NFB,trim_005,3793,0.9065487571701721,0.0988858381552293,0.2240757162630662,0.12518987810783688,False,,,
cell,0-2|BOUNDARY|NFB,trim_010,3099,0.740678776290631,0.11106079842514326,0.21386713920321188,0.1028063407780686,True,,,
cell,0-2|BOUNDARY|NFB,clip_010_same_target,3793,0.9065487571701721,0.10210959433077338,0.22427670288891055,0.12216710855813717,False,,,
cell,0-2|BOUNDARY|NFB,first_count_visit,3676,0.878585086042065,0.10072937953293577,0.22367708026967706,0.1229477007367413,True,,,
cell,0-2|BOUNDARY|NFB,fixed_score_cluster_pitcher,3793,,,,0.12518987810783688,False,0.05730253668343359,0.19307721953224016,657.0
cell,0-2|BOUNDARY|NFB,fixed_score_cluster_batter,3793,,,,0.12518987810783688,False,0.058280075693360356,0.1920996805223134,472.0
cell,0-2|INNER|FB,untrimmed,4545,1.0,0.01428358155298904,0.25584628342640064,0.2415627018734116,True,,,
cell,0-2|INNER|FB,trim_002,4166,0.9166116611661166,0.01460675046882327,0.25749973771096407,0.2428929872421408,True,,,
cell,0-2|INNER|FB,trim_005,4035,0.8877887788778878,0.01354372918370842,0.2577081858386081,0.24416445665489966,False,,,
cell,0-2|INNER|FB,trim_010,2071,0.4556655665566557,0.014188377390498374,0.25556216551935346,0.24137378812885507,True,,,
cell,0-2|INNER|FB,clip_010_same_target,4035,0.8877887788778878,0.020996239473665655,0.25757363117041654,0.23657739169675082,False,,,
cell,0-2|INNER|FB,first_count_visit,3842,0.8453245324532453,0.012464516074165771,0.2544159870946219,0.24195147102045614,True,,,
cell,0-2|INNER|FB,fixed_score_cluster_pitcher,4035,,,,0.24416445665489966,False,0.19951215196413574,0.2888167613456636,636.0
cell,0-2|INNER|FB,fixed_score_cluster_batter,4035,,,,0.24416445665489966,False,0.20080812369547296,0.28752078961432637,479.0
cell,0-2|INNER|NFB,untrimmed,3624,1.0,0.03799577434955488,0.2823229397662946,0.24432716541673968,True,,,
cell,0-2|INNER|NFB,trim_002,3294,0.9089403973509934,0.040648199036952645,0.28624427172503975,0.2455960726880871,True,,,
cell,0-2|INNER|NFB,trim_005,2996,0.826710816777042,0.04498322125824961,0.2772472158509341,0.23226399459268451,False,,,
cell,0-2|INNER|NFB,trim_010,1084,0.29911699779249445,0.062210714066168134,0.2895923459888627,0.22738163192269453,True,,,
cell,0-2|INNER|NFB,clip_010_same_target,2996,0.826710816777042,0.05601860742134888,0.2776912683967824,0.2216726609754335,False,,,
cell,0-2|INNER|NFB,first_count_visit,2897,0.79939293598234,0.04452201090117931,0.2760481019957677,0.23152609109458838,True,,,
cell,0-2|INNER|NFB,fixed_score_cluster_pitcher,2996,,,,0.23226399459268451,False,0.18187515671697138,0.2826528324683977,614.0
cell,0-2|INNER|NFB,fixed_score_cluster_batter,2996,,,,0.23226399459268451,False,0.1801381069294627,0.28438988225590633,455.0
cell,0-2|OUT|FB,untrimmed,12536,1.0,0.2312571774494285,0.13258204064572582,-0.09867513680370268,True,,,
cell,0-2|OUT|FB,trim_002,11376,0.9074664964901085,0.2340477594382356,0.13443304934614772,-0.09961471009208794,True,,,
cell,0-2|OUT|FB,trim_005,10905,0.8698947032546267,0.23315412947998918,0.13458221430036313,-0.09857191517962607,False,,,
cell,0-2|OUT|FB,trim_010,9818,0.7831844288449266,0.2300115998071864,0.1381031632438855,-0.09190843656330096,True,,,
cell,0-2|OUT|FB,clip_010_same_target,10905,0.8698947032546267,0.23318810842377025,0.13526909897886194,-0.09791900944490828,False,,,
cell,0-2|OUT|FB,first_count_visit,10525,0.8395820038289725,0.23322134518263965,0.13422980341792773,-0.09899154176471192,True,,,
cell,0-2|OUT|FB,fixed_score_cluster_pitcher,10905,,,,-0.09857191517962607,False,-0.13106326746721847,-0.06608056289203368,738.0
cell,0-2|OUT|FB,fixed_score_cluster_batter,10905,,,,-0.09857191517962607,False,-0.1341567949360011,-0.06298703542325104,499.0
cell,0-2|OUT|NFB,untrimmed,19123,1.0,0.21808062633727074,0.09267379171105619,-0.12540683462621455,True,,,
cell,0-2|OUT|NFB,trim_002,17319,0.9056633373424672,0.21800195198151298,0.09546265060856722,-0.12253930137294573,True,,,
cell,0-2|OUT|NFB,trim_005,16391,0.8571353867071067,0.21656299946396013,0.09933991782552505,-0.11722308163843509,False,,,
cell,0-2|OUT|NFB,trim_010,14935,0.7809967055378341,0.21608486736304444,0.10722049773768602,-0.10886436962535842,True,,,
cell,0-2|OUT|NFB,clip_010_same_target,16391,0.8571353867071067,0.21649058046322894,0.10000971844488467,-0.11648086201834429,False,,,
cell,0-2|OUT|NFB,first_count_visit,15718,0.8219421638864195,0.2178697137902276,0.09775248257030654,-0.12011723121992107,True,,,
cell,0-2|OUT|NFB,fixed_score_cluster_pitcher,16391,,,,-0.11722308163843509,False,-0.1415117201005554,-0.09293444317631477,785.0
cell,0-2|OUT|NFB,fixed_score_cluster_batter,16391,,,,-0.11722308163843509,False,-0.14317214745481766,-0.09127401582205252,503.0
cell,1-0|BOUNDARY|FB,untrimmed,11239,1.0,0.3271945776989348,0.32185604586734745,-0.00533853183158734,True,,,
cell,1-0|BOUNDARY|FB,trim_002,10345,0.9204555565441765,0.3299843712357669,0.3250005284659865,-0.004983842769780345,True,,,
cell,1-0|BOUNDARY|FB,trim_005,10345,0.9204555565441765,0.3299843712357669,0.3250005284659865,-0.004983842769780345,False,,,
cell,1-0|BOUNDARY|FB,trim_010,10345,0.9204555565441765,0.3299843712357669,0.3250005284659865,-0.004983842769780345,True,,,
cell,1-0|BOUNDARY|FB,clip_010_same_target,10345,0.9204555565441765,0.3299843712357669,0.3250005284659865,-0.004983842769780345,False,,,
cell,1-0|BOUNDARY|FB,first_count_visit,10345,0.9204555565441765,0.3299843712357669,0.3250005284659865,-0.004983842769780345,True,,,
cell,1-0|BOUNDARY|FB,fixed_score_cluster_pitcher,10345,,,,-0.004983842769780345,False,-0.04725946177872311,0.03729177623916242,751.0
cell,1-0|BOUNDARY|FB,fixed_score_cluster_batter,10345,,,,-0.004983842769780345,False,-0.04690452417756379,0.0369368386380031,497.0
cell,1-0|BOUNDARY|NFB,untrimmed,6945,1.0,0.3196959895602643,0.31241862123271014,-0.007277368327554169,True,,,
cell,1-0|BOUNDARY|NFB,trim_002,6426,0.9252699784017279,0.32469366487194895,0.31361663889936336,-0.011077025972585575,True,,,
cell,1-0|BOUNDARY|NFB,trim_005,6426,0.9252699784017279,0.32469366487194895,0.31361663889936336,-0.011077025972585575,False,,,
cell,1-0|BOUNDARY|NFB,trim_010,6426,0.9252699784017279,0.32469366487194895,0.31361663889936336,-0.011077025972585575,True,,,
cell,1-0|BOUNDARY|NFB,clip_010_same_target,6426,0.9252699784017279,0.32469366487194895,0.31361663889936336,-0.011077025972585575,False,,,
cell,1-0|BOUNDARY|NFB,first_count_visit,6426,0.9252699784017279,0.32469366487194895,0.31361663889936336,-0.011077025972585575,True,,,
cell,1-0|BOUNDARY|NFB,fixed_score_cluster_pitcher,6426,,,,-0.011077025972585575,False,-0.06776547926008013,0.04561142731490897,725.0
cell,1-0|BOUNDARY|NFB,fixed_score_cluster_batter,6426,,,,-0.011077025972585575,False,-0.06498029519978311,0.042826243254611956,484.0
cell,1-0|INNER|FB,untrimmed,14222,1.0,0.2997952148022071,0.36773820983201516,0.06794299502980801,True,,,
cell,1-0|INNER|FB,trim_002,13069,0.9189284207565743,0.3045298480610023,0.3701328613617059,0.06560301330070366,True,,,
cell,1-0|INNER|FB,trim_005,13069,0.9189284207565743,0.3045298480610023,0.3701328613617059,0.06560301330070366,False,,,
cell,1-0|INNER|FB,trim_010,13047,0.9173815215862748,0.3055958580888075,0.3698998451885066,0.0643039870996991,True,,,
cell,1-0|INNER|FB,clip_010_same_target,13069,0.9189284207565743,0.30461860252974066,0.37013729938116446,0.06551869685142377,False,,,
cell,1-0|INNER|FB,first_count_visit,13069,0.9189284207565743,0.3045298480610023,0.3701328613617059,0.06560301330070366,True,,,
cell,1-0|INNER|FB,fixed_score_cluster_pitcher,13069,,,,0.06560301330070366,False,0.017378576655808546,0.11382744994559876,765.0
cell,1-0|INNER|FB,fixed_score_cluster_batter,13069,,,,0.06560301330070366,False,0.018158067347809316,0.11304795925359801,504.0
cell,1-0|INNER|NFB,untrimmed,7888,1.0,0.3174530656172359,0.35315593789727934,0.03570287228004337,True,,,
cell,1-0|INNER|NFB,trim_002,7307,0.9263438133874239,0.3205607735668911,0.35911302184010574,0.03855224827321465,True,,,
cell,1-0|INNER|NFB,trim_005,7307,0.9263438133874239,0.3205607735668911,0.35911302184010574,0.03855224827321465,False,,,
cell,1-0|INNER|NFB,trim_010,7306,0.9262170385395537,0.3205583812497207,0.35916699048950873,0.038608609239788025,True,,,
cell,1-0|INNER|NFB,clip_010_same_target,7307,0.9263438133874239,0.3205607735668911,0.35911106798624043,0.03855029441934935,False,,,
cell,1-0|INNER|NFB,first_count_visit,7307,0.9263438133874239,0.3205607735668911,0.35911302184010574,0.03855224827321465,True,,,
cell,1-0|INNER|NFB,fixed_score_cluster_pitcher,7307,,,,0.03855224827321465,False,-0.02139218174847491,0.09849667829490422,721.0
cell,1-0|INNER|NFB,fixed_score_cluster_batter,7307,,,,0.03855224827321465,False,-0.014062245324405247,0.09116674187083454,484.0
cell,1-0|OUT|FB,untrimmed,16138,1.0,0.4109133177171493,0.26986056761509725,-0.14105275010205204,True,,,
cell,1-0|OUT|FB,trim_002,14584,0.9037055397199157,0.4113733833254384,0.2734018814277447,-0.13797150189769364,True,,,
cell,1-0|OUT|FB,trim_005,13528,0.8382699219234105,0.408912372847147,0.27204339050845844,-0.13686898233868852,False,,,
cell,1-0|OUT|FB,trim_010,10729,0.6648283554343785,0.4064869418327552,0.2870369447919081,-0.11944999704084704,True,,,
cell,1-0|OUT|FB,clip_010_same_target,13528,0.8382699219234105,0.40889783765858495,0.2743469293073182,-0.13455090835126676,False,,,
cell,1-0|OUT|FB,first_count_visit,13528,0.8382699219234105,0.408912372847147,0.27204339050845844,-0.13686898233868852,True,,,
cell,1-0|OUT|FB,fixed_score_cluster_pitcher,13528,,,,-0.13686898233868852,False,-0.18178247833975886,-0.09195548633761819,765.0
cell,1-0|OUT|FB,fixed_score_cluster_batter,13528,,,,-0.13686898233868852,False,-0.1844501361268408,-0.08928782855053624,500.0
cell,1-0|OUT|NFB,untrimmed,13582,1.0,0.41964788980223156,0.3076485877402685,-0.11199930206196304,True,,,
cell,1-0|OUT|NFB,trim_002,12303,0.9058312472389928,0.42315125295687467,0.3172707736503608,-0.10588047930651383,True,,,
cell,1-0|OUT|NFB,trim_005,11534,0.8492121926078634,0.4192609921139713,0.30854658899988735,-0.110714403114084,False,,,
cell,1-0|OUT|NFB,trim_010,9831,0.7238256515977028,0.41948446593709854,0.30210250286207163,-0.11738196307502698,True,,,
cell,1-0|OUT|NFB,clip_010_same_target,11534,0.8492121926078634,0.4191999880960696,0.305639544424829,-0.1135604436712406,False,,,
cell,1-0|OUT|NFB,first_count_visit,11534,0.8492121926078634,0.4192609921139713,0.30854658899988735,-0.110714403114084,True,,,
cell,1-0|OUT|NFB,fixed_score_cluster_pitcher,11534,,,,-0.110714403114084,False,-0.16598233918785343,-0.055446467040314557,782.0
cell,1-0|OUT|NFB,fixed_score_cluster_batter,11534,,,,-0.110714403114084,False,-0.16730551872292254,-0.05412328750524546,496.0
cell,1-1|BOUNDARY|FB,untrimmed,9631,1.0,0.25982397810756247,0.26651917033210615,0.006695192224543703,True,,,
cell,1-1|BOUNDARY|FB,trim_002,8892,0.9232686117744783,0.26442098855184243,0.27161959148203907,0.00719860293019669,True,,,
cell,1-1|BOUNDARY|FB,trim_005,8892,0.9232686117744783,0.26442098855184243,0.27161959148203907,0.00719860293019669,False,,,
cell,1-1|BOUNDARY|FB,trim_010,8887,0.9227494548852663,0.2644260690515433,0.2717881545399283,0.007362085488385031,True,,,
cell,1-1|BOUNDARY|FB,clip_010_same_target,8892,0.9232686117744783,0.26442098855184243,0.2716168971188429,0.0071959085670004865,False,,,
cell,1-1|BOUNDARY|FB,first_count_visit,8892,0.9232686117744783,0.26442098855184243,0.27161959148203907,0.00719860293019669,True,,,
cell,1-1|BOUNDARY|FB,fixed_score_cluster_pitcher,8892,,,,0.00719860293019669,False,-0.039552268758376245,0.05394947461876962,731.0
cell,1-1|BOUNDARY|FB,fixed_score_cluster_batter,8892,,,,0.00719860293019669,False,-0.03959995268413931,0.053997158544532686,493.0
cell,1-1|BOUNDARY|NFB,untrimmed,8215,1.0,0.25528754630786493,0.26803496750921646,0.012747421201351585,True,,,
cell,1-1|BOUNDARY|NFB,trim_002,7516,0.9149117468046257,0.25789389700556364,0.27147263495387974,0.013578737948316065,True,,,
cell,1-1|BOUNDARY|NFB,trim_005,7516,0.9149117468046257,0.25789389700556364,0.27147263495387974,0.013578737948316065,False,,,
cell,1-1|BOUNDARY|NFB,trim_010,7498,0.9127206329884358,0.2569799933438801,0.2711717959052743,0.014191802561394145,True,,,
cell,1-1|BOUNDARY|NFB,clip_010_same_target,7516,0.9149117468046257,0.2578476053778341,0.2714756187280908,0.013628013350256693,False,,,
cell,1-1|BOUNDARY|NFB,first_count_visit,7516,0.9149117468046257,0.25789389700556364,0.27147263495387974,0.013578737948316065,True,,,
cell,1-1|BOUNDARY|NFB,fixed_score_cluster_pitcher,7516,,,,0.013578737948316065,False,-0.04538792711065344,0.07254540300728557,740.0
cell,1-1|BOUNDARY|NFB,fixed_score_cluster_batter,7516,,,,0.013578737948316065,False,-0.0432550283203359,0.07041250421696803,490.0
cell,1-1|INNER|FB,untrimmed,11319,1.0,0.21720523878624443,0.3176415569448577,0.10043631815861324,True,,,
cell,1-1|INNER|FB,trim_002,10426,0.9211061047795742,0.21851634871581244,0.3189010915522436,0.1003847428364312,True,,,
cell,1-1|INNER|FB,trim_005,10388,0.9177489177489178,0.2189055062107581,0.31933204920785807,0.1004265429971,False,,,
cell,1-1|INNER|FB,trim_010,8102,0.7157876137467974,0.21466513978003632,0.3199930305803273,0.10532789080029097,True,,,
cell,1-1|INNER|FB,clip_010_same_target,10388,0.9177489177489178,0.2187110932501843,0.31941314938275384,0.10070205613256948,False,,,
cell,1-1|INNER|FB,first_count_visit,10388,0.9177489177489178,0.2189055062107581,0.31933204920785807,0.1004265429971,True,,,
cell,1-1|INNER|FB,fixed_score_cluster_pitcher,10388,,,,0.1004265429971,False,0.037909344704904896,0.1629437412892951,737.0
cell,1-1|INNER|FB,fixed_score_cluster_batter,10388,,,,0.1004265429971,False,0.03811612020861697,0.16273696578558303,496.0
cell,1-1|INNER|NFB,untrimmed,8595,1.0,0.23349952300635357,0.3058622326357367,0.07236270962938314,True,,,
cell,1-1|INNER|NFB,trim_002,7914,0.9207678883071553,0.23690454806002328,0.30773030386830935,0.07082575580828608,True,,,
cell,1-1|INNER|NFB,trim_005,7888,0.9177428737638161,0.23695286668782292,0.30766945658484157,0.07071658989701866,False,,,
cell,1-1|INNER|NFB,trim_010,6340,0.7376381617219313,0.24128589861633556,0.3052191782300956,0.06393327961375997,True,,,
cell,1-1|INNER|NFB,clip_010_same_target,7888,0.9177428737638161,0.23698356740165125,0.30763947560322735,0.0706559082015761,False,,,
cell,1-1|INNER|NFB,first_count_visit,7888,0.9177428737638161,0.23695286668782292,0.30766945658484157,0.07071658989701866,True,,,
cell,1-1|INNER|NFB,fixed_score_cluster_pitcher,7888,,,,0.07071658989701866,False,0.0026702909793544505,0.13876288881468288,750.0
cell,1-1|INNER|NFB,fixed_score_cluster_batter,7888,,,,0.07071658989701866,False,0.003547806871186207,0.13788537292285113,489.0
cell,1-1|OUT|FB,untrimmed,15695,1.0,0.3490851841087031,0.23575796349629105,-0.11332722061241204,True,,,
cell,1-1|OUT|FB,trim_002,14388,0.9167250716788786,0.3520445458759257,0.23894991254818324,-0.11309463332774246,True,,,
cell,1-1|OUT|FB,trim_005,13918,0.8867792290538388,0.35089358462917436,0.24288451758325352,-0.10800906704592085,False,,,
cell,1-1|OUT|FB,trim_010,12343,0.7864287989805671,0.35048807022756095,0.2452503786992057,-0.10523769152835522,True,,,
cell,1-1|OUT|FB,clip_010_same_target,13918,0.8867792290538388,0.3508690283479055,0.24151716273810606,-0.10935186560979948,False,,,
cell,1-1|OUT|FB,first_count_visit,13918,0.8867792290538388,0.35089358462917436,0.24288451758325352,-0.10800906704592085,True,,,
cell,1-1|OUT|FB,fixed_score_cluster_pitcher,13918,,,,-0.10800906704592085,False,-0.14993126749474806,-0.06608686659709365,765.0
cell,1-1|OUT|FB,fixed_score_cluster_batter,13918,,,,-0.10800906704592085,False,-0.15216499351806165,-0.06385314057378005,501.0
cell,1-1|OUT|NFB,untrimmed,18961,1.0,0.3476741761174812,0.2257938650400168,-0.1218803110774644,True,,,
cell,1-1|OUT|NFB,trim_002,17306,0.9127155740730974,0.34857140456634766,0.22847062502899945,-0.1201007795373482,True,,,
cell,1-1|OUT|NFB,trim_005,16573,0.8740572754601551,0.3469778927710798,0.2251426311606024,-0.1218352616104774,False,,,
cell,1-1|OUT|NFB,trim_010,15274,0.805548230578556,0.3460132752702849,0.22642795515196415,-0.11958532011832072,True,,,
cell,1-1|OUT|NFB,clip_010_same_target,16573,0.8740572754601551,0.3469205501937827,0.224416395645117,-0.12250415454866571,False,,,
cell,1-1|OUT|NFB,first_count_visit,16573,0.8740572754601551,0.3469778927710798,0.2251426311606024,-0.1218352616104774,True,,,
cell,1-1|OUT|NFB,fixed_score_cluster_pitcher,16573,,,,-0.1218352616104774,False,-0.15694122181212875,-0.08672930140882606,811.0
cell,1-1|OUT|NFB,fixed_score_cluster_batter,16573,,,,-0.1218352616104774,False,-0.1562339424155612,-0.0874365808053936,503.0
cell,1-2|BOUNDARY|FB,untrimmed,7459,1.0,0.10021324686587924,0.2269158025498913,0.12670255568401204,True,,,
cell,1-2|BOUNDARY|FB,trim_002,6809,0.9128569513339589,0.1011897798742326,0.2302098803146255,0.12902010044039292,True,,,
cell,1-2|BOUNDARY|FB,trim_005,6805,0.912320686419091,0.10117498634739522,0.23021713733946098,0.12904215099206576,False,,,
cell,1-2|BOUNDARY|FB,trim_010,6375,0.8546722080707869,0.1057460428683009,0.22617015115461317,0.12042410828631231,True,,,
cell,1-2|BOUNDARY|FB,clip_010_same_target,6805,0.912320686419091,0.10181600568677851,0.2302893035171431,0.12847329783036457,False,,,
cell,1-2|BOUNDARY|FB,first_count_visit,6502,0.8716986191178442,0.10123938175052098,0.2311079604090948,0.12986857865857385,True,,,
cell,1-2|BOUNDARY|FB,fixed_score_cluster_pitcher,6805,,,,0.12904215099206576,False,0.08367640289090678,0.17440789909322474,702.0
cell,1-2|BOUNDARY|FB,fixed_score_cluster_batter,6805,,,,0.12904215099206576,False,0.08229978196118631,0.1757845200229452,491.0
cell,1-2|BOUNDARY|NFB,untrimmed,6998,1.0,0.1110791182701788,0.22476530831302088,0.11368619004284211,True,,,
cell,1-2|BOUNDARY|NFB,trim_002,6338,0.9056873392397828,0.1077157608854833,0.22480762883482538,0.11709186794934208,True,,,
cell,1-2|BOUNDARY|NFB,trim_005,6247,0.8926836238925407,0.11030373112305737,0.22453799156729431,0.11423426044423697,False,,,
cell,1-2|BOUNDARY|NFB,trim_010,4506,0.6438982566447556,0.12564424089542792,0.22711144509764036,0.10146720420221243,True,,,
cell,1-2|BOUNDARY|NFB,clip_010_same_target,6247,0.8926836238925407,0.11426653957087883,0.22445537853784203,0.11018883896696319,False,,,
cell,1-2|BOUNDARY|NFB,first_count_visit,6049,0.8643898256644755,0.11143551242246731,0.223829478980584,0.1123939665581167,True,,,
cell,1-2|BOUNDARY|NFB,fixed_score_cluster_pitcher,6247,,,,0.11423426044423697,False,0.057208670451437335,0.17125985043703662,698.0
cell,1-2|BOUNDARY|NFB,fixed_score_cluster_batter,6247,,,,0.11423426044423697,False,0.05773181414828349,0.17073670674019045,485.0
cell,1-2|INNER|FB,untrimmed,7647,1.0,0.031256096183838795,0.2714267874129533,0.24017069122911452,True,,,
cell,1-2|INNER|FB,trim_002,7023,0.9183993723028638,0.03289977925974443,0.2727693088391439,0.2398695295793995,True,,,
cell,1-2|INNER|FB,trim_005,6686,0.8743298025369426,0.033263211467176604,0.27406115556677396,0.24079794409959737,False,,,
cell,1-2|INNER|FB,trim_010,2829,0.3699489996076893,0.027536201489247323,0.257950979106137,0.23041477761688967,True,,,
cell,1-2|INNER|FB,clip_010_same_target,6686,0.8743298025369426,0.038201038183535325,0.2744130847537077,0.23621204657017233,False,,,
cell,1-2|INNER|FB,first_count_visit,6344,0.8296063815875506,0.03304968224181158,0.2739844979333209,0.24093481569150937,True,,,
cell,1-2|INNER|FB,fixed_score_cluster_pitcher,6686,,,,0.24079794409959737,False,0.2054261491036108,0.27616973909558395,701.0
cell,1-2|INNER|FB,fixed_score_cluster_batter,6686,,,,0.24079794409959737,False,0.20468609767163592,0.2769097905275588,489.0
cell,1-2|INNER|NFB,untrimmed,6253,1.0,0.050072395581739815,0.2762404944191811,0.22616809883744124,True,,,
cell,1-2|INNER|NFB,trim_002,5714,0.9138013753398369,0.05002040668163547,0.27712783233972826,0.2271074256580928,True,,,
cell,1-2|INNER|NFB,trim_005,5005,0.8004158004158004,0.04447733075601988,0.2740733294405118,0.22959599868449196,False,,,
cell,1-2|INNER|NFB,trim_010,1646,0.26323364784903247,0.04982273813553655,0.2651872033934098,0.21536446525787323,True,,,
cell,1-2|INNER|NFB,clip_010_same_target,5005,0.8004158004158004,0.052675415014955686,0.27414108838697954,0.2214656733720238,False,,,
cell,1-2|INNER|NFB,first_count_visit,4807,0.7687509995202303,0.041739066251051095,0.27455161093023384,0.23281254467918275,True,,,
cell,1-2|INNER|NFB,fixed_score_cluster_pitcher,5005,,,,0.22959599868449196,False,0.18341450189878983,0.2757774954701941,697.0
cell,1-2|INNER|NFB,fixed_score_cluster_batter,5005,,,,0.22959599868449196,False,0.18717762181051373,0.2720143755584702,482.0
cell,1-2|OUT|FB,untrimmed,16331,0.9999387705118785,0.2604128233949832,0.15908818222010773,-0.10132464117487548,True,,,
cell,1-2|OUT|FB,trim_002,14860,0.9098701934851825,0.2635078526756634,0.16020467704173755,-0.10330317563392584,True,,,
cell,1-2|OUT|FB,trim_005,14464,0.8856233161890766,0.26285658263601,0.16335095321385537,-0.0995056294221546,False,,,
cell,1-2|OUT|FB,trim_010,13385,0.8195566985060004,0.2622778561212832,0.16528477985762866,-0.09699307626365455,True,,,
cell,1-2|OUT|FB,clip_010_same_target,14464,0.8856233161890766,0.26282122522207396,0.16307453712346845,-0.09974668809860547,False,,,
cell,1-2|OUT|FB,first_count_visit,13961,0.8548248836639726,0.26375853280032746,0.16186552525291306,-0.1018930075474144,True,,,
cell,1-2|OUT|FB,fixed_score_cluster_pitcher,14464,,,,-0.0995056294221546,False,-0.13169460505530445,-0.06731665378900474,762.0
cell,1-2|OUT|FB,fixed_score_cluster_batter,14464,,,,-0.0995056294221546,False,-0.13371032171627997,-0.06530093712802923,500.0
cell,1-2|OUT|NFB,untrimmed,24880,1.0,0.27069124996142024,0.09490907779464235,-0.17578217216677786,True,,,
cell,1-2|OUT|NFB,trim_002,22864,0.9189710610932476,0.27135185909045173,0.09639481274489067,-0.17495704634556108,True,,,
cell,1-2|OUT|NFB,trim_005,22083,0.88758038585209,0.26987703384390876,0.09893414313671975,-0.17094289070718902,False,,,
cell,1-2|OUT|NFB,trim_010,20777,0.835088424437299,0.2681869632846992,0.10357296419099683,-0.1646139990937024,True,,,
cell,1-2|OUT|NFB,clip_010_same_target,22083,0.88758038585209,0.2699068446036447,0.09943951518468115,-0.17046732941896353,False,,,
cell,1-2|OUT|NFB,first_count_visit,21151,0.8501205787781351,0.26998450994056034,0.09922071639362227,-0.17076379354693808,True,,,
cell,1-2|OUT|NFB,fixed_score_cluster_pitcher,22083,,,,-0.17094289070718902,False,-0.19276973364647212,-0.1491160477679059,808.0
cell,1-2|OUT|NFB,fixed_score_cluster_batter,22083,,,,-0.17094289070718902,False,-0.19388422720936307,-0.14800155420501496,506.0
cell,2-0|BOUNDARY|FB,untrimmed,4603,1.0,0.37567067172720525,0.3843989267384872,0.008728255011281905,True,,,
cell,2-0|BOUNDARY|FB,trim_002,4235,0.9200521399087551,0.38105931208922716,0.3855149723003994,0.004455660211172223,True,,,
cell,2-0|BOUNDARY|FB,trim_005,4235,0.9200521399087551,0.38105931208922716,0.3855149723003994,0.004455660211172223,False,,,
cell,2-0|BOUNDARY|FB,trim_010,4235,0.9200521399087551,0.38105931208922716,0.3855149723003994,0.004455660211172223,True,,,
cell,2-0|BOUNDARY|FB,clip_010_same_target,4235,0.9200521399087551,0.38105931208922716,0.3855149723003994,0.004455660211172223,False,,,
cell,2-0|BOUNDARY|FB,first_count_visit,4235,0.9200521399087551,0.38105931208922716,0.3855149723003994,0.004455660211172223,True,,,
cell,2-0|BOUNDARY|FB,fixed_score_cluster_pitcher,4235,,,,0.004455660211172223,False,-0.06420912072746646,0.0731204411498109,683.0
cell,2-0|BOUNDARY|FB,fixed_score_cluster_batter,4235,,,,0.004455660211172223,False,-0.06624500833819602,0.07515632876054046,474.0
cell,2-0|BOUNDARY|NFB,untrimmed,1729,1.0,0.378498118198406,0.383053468195107,0.0045553499967010075,True,,,
cell,2-0|BOUNDARY|NFB,trim_002,1616,0.9346443030653557,0.38339164025915123,0.39577707077370305,0.01238543051455187,True,,,
cell,2-0|BOUNDARY|NFB,trim_005,1616,0.9346443030653557,0.38339164025915123,0.39577707077370305,0.01238543051455187,False,,,
cell,2-0|BOUNDARY|NFB,trim_010,1616,0.9346443030653557,0.38339164025915123,0.39577707077370305,0.01238543051455187,True,,,
cell,2-0|BOUNDARY|NFB,clip_010_same_target,1616,0.9346443030653557,0.38339164025915123,0.39577707077370305,0.01238543051455187,False,,,
cell,2-0|BOUNDARY|NFB,first_count_visit,1616,0.9346443030653557,0.38339164025915123,0.39577707077370305,0.01238543051455187,True,,,
cell,2-0|BOUNDARY|NFB,fixed_score_cluster_pitcher,1616,,,,0.01238543051455187,False,-0.1044950223152128,0.12926588334431652,486.0
cell,2-0|BOUNDARY|NFB,fixed_score_cluster_batter,1616,,,,0.01238543051455187,False,-0.11879608684830775,0.1435669478774115,383.0
cell,2-0|INNER|FB,untrimmed,6195,1.0,0.3265769409982485,0.3818758049384857,0.05529886394023719,True,,,
cell,2-0|INNER|FB,trim_002,5717,0.9228410008071025,0.3308207567225771,0.3884347855351022,0.057614028812525135,True,,,
cell,2-0|INNER|FB,trim_005,5717,0.9228410008071025,0.3308207567225771,0.3884347855351022,0.057614028812525135,False,,,
cell,2-0|INNER|FB,trim_010,5713,0.9221953188054883,0.33143868951012867,0.38825022744471915,0.05681153793459054,True,,,
cell,2-0|INNER|FB,clip_010_same_target,5717,0.9228410008071025,0.33085135749228944,0.38843748931445227,0.057586131822162906,False,,,
cell,2-0|INNER|FB,first_count_visit,5717,0.9228410008071025,0.3308207567225771,0.3884347855351022,0.057614028812525135,True,,,
cell,2-0|INNER|FB,fixed_score_cluster_pitcher,5717,,,,0.057614028812525135,False,-0.002293307127225211,0.11752136475227548,704.0
cell,2-0|INNER|FB,fixed_score_cluster_batter,5717,,,,0.057614028812525135,False,-0.008732721393034652,0.12396077901808492,480.0
cell,2-0|INNER|NFB,untrimmed,2045,1.0,0.38118371579009697,0.40788555671540927,0.026701840925312352,True,,,
cell,2-0|INNER|NFB,trim_002,1908,0.9330073349633252,0.3809199479033101,0.40377589992483565,0.022855952021525662,True,,,
cell,2-0|INNER|NFB,trim_005,1908,0.9330073349633252,0.3809199479033101,0.40377589992483565,0.022855952021525662,False,,,
cell,2-0|INNER|NFB,trim_010,1908,0.9330073349633252,0.3809199479033101,0.40377589992483565,0.022855952021525662,True,,,
cell,2-0|INNER|NFB,clip_010_same_target,1908,0.9330073349633252,0.3809199479033101,0.40377589992483565,0.022855952021525662,False,,,
cell,2-0|INNER|NFB,first_count_visit,1908,0.9330073349633252,0.3809199479033101,0.40377589992483565,0.022855952021525662,True,,,
cell,2-0|INNER|NFB,fixed_score_cluster_pitcher,1908,,,,0.022855952021525662,False,-0.08157734366264513,0.12728924770569644,506.0
cell,2-0|INNER|NFB,fixed_score_cluster_batter,1908,,,,0.022855952021525662,False,-0.07551072159292588,0.12122262563597719,411.0
cell,2-0|OUT|FB,untrimmed,6167,1.0,0.5289623967395374,0.3202951215403439,-0.20866727519919348,True,,,
cell,2-0|OUT|FB,trim_002,5568,0.9028701151289119,0.5270143669946231,0.3255325957614667,-0.20148177123315647,True,,,
cell,2-0|OUT|FB,trim_005,5105,0.827793092265283,0.5212007132609635,0.33158344842176957,-0.18961726483919406,False,,,
cell,2-0|OUT|FB,trim_010,4005,0.6494243554402465,0.514298058780931,0.333270988868847,-0.1810270699120841,True,,,
cell,2-0|OUT|FB,clip_010_same_target,5105,0.827793092265283,0.5212684618668024,0.3280329986206929,-0.19323546324610955,False,,,
cell,2-0|OUT|FB,first_count_visit,5105,0.827793092265283,0.5212007132609635,0.33158344842176957,-0.18961726483919406,True,,,
cell,2-0|OUT|FB,fixed_score_cluster_pitcher,5105,,,,-0.18961726483919406,False,-0.2660407815863143,-0.11319374809207386,712.0
cell,2-0|OUT|FB,fixed_score_cluster_batter,5105,,,,-0.18961726483919406,False,-0.26535168970078765,-0.11388283997760047,474.0
cell,2-0|OUT|NFB,untrimmed,2955,1.0,0.5488354542481736,0.39794934606889754,-0.15088610817927597,True,,,
cell,2-0|OUT|NFB,trim_002,2701,0.9140439932318105,0.5469904830131906,0.36888757107083764,-0.17810291194235303,True,,,
cell,2-0|OUT|NFB,trim_005,2520,0.8527918781725888,0.5435478210304764,0.34925157551721314,-0.19429624551326333,False,,,
cell,2-0|OUT|NFB,trim_010,2123,0.7184433164128595,0.536358862057588,0.3486831730723823,-0.18767568898520579,True,,,
cell,2-0|OUT|NFB,clip_010_same_target,2520,0.8527918781725888,0.5436684774468882,0.34816911208651924,-0.19549936536036885,False,,,
cell,2-0|OUT|NFB,first_count_visit,2520,0.8527918781725888,0.5435478210304764,0.34925157551721314,-0.19429624551326333,True,,,
cell,2-0|OUT|NFB,fixed_score_cluster_pitcher,2520,,,,-0.19429624551326333,False,-0.2903296193418858,-0.09826287168464089,606.0
cell,2-0|OUT|NFB,fixed_score_cluster_batter,2520,,,,-0.19429624551326333,False,-0.29190043671984706,-0.09669205430667958,416.0
cell,2-1|BOUNDARY|FB,untrimmed,6014,1.0,0.3214451162651874,0.30913830352557653,-0.012306812739610854,True,,,
cell,2-1|BOUNDARY|FB,trim_002,5539,0.9210176255404057,0.3264423834208754,0.3144282042085501,-0.012014179212325329,True,,,
cell,2-1|BOUNDARY|FB,trim_005,5539,0.9210176255404057,0.3264423834208754,0.3144282042085501,-0.012014179212325329,False,,,
cell,2-1|BOUNDARY|FB,trim_010,5534,0.9201862321250416,0.3264586594389987,0.31400435906570706,-0.012454300373291644,True,,,
cell,2-1|BOUNDARY|FB,clip_010_same_target,5539,0.9210176255404057,0.3264423834208754,0.31443287654512597,-0.01200950687574946,False,,,
cell,2-1|BOUNDARY|FB,first_count_visit,5539,0.9210176255404057,0.3264423834208754,0.3144282042085501,-0.012014179212325329,True,,,
cell,2-1|BOUNDARY|FB,fixed_score_cluster_pitcher,5539,,,,-0.012014179212325329,False,-0.07314718257668613,0.04911882415203547,718.0
cell,2-1|BOUNDARY|FB,fixed_score_cluster_batter,5539,,,,-0.012014179212325329,False,-0.07192641234122563,0.047898053916574965,476.0
cell,2-1|BOUNDARY|NFB,untrimmed,3804,1.0,0.3176187651647639,0.2910228874534664,-0.02659587771129748,True,,,
cell,2-1|BOUNDARY|NFB,trim_002,3505,0.9213985278654049,0.32896766572301517,0.297274161581562,-0.031693504141453235,True,,,
cell,2-1|BOUNDARY|NFB,trim_005,3505,0.9213985278654049,0.32896766572301517,0.297274161581562,-0.031693504141453235,False,,,
cell,2-1|BOUNDARY|NFB,trim_010,3494,0.9185068349106204,0.3290173587531459,0.296977129248764,-0.032040229504381894,True,,,
cell,2-1|BOUNDARY|NFB,clip_010_same_target,3505,0.9213985278654049,0.32896766572301517,0.29727880273495233,-0.031688862988062824,False,,,
cell,2-1|BOUNDARY|NFB,first_count_visit,3505,0.9213985278654049,0.32896766572301517,0.297274161581562,-0.031693504141453235,True,,,
cell,2-1|BOUNDARY|NFB,fixed_score_cluster_pitcher,3505,,,,-0.031693504141453235,False,-0.10556970279158343,0.042182694508676954,643.0
cell,2-1|BOUNDARY|NFB,fixed_score_cluster_batter,3505,,,,-0.031693504141453235,False,-0.1063094156337075,0.04292240735080102,450.0
cell,2-1|INNER|FB,untrimmed,7691,1.0,0.23489508132412956,0.3340541505371739,0.09915906921304433,True,,,
cell,2-1|INNER|FB,trim_002,7113,0.9248472240280847,0.23941052534611923,0.3350478496720789,0.09563732432595963,True,,,
cell,2-1|INNER|FB,trim_005,7051,0.9167858535951112,0.23894463940991117,0.33503065144826066,0.09608601203834946,False,,,
cell,2-1|INNER|FB,trim_010,4820,0.626706540111819,0.2520896584339335,0.33380516651535747,0.08171550808142401,True,,,
cell,2-1|INNER|FB,clip_010_same_target,7051,0.9167858535951112,0.24267599035939946,0.33512858135051116,0.0924525909911117,False,,,
cell,2-1|INNER|FB,first_count_visit,7051,0.9167858535951112,0.23894463940991117,0.33503065144826066,0.09608601203834946,True,,,
cell,2-1|INNER|FB,fixed_score_cluster_pitcher,7051,,,,0.09608601203834946,False,0.024231287413589195,0.1679407366631097,715.0
cell,2-1|INNER|FB,fixed_score_cluster_batter,7051,,,,0.09608601203834946,False,0.022872252552053635,0.1692997715246453,490.0
cell,2-1|INNER|NFB,untrimmed,4352,1.0,0.2722333266260809,0.3437658518183509,0.07153252519227002,True,,,
cell,2-1|INNER|NFB,trim_002,4039,0.9280790441176471,0.2807457324722097,0.3468098155328124,0.06606408306060274,True,,,
cell,2-1|INNER|NFB,trim_005,4032,0.9264705882352942,0.2822779963633076,0.34682414688551017,0.06454615052220265,False,,,
cell,2-1|INNER|NFB,trim_010,3565,0.8191636029411765,0.2900864175763064,0.34433677497614257,0.05425035739983614,True,,,
cell,2-1|INNER|NFB,clip_010_same_target,4032,0.9264705882352942,0.2843322408228929,0.34692477463862553,0.06259253381573263,False,,,
cell,2-1|INNER|NFB,first_count_visit,4032,0.9264705882352942,0.2822779963633076,0.34682414688551017,0.06454615052220265,True,,,
cell,2-1|INNER|NFB,fixed_score_cluster_pitcher,4032,,,,0.06454615052220265,False,-0.03875727886635631,0.1678495799107616,642.0
cell,2-1|INNER|NFB,fixed_score_cluster_batter,4032,,,,0.06454615052220265,False,-0.032105418754370355,0.16119771979877567,459.0
cell,2-1|OUT|FB,untrimmed,8381,1.0,0.4586050164729018,0.2683099418913104,-0.19029507458159137,True,,,
cell,2-1|OUT|FB,trim_002,7662,0.9142107147118482,0.4585405481342561,0.2596479613361525,-0.19889258679810357,True,,,
cell,2-1|OUT|FB,trim_005,7408,0.8839040687268822,0.4569824618161037,0.2615666888531792,-0.1954157729629246,False,,,
cell,2-1|OUT|FB,trim_010,6536,0.7798592053454242,0.457887068240737,0.2593366017808647,-0.19855046645987223,True,,,
cell,2-1|OUT|FB,clip_010_same_target,7408,0.8839040687268822,0.45692715584818183,0.2596765207133681,-0.19725063513481375,False,,,
cell,2-1|OUT|FB,first_count_visit,7408,0.8839040687268822,0.4569824618161037,0.2615666888531792,-0.1954157729629246,True,,,
cell,2-1|OUT|FB,fixed_score_cluster_pitcher,7408,,,,-0.1954157729629246,False,-0.24700536633549863,-0.14382617959035054,728.0
cell,2-1|OUT|FB,fixed_score_cluster_batter,7408,,,,-0.1954157729629246,False,-0.2530501943328113,-0.13778135159303792,489.0
cell,2-1|OUT|NFB,untrimmed,7137,1.0,0.4682951954188936,0.2522191991503981,-0.2160759962684955,True,,,
cell,2-1|OUT|NFB,trim_002,6576,0.9213955443463641,0.4689806097773814,0.25443631996860466,-0.21454428980877663,True,,,
cell,2-1|OUT|NFB,trim_005,6369,0.8923917612442203,0.46680908317681447,0.2563972097646287,-0.21041187341218578,False,,,
cell,2-1|OUT|NFB,trim_010,5942,0.8325627014151604,0.46536069625609,0.2628989505084305,-0.2024617457476596,True,,,
cell,2-1|OUT|NFB,clip_010_same_target,6369,0.8923917612442203,0.46684168583859614,0.25660477003632165,-0.21023691580227447,False,,,
cell,2-1|OUT|NFB,first_count_visit,6369,0.8923917612442203,0.46680908317681447,0.2563972097646287,-0.21041187341218578,True,,,
cell,2-1|OUT|NFB,fixed_score_cluster_pitcher,6369,,,,-0.21041187341218578,False,-0.2647140567744745,-0.15610969004989708,721.0
cell,2-1|OUT|NFB,fixed_score_cluster_batter,6369,,,,-0.21041187341218578,False,-0.26237084686010037,-0.1584528999642712,475.0
cell,2-2|BOUNDARY|FB,untrimmed,7374,1.0,0.12365149268296512,0.24731298993819195,0.12366149725522682,True,,,
cell,2-2|BOUNDARY|FB,trim_002,6806,0.9229726064551126,0.1274573128695751,0.24776455870006056,0.12030724583048547,True,,,
cell,2-2|BOUNDARY|FB,trim_005,6802,0.9224301600216979,0.12744773924424516,0.2477813486616677,0.12033360941742255,False,,,
cell,2-2|BOUNDARY|FB,trim_010,6304,0.8548955790615677,0.1361721077771581,0.24606283818498723,0.10989073040782917,True,,,
cell,2-2|BOUNDARY|FB,clip_010_same_target,6802,0.9224301600216979,0.12878388574928018,0.24779830168975592,0.11901441594047575,False,,,
cell,2-2|BOUNDARY|FB,first_count_visit,6456,0.8755085435313262,0.12800435202801383,0.24746645708553597,0.11946210505752215,True,,,
cell,2-2|BOUNDARY|FB,fixed_score_cluster_pitcher,6802,,,,0.12033360941742255,False,0.07061463282371608,0.17005258601112902,706.0
cell,2-2|BOUNDARY|FB,fixed_score_cluster_batter,6802,,,,0.12033360941742255,False,0.06756500517553354,0.17310221365931155,490.0
cell,2-2|BOUNDARY|NFB,untrimmed,6528,1.0,0.15160194853819414,0.23620190684437925,0.08459995830618511,True,,,
cell,2-2|BOUNDARY|NFB,trim_002,5981,0.9162071078431373,0.148772447261624,0.24069594245906192,0.09192349519743795,True,,,
cell,2-2|BOUNDARY|NFB,trim_005,5908,0.9050245098039216,0.14466157166689061,0.23893139855102824,0.09426982688413767,False,,,
cell,2-2|BOUNDARY|NFB,trim_010,4258,0.6522671568627451,0.1610918368552544,0.22967691128388495,0.06858507442863056,True,,,
cell,2-2|BOUNDARY|NFB,clip_010_same_target,5908,0.9050245098039216,0.14885367310479583,0.2390583619132234,0.09020468880842758,False,,,
cell,2-2|BOUNDARY|NFB,first_count_visit,5651,0.8656556372549019,0.14948956714290113,0.23827009754017067,0.0887805303972695,True,,,
cell,2-2|BOUNDARY|NFB,fixed_score_cluster_pitcher,5908,,,,0.09426982688413767,False,0.029031803359618913,0.15950785040865642,696.0
cell,2-2|BOUNDARY|NFB,fixed_score_cluster_batter,5908,,,,0.09426982688413767,False,0.031349534113813166,0.15719011965446217,490.0
cell,2-2|INNER|FB,untrimmed,8729,1.0,0.03040565432966361,0.29126835395919376,0.2608626996295302,True,,,
cell,2-2|INNER|FB,trim_002,8072,0.9247336464658037,0.033043839767943284,0.29453651947614345,0.2614926797082001,True,,,
cell,2-2|INNER|FB,trim_005,7490,0.8580593424218124,0.03253557201295678,0.29249602020897275,0.259960448196016,False,,,
cell,2-2|INNER|FB,trim_010,2729,0.3126360407835949,0.032317800833533486,0.2876093060662521,0.25529150523271865,True,,,
cell,2-2|INNER|FB,clip_010_same_target,7490,0.8580593424218124,0.04211966521015841,0.29260287060521933,0.2504832053950609,False,,,
cell,2-2|INNER|FB,first_count_visit,6979,0.7995188452285485,0.033833255719213445,0.2946505615087988,0.26081730578958534,True,,,
cell,2-2|INNER|FB,fixed_score_cluster_pitcher,7490,,,,0.259960448196016,False,0.22784723422755068,0.29207366216448133,708.0
cell,2-2|INNER|FB,fixed_score_cluster_batter,7490,,,,0.259960448196016,False,0.2248118458106147,0.2951090505814173,491.0
cell,2-2|INNER|NFB,untrimmed,6502,1.0,0.05775296031529084,0.30668538296208886,0.24893242264679805,True,,,
cell,2-2|INNER|NFB,trim_002,5941,0.9137188557366964,0.058439281861239985,0.31383354978814915,0.25539426792690917,True,,,
cell,2-2|INNER|NFB,trim_005,5207,0.800830513688096,0.059254738886712406,0.3097815224571437,0.2505267835704313,False,,,
cell,2-2|INNER|NFB,trim_010,1542,0.23715779760073824,0.0670643097777709,0.3082041654575638,0.24113985567979282,True,,,
cell,2-2|INNER|NFB,clip_010_same_target,5207,0.800830513688096,0.07365376726765276,0.3101616139512873,0.23650784668363442,False,,,
cell,2-2|INNER|NFB,first_count_visit,4979,0.7657643801907106,0.0587818719658004,0.3090273263657064,0.25024545439990603,True,,,
cell,2-2|INNER|NFB,fixed_score_cluster_pitcher,5207,,,,0.2505267835704313,False,0.20741472472082126,0.29363884242004135,687.0
cell,2-2|INNER|NFB,fixed_score_cluster_batter,5207,,,,0.2505267835704313,False,0.2084056480916246,0.292647919049238,478.0
cell,2-2|OUT|FB,untrimmed,12815,1.0,0.3534211073148195,0.1885025473954145,-0.16491855991940504,True,,,
cell,2-2|OUT|FB,trim_002,11773,0.9186890362856028,0.3549245075671963,0.19211740386426499,-0.16280710370293125,True,,,
cell,2-2|OUT|FB,trim_005,11561,0.9021459227467811,0.3543476734401837,0.19362777896674493,-0.1607198944734387,False,,,
cell,2-2|OUT|FB,trim_010,10999,0.8582910651580179,0.35175326147585134,0.1979252816896888,-0.15382797978616258,True,,,
cell,2-2|OUT|FB,clip_010_same_target,11561,0.9021459227467811,0.3543607694762833,0.1939627585660812,-0.1603980109102021,False,,,
cell,2-2|OUT|FB,first_count_visit,11098,0.8660163870464299,0.3534896248021334,0.1906459546454016,-0.16284367015673185,True,,,
cell,2-2|OUT|FB,fixed_score_cluster_pitcher,11561,,,,-0.1607198944734387,False,-0.19708965799535777,-0.12435013095151964,754.0
cell,2-2|OUT|FB,fixed_score_cluster_batter,11561,,,,-0.1607198944734387,False,-0.19491524216938833,-0.1265245467774891,498.0
cell,2-2|OUT|NFB,untrimmed,17501,1.0,0.3620294481813299,0.1288141873407406,-0.2332152608405893,True,,,
cell,2-2|OUT|NFB,trim_002,16136,0.9220044568881778,0.3637459382504723,0.13100958340991675,-0.23273635484055552,True,,,
cell,2-2|OUT|NFB,trim_005,15779,0.9016056225358551,0.3634036457509497,0.1335661076926889,-0.2298375380582607,False,,,
cell,2-2|OUT|NFB,trim_010,15102,0.8629221187360723,0.36237869833991854,0.13944149352066124,-0.2229372048192573,True,,,
cell,2-2|OUT|NFB,clip_010_same_target,15779,0.9016056225358551,0.36340390926102367,0.1342690260081862,-0.22913488325283746,False,,,
cell,2-2|OUT|NFB,first_count_visit,15071,0.8611507913833495,0.36443970220763616,0.1337385207024898,-0.23070118150514643,True,,,
cell,2-2|OUT|NFB,fixed_score_cluster_pitcher,15779,,,,-0.2298375380582607,False,-0.25709918138708676,-0.20257589472943463,789.0
cell,2-2|OUT|NFB,fixed_score_cluster_batter,15779,,,,-0.2298375380582607,False,-0.2575043457063541,-0.2021707304101673,499.0
cell,3-0|BOUNDARY|FB,untrimmed,1942,1.0,0.5068389387503481,0.3992366790824915,-0.10760225966785665,True,,,
cell,3-0|BOUNDARY|FB,trim_002,1796,0.9248197734294542,0.5093623070925457,0.4089358310066572,-0.10042647608588857,True,,,
cell,3-0|BOUNDARY|FB,trim_005,1693,0.8717816683831102,0.5030342698754536,0.4207010598227359,-0.08233321005271765,False,,,
cell,3-0|BOUNDARY|FB,trim_010,803,0.41349124613800203,0.4880936354129323,0.40532562647513276,-0.08276800893779954,True,,,
cell,3-0|BOUNDARY|FB,clip_010_same_target,1693,0.8717816683831102,0.5033906251561605,0.4098553096010445,-0.09353531555511604,False,,,
cell,3-0|BOUNDARY|FB,first_count_visit,1693,0.8717816683831102,0.5030342698754536,0.4207010598227359,-0.08233321005271765,True,,,
cell,3-0|BOUNDARY|FB,fixed_score_cluster_pitcher,1693,,,,-0.08233321005271765,False,-0.2535991698633573,0.08893274975792201,560.0
cell,3-0|BOUNDARY|FB,fixed_score_cluster_batter,1693,,,,-0.08233321005271765,False,-0.2753317746210381,0.11066535451560275,413.0
cell,3-0|BOUNDARY|NFB,untrimmed,105,1.0,0.49125022284996106,0.312543224731527,-0.17870699811843405,True,,,
cell,3-0|BOUNDARY|NFB,trim_002,101,0.9619047619047619,0.4932112472557783,0.31015747029615093,-0.1830537769596273,True,,,
cell,3-0|BOUNDARY|NFB,trim_005,100,0.9523809523809523,0.4911148184566103,0.3090989373480834,-0.18201588110852682,False,,,
cell,3-0|BOUNDARY|NFB,trim_010,74,0.7047619047619048,0.4858802767530291,0.2824361867789381,-0.20344408997409097,True,,,
cell,3-0|BOUNDARY|NFB,clip_010_same_target,100,0.9523809523809523,0.4909104642172755,0.3090989373480834,-0.18181152686919205,False,,,
cell,3-0|BOUNDARY|NFB,first_count_visit,100,0.9523809523809523,0.4911148184566103,0.3090989373480834,-0.18201588110852682,True,,,
cell,3-0|BOUNDARY|NFB,fixed_score_cluster_pitcher,100,,,,-0.18201588110852682,False,-0.643417161639725,0.27938539942267127,75.0
cell,3-0|BOUNDARY|NFB,fixed_score_cluster_batter,100,,,,-0.18201588110852682,False,-0.6105635820423472,0.2465318198252935,86.0
cell,3-0|INNER|FB,untrimmed,2549,1.0,0.472399011480783,0.532395542684848,0.05999653120406507,True,,,
cell,3-0|INNER|FB,trim_002,2368,0.9289917614750882,0.4704681002539212,0.5211465750840855,0.05067847483016416,True,,,
cell,3-0|INNER|FB,trim_005,2352,0.9227147901137701,0.46928454677465886,0.5216244968644405,0.05233995008978158,False,,,
cell,3-0|INNER|FB,trim_010,1693,0.6641820321694782,0.4643703556776177,0.5478839880325189,0.08351363235490113,True,,,
cell,3-0|INNER|FB,clip_010_same_target,2352,0.9227147901137701,0.4693056933259896,0.5258120402048648,0.056506346878875235,False,,,
cell,3-0|INNER|FB,first_count_visit,2352,0.9227147901137701,0.46928454677465886,0.5216244968644405,0.05233995008978158,True,,,
cell,3-0|INNER|FB,fixed_score_cluster_pitcher,2352,,,,0.05233995008978158,False,-0.12730578909880041,0.2319856892783636,611.0
cell,3-0|INNER|FB,fixed_score_cluster_batter,2352,,,,0.05233995008978158,False,-0.12266483508040353,0.22734473525996668,439.0
cell,3-0|INNER|NFB,untrimmed,132,1.0,0.5319272042058393,0.36082953381171284,-0.1710976703941266,True,,,
cell,3-0|INNER|NFB,trim_002,123,0.9318181818181818,0.5274255233488218,0.35591743964240447,-0.1715080837064172,True,,,
cell,3-0|INNER|NFB,trim_005,123,0.9318181818181818,0.5274255233488218,0.35591743964240447,-0.1715080837064172,False,,,
cell,3-0|INNER|NFB,trim_010,106,0.803030303030303,0.541064400014696,0.329546582713274,-0.21151781730142202,True,,,
cell,3-0|INNER|NFB,clip_010_same_target,123,0.9318181818181818,0.5273686037521469,0.35526251524719915,-0.17210608850494782,False,,,
cell,3-0|INNER|NFB,first_count_visit,123,0.9318181818181818,0.5274255233488218,0.35591743964240447,-0.1715080837064172,True,,,
cell,3-0|INNER|NFB,fixed_score_cluster_pitcher,123,,,,-0.1715080837064172,False,-0.779188711221476,0.43617254380864157,90.0
cell,3-0|INNER|NFB,fixed_score_cluster_batter,123,,,,-0.1715080837064172,False,-0.7526433111000248,0.40962714368719033,97.0
cell,3-0|OUT|FB,untrimmed,2402,1.0,0.6818255871289087,0.36127433469213277,-0.3205512524367759,True,,,
cell,3-0|OUT|FB,trim_002,2069,0.8613655287260616,0.679882077168324,0.37001483584492684,-0.3098672413233971,True,,,
cell,3-0|OUT|FB,trim_005,1521,0.6332223147377186,0.6744852400007055,0.37971522740771735,-0.2947700125929883,False,,,
cell,3-0|OUT|FB,trim_010,680,0.28309741881765194,0.6578862403790458,0.3663886225550011,-0.29149761782404476,True,,,
cell,3-0|OUT|FB,clip_010_same_target,1521,0.6332223147377186,0.6753187842955978,0.3741744739923907,-0.3011443103032071,False,,,
cell,3-0|OUT|FB,first_count_visit,1521,0.6332223147377186,0.6744852400007055,0.37971522740771735,-0.2947700125929883,True,,,
cell,3-0|OUT|FB,fixed_score_cluster_pitcher,1521,,,,-0.2947700125929883,False,-0.3898758311717501,-0.19966419401422647,567.0
cell,3-0|OUT|FB,fixed_score_cluster_batter,1521,,,,-0.2947700125929883,False,-0.39377068223028694,-0.19576934295568965,394.0
cell,3-0|OUT|NFB,untrimmed,189,1.0,0.6770907785018248,0.3059431152386693,-0.3711476632631554,True,,,
cell,3-0|OUT|NFB,trim_002,172,0.91005291005291,0.6746905364468355,0.30519661088009065,-0.36949392556674493,True,,,
cell,3-0|OUT|NFB,trim_005,141,0.746031746031746,0.6690414818377071,0.30127536258045196,-0.36776611925725516,False,,,
cell,3-0|OUT|NFB,trim_010,91,0.48148148148148145,0.6620814349737275,0.31829995906152897,-0.3437814759121986,True,,,
cell,3-0|OUT|NFB,clip_010_same_target,141,0.746031746031746,0.6701235882701992,0.3288867317560796,-0.3412368565141197,False,,,
cell,3-0|OUT|NFB,first_count_visit,141,0.746031746031746,0.6690414818377071,0.30127536258045196,-0.36776611925725516,True,,,
cell,3-0|OUT|NFB,fixed_score_cluster_pitcher,141,,,,-0.36776611925725516,False,-0.7496955156666546,0.014163277152144271,106.0
cell,3-0|OUT|NFB,fixed_score_cluster_batter,141,,,,-0.36776611925725516,False,-0.6764299980319333,-0.05910224048257706,110.0
cell,3-1|BOUNDARY|FB,untrimmed,3279,1.0,0.4454600506585824,0.36799856654575613,-0.07746148411282627,True,,,
cell,3-1|BOUNDARY|FB,trim_002,3034,0.925282098200671,0.4472446823689457,0.36959959958337874,-0.07764508278556695,True,,,
cell,3-1|BOUNDARY|FB,trim_005,3034,0.925282098200671,0.4472446823689457,0.36959959958337874,-0.07764508278556695,False,,,
cell,3-1|BOUNDARY|FB,trim_010,3034,0.925282098200671,0.4472446823689457,0.36959959958337874,-0.07764508278556695,True,,,
cell,3-1|BOUNDARY|FB,clip_010_same_target,3034,0.925282098200671,0.4472446823689457,0.36959959958337874,-0.07764508278556695,False,,,
cell,3-1|BOUNDARY|FB,first_count_visit,3034,0.925282098200671,0.4472446823689457,0.36959959958337874,-0.07764508278556695,True,,,
cell,3-1|BOUNDARY|FB,fixed_score_cluster_pitcher,3034,,,,-0.07764508278556695,False,-0.15110676055361277,-0.004183405017521111,656.0
cell,3-1|BOUNDARY|FB,fixed_score_cluster_batter,3034,,,,-0.07764508278556695,False,-0.14928731162968972,-0.006002853941444175,450.0
cell,3-1|BOUNDARY|NFB,untrimmed,876,1.0,0.46125441660110394,0.36765124081509654,-0.0936031757860074,True,,,
cell,3-1|BOUNDARY|NFB,trim_002,814,0.9292237442922374,0.46848715955838394,0.36612619040159067,-0.10236096915679319,True,,,
cell,3-1|BOUNDARY|NFB,trim_005,814,0.9292237442922374,0.46848715955838394,0.36612619040159067,-0.10236096915679319,False,,,
cell,3-1|BOUNDARY|NFB,trim_010,814,0.9292237442922374,0.46848715955838394,0.36612619040159067,-0.10236096915679319,True,,,
cell,3-1|BOUNDARY|NFB,clip_010_same_target,814,0.9292237442922374,0.46848715955838394,0.36612619040159067,-0.10236096915679319,False,,,
cell,3-1|BOUNDARY|NFB,first_count_visit,814,0.9292237442922374,0.46848715955838394,0.36612619040159067,-0.10236096915679319,True,,,
cell,3-1|BOUNDARY|NFB,fixed_score_cluster_pitcher,814,,,,-0.10236096915679319,False,-0.24356502049745257,0.0388430821838662,374.0
cell,3-1|BOUNDARY|NFB,fixed_score_cluster_batter,814,,,,-0.10236096915679319,False,-0.2437094799736933,0.03898754166010693,338.0
cell,3-1|INNER|FB,untrimmed,4578,1.0,0.38170535308091974,0.4061019326541275,0.024396579573207705,True,,,
cell,3-1|INNER|FB,trim_002,4239,0.9259501965923984,0.38181152684748254,0.40774727692684387,0.025935750079361337,True,,,
cell,3-1|INNER|FB,trim_005,4235,0.9250764525993884,0.3818144602651249,0.4074048818614251,0.025590421596300227,False,,,
cell,3-1|INNER|FB,trim_010,3721,0.8128003494975972,0.3708373817285936,0.40270075987091225,0.03186337814231863,True,,,
cell,3-1|INNER|FB,clip_010_same_target,4235,0.9250764525993884,0.37966594936450004,0.40740666519760077,0.027740715833100713,False,,,
cell,3-1|INNER|FB,first_count_visit,4235,0.9250764525993884,0.3818144602651249,0.4074048818614251,0.025590421596300227,True,,,
cell,3-1|INNER|FB,fixed_score_cluster_pitcher,4235,,,,0.025590421596300227,False,-0.0666284191734687,0.11780926236606917,686.0
cell,3-1|INNER|FB,fixed_score_cluster_batter,4235,,,,0.025590421596300227,False,-0.0662632163854095,0.11744405957800994,477.0
cell,3-1|INNER|NFB,untrimmed,1116,1.0,0.3552127102962067,0.4385202681368417,0.08330755784063498,True,,,
cell,3-1|INNER|NFB,trim_002,1039,0.9310035842293907,0.34940987055122485,0.44220645070121867,0.09279658014999383,True,,,
cell,3-1|INNER|NFB,trim_005,1039,0.9310035842293907,0.34940987055122485,0.44220645070121867,0.09279658014999383,False,,,
cell,3-1|INNER|NFB,trim_010,1039,0.9310035842293907,0.34940987055122485,0.44220645070121867,0.09279658014999383,True,,,
cell,3-1|INNER|NFB,clip_010_same_target,1039,0.9310035842293907,0.34940987055122485,0.44220645070121867,0.09279658014999383,False,,,
cell,3-1|INNER|NFB,first_count_visit,1039,0.9310035842293907,0.34940987055122485,0.44220645070121867,0.09279658014999383,True,,,
cell,3-1|INNER|NFB,fixed_score_cluster_pitcher,1039,,,,0.09279658014999383,False,-0.053336246260791156,0.23892940656077882,405.0
cell,3-1|INNER|NFB,fixed_score_cluster_batter,1039,,,,0.09279658014999383,False,-0.05344545781510822,0.23903861811509586,349.0
cell,3-1|OUT|FB,untrimmed,4182,1.0,0.6701524488193494,0.3361114372781306,-0.3340410115412189,True,,,
cell,3-1|OUT|FB,trim_002,3820,0.9134385461501674,0.6698021932202705,0.3347114574303339,-0.33509073578993653,True,,,
cell,3-1|OUT|FB,trim_005,3654,0.8737446197991392,0.6684949625187172,0.33082057184460506,-0.3376743906741121,False,,,
cell,3-1|OUT|FB,trim_010,3084,0.7374461979913917,0.6631030112203091,0.3269954077349103,-0.3361076034853987,True,,,
cell,3-1|OUT|FB,clip_010_same_target,3654,0.8737446197991392,0.6686651516767373,0.32977710225372664,-0.3388880494230107,False,,,
cell,3-1|OUT|FB,first_count_visit,3654,0.8737446197991392,0.6684949625187172,0.33082057184460506,-0.3376743906741121,True,,,
cell,3-1|OUT|FB,fixed_score_cluster_pitcher,3654,,,,-0.3376743906741121,False,-0.41393108403920564,-0.26141769730901854,682.0
cell,3-1|OUT|FB,fixed_score_cluster_batter,3654,,,,-0.3376743906741121,False,-0.41619306419946467,-0.2591557171487595,459.0
cell,3-1|OUT|NFB,untrimmed,1524,1.0,0.6728344766300064,0.39105762882858536,-0.28177684780142104,True,,,
cell,3-1|OUT|NFB,trim_002,1428,0.937007874015748,0.6747478259852814,0.3628720770633395,-0.31187574892194175,True,,,
cell,3-1|OUT|NFB,trim_005,1376,0.9028871391076115,0.6739260700162252,0.36993816297569065,-0.3039879070405346,False,,,
cell,3-1|OUT|NFB,trim_010,1267,0.8313648293963255,0.6722199361356656,0.3435993733148641,-0.32862056282080143,True,,,
cell,3-1|OUT|NFB,clip_010_same_target,1376,0.9028871391076115,0.6740440194365247,0.36552952301478236,-0.30851449642174233,False,,,
cell,3-1|OUT|NFB,first_count_visit,1376,0.9028871391076115,0.6739260700162252,0.36993816297569065,-0.3039879070405346,True,,,
cell,3-1|OUT|NFB,fixed_score_cluster_pitcher,1376,,,,-0.3039879070405346,False,-0.42259253008760483,-0.18538328399346432,467.0
cell,3-1|OUT|NFB,fixed_score_cluster_batter,1376,,,,-0.3039879070405346,False,-0.4207090720288437,-0.18726674205222543,371.0
cell,3-2|BOUNDARY|FB,untrimmed,6001,1.0,0.1784463634910408,0.3106289447458136,0.1321825812547729,True,,,
cell,3-2|BOUNDARY|FB,trim_002,5517,0.9193467755374104,0.18546300394587822,0.3126149305299461,0.12715192658406788,True,,,
cell,3-2|BOUNDARY|FB,trim_005,5514,0.9188468588568572,0.1854338448581703,0.3127934534559462,0.12735960859777593,False,,,
cell,3-2|BOUNDARY|FB,trim_010,5101,0.8500249958340277,0.19212205281383354,0.3101976364105845,0.11807558359675101,True,,,
cell,3-2|BOUNDARY|FB,clip_010_same_target,5514,0.9188468588568572,0.18679920487551444,0.3127788775480711,0.12597967267255672,False,,,
cell,3-2|BOUNDARY|FB,first_count_visit,5104,0.850524912514581,0.18156705417926847,0.31688128051258146,0.13531422633331297,True,,,
cell,3-2|BOUNDARY|FB,fixed_score_cluster_pitcher,5514,,,,0.12735960859777593,False,0.0693149909738004,0.18540422622175146,695.0
cell,3-2|BOUNDARY|FB,fixed_score_cluster_batter,5514,,,,0.12735960859777593,False,0.06802207315058983,0.18669714404496202,479.0
cell,3-2|BOUNDARY|NFB,untrimmed,3418,1.0,0.15310757110762907,0.2681020625715291,0.11499449146389999,True,,,
cell,3-2|BOUNDARY|NFB,trim_002,3137,0.9177881802223522,0.15361771344051267,0.27024916889274153,0.11663145545222889,True,,,
cell,3-2|BOUNDARY|NFB,trim_005,3121,0.9131070801638385,0.154600419788693,0.2689040988095663,0.11430367902087331,False,,,
cell,3-2|BOUNDARY|NFB,trim_010,2566,0.7507314218841428,0.18962942969978397,0.2714562646061542,0.08182683490637024,True,,,
cell,3-2|BOUNDARY|NFB,clip_010_same_target,3121,0.9131070801638385,0.16322719173769093,0.2687657872003109,0.10553859546262,False,,,
cell,3-2|BOUNDARY|NFB,first_count_visit,2966,0.8677589233469866,0.15825051102479146,0.26712870548645673,0.10887819446166525,True,,,
cell,3-2|BOUNDARY|NFB,fixed_score_cluster_pitcher,3121,,,,0.11430367902087331,False,0.03176857607689226,0.19683878196485435,591.0
cell,3-2|BOUNDARY|NFB,fixed_score_cluster_batter,3121,,,,0.11430367902087331,False,0.030109996150415944,0.19849736189133066,441.0
cell,3-2|INNER|FB,untrimmed,8333,1.0,0.06002142991438464,0.35791857318448916,0.29789714327010447,True,,,
cell,3-2|INNER|FB,trim_002,7721,0.9265570622824914,0.061436115937441936,0.36123879698245204,0.29980268104501007,True,,,
cell,3-2|INNER|FB,trim_005,7087,0.8504740189607585,0.06048554717375708,0.36559512854364584,0.3051095813698888,False,,,
cell,3-2|INNER|FB,trim_010,2423,0.2907716308652346,0.05775559045922654,0.3506981110329412,0.29294252057371467,True,,,
cell,3-2|INNER|FB,clip_010_same_target,7087,0.8504740189607585,0.07733514139329933,0.36599649307644405,0.2886613516831447,False,,,
cell,3-2|INNER|FB,first_count_visit,6202,0.7442697707908317,0.060703896451465504,0.3678371498565957,0.3071332534051302,True,,,
cell,3-2|INNER|FB,fixed_score_cluster_pitcher,7087,,,,0.3051095813698888,False,0.2643762713778321,0.3458428913619455,715.0
cell,3-2|INNER|FB,fixed_score_cluster_batter,7087,,,,0.3051095813698888,False,0.2639579315471175,0.3462612311926601,490.0
cell,3-2|INNER|NFB,untrimmed,4052,1.0,0.06469889492769704,0.3509830846503285,0.2862841897226316,True,,,
cell,3-2|INNER|NFB,trim_002,3752,0.9259624876604146,0.07094895425721609,0.34898938273655583,0.2780404284793398,True,,,
cell,3-2|INNER|NFB,trim_005,3407,0.8408193484698914,0.07565818854450791,0.3461556927196944,0.2704975041751865,False,,,
cell,3-2|INNER|NFB,trim_010,1191,0.293928923988154,0.08166232482753537,0.3199311076072637,0.23826878277972832,True,,,
cell,3-2|INNER|NFB,clip_010_same_target,3407,0.8408193484698914,0.1016053761704264,0.3464411627018327,0.24483578653140625,False,,,
cell,3-2|INNER|NFB,first_count_visit,3192,0.7877591312931885,0.06971997070137226,0.34451481036287795,0.27479483966150564,True,,,
cell,3-2|INNER|NFB,fixed_score_cluster_pitcher,3407,,,,0.2704975041751865,False,0.20306870012645623,0.3379263082239167,584.0
cell,3-2|INNER|NFB,fixed_score_cluster_batter,3407,,,,0.2704975041751865,False,0.20055016035333023,0.3404448479970427,455.0
cell,3-2|OUT|FB,untrimmed,7944,1.0,0.6539651146973748,0.22922516727715186,-0.424739947420223,True,,,
cell,3-2|OUT|FB,trim_002,7320,0.9214501510574018,0.6535532472983773,0.23199492145921194,-0.4215583258391653,True,,,
cell,3-2|OUT|FB,trim_005,7229,0.9099949647532729,0.6529852858973332,0.23148802690327014,-0.421497258994063,False,,,
cell,3-2|OUT|FB,trim_010,6957,0.8757552870090635,0.6512151508874344,0.23382390961592886,-0.41739124127150556,True,,,
cell,3-2|OUT|FB,clip_010_same_target,7229,0.9099949647532729,0.6530103445019431,0.23128871015566985,-0.42172163434627313,False,,,
cell,3-2|OUT|FB,first_count_visit,6818,0.858257804632427,0.6524124661375589,0.23467868156959806,-0.4177337845679608,True,,,
cell,3-2|OUT|FB,fixed_score_cluster_pitcher,7229,,,,-0.421497258994063,False,-0.4635172585056612,-0.37947725948246475,726.0
cell,3-2|OUT|FB,fixed_score_cluster_batter,7229,,,,-0.421497258994063,False,-0.4631925812217499,-0.3798019367663761,482.0
cell,3-2|OUT|NFB,untrimmed,6442,1.0,0.6597490465027943,0.15738051141679013,-0.5023685350860043,True,,,
cell,3-2|OUT|NFB,trim_002,6003,0.9318534616578702,0.6605418752114722,0.15674223701628698,-0.5037996381951853,True,,,
cell,3-2|OUT|NFB,trim_005,5927,0.9200558832660665,0.6600543696555338,0.15738627875299963,-0.5026680909025342,False,,,
cell,3-2|OUT|NFB,trim_010,5726,0.888854393045638,0.6587507568332608,0.16209646215620752,-0.4966542946770533,True,,,
cell,3-2|OUT|NFB,clip_010_same_target,5927,0.9200558832660665,0.6600784690463861,0.1582294121310748,-0.5018490569153113,False,,,
cell,3-2|OUT|NFB,first_count_visit,5687,0.8828003725551071,0.6602299658953088,0.15616302351272734,-0.5040669423825815,True,,,
cell,3-2|OUT|NFB,fixed_score_cluster_pitcher,5927,,,,-0.5026680909025342,False,-0.5359666050042916,-0.4693695768007767,715.0
cell,3-2|OUT|NFB,fixed_score_cluster_batter,5927,,,,-0.5026680909025342,False,-0.5373404656769917,-0.46799571612807667,476.0
