fit_id,alpha,converged,iterations,first_convergence_iteration,max_last_change,relative_objective_change,gradient_relative,objective_start,objective_end,abnormal_increases,direction_reversals,max_count_index_step_last,extra_iterations,post_convergence_max_prediction_drift,post_convergence_max_index_drift,independent_cholesky_coef_maxdiff,independent_cholesky_prediction_maxdiff
outer0_inner_f0_a1,1.0,True,170,160,2.7736701196269622e-12,1.129162211630957e-16,1.572295343799813e-12,524476.6037683156,515494.23381245224,0,0,5.218124532823199e-13,10,1.9964285780105229e-10,3.9210906983056174e-11,,
outer0_inner_f0_a3,3.0,True,152,142,1.647737435524959e-12,1.1286361761292353e-16,3.1357531416586166e-13,524476.6037683156,515734.4957087597,0,0,2.2706051653813948e-13,10,1.1852907544351865e-10,4.5146097099017516e-11,,
outer0_inner_f0_a10,10.0,True,126,116,4.0719117422968995e-12,0.0,2.7130040120168193e-13,524476.6037683156,516302.2499138697,0,0,8.761560518264164e-13,10,9.236628129016822e-11,2.3685343288494743e-11,,
outer0_inner_f0_a30,30.0,True,99,89,6.798066818423295e-13,0.0,3.7515767347984546e-13,524476.6037683156,517227.5246922923,0,0,1.1916355543756198e-13,10,8.737174872486264e-11,2.434392239903166e-11,,
outer0_inner_f0_a100,100.0,True,80,70,1.0705360665949698e-14,1.1221024012599737e-16,1.0565930060414528e-14,524476.6037683156,518737.51315484074,0,0,1.3068578527508564e-14,10,6.583562861539605e-11,1.811421758879375e-11,,
outer0_inner_f0_a300,300.0,True,62,52,2.32637133021654e-15,0.0,6.172524141242395e-15,524476.6037683156,520392.08181589685,0,0,3.147171708416871e-15,10,8.374187454585069e-11,3.678518232628444e-11,,
outer0_inner_f0_a1000,1000.0,True,47,37,1.0238326160293014e-16,0.0,1.0745013620760537e-15,524476.6037683156,522004.34613984224,0,0,3.099916870536697e-16,10,4.4981657287834764e-11,9.979360480587824e-12,,
outer0_inner_f0_a3000,3000.0,True,38,28,2.407041102650451e-17,0.0,7.163342413840357e-16,524476.6037683156,522964.02815594285,0,0,1.527508990450672e-17,10,1.812719419014286e-11,1.2270165238098112e-11,,
outer0_inner_f0_a10000,10000.0,True,32,22,2.5602187875363525e-20,0.0,6.267924612110313e-16,524476.6037683156,523582.3565710652,0,0,1.6248823766720475e-20,10,3.6107228318371654e-12,1.3781514529666937e-12,,
outer0_inner_f0_a30000,30000.0,True,27,17,9.481612876930849e-23,0.0,8.954178017300446e-16,524476.6037683156,523959.48527983093,0,0,7.406776270038445e-23,10,7.819023206678821e-13,3.774680548521189e-13,,
outer0_inner_f1_a1,1.0,True,171,161,6.270071022175852e-12,1.126533479914151e-16,9.5224540985999e-12,525529.6739825697,516697.1239763171,0,2,1.5164123684418752e-12,10,5.001499214785099e-11,1.5997408506779003e-11,,
outer0_inner_f1_a3,3.0,True,151,141,1.834554116060392e-12,0.0,1.864592733187148e-13,525529.6739825697,516960.1309757588,0,0,5.996722339955767e-13,10,1.3379641838895395e-10,1.2542288203579041e-11,,
outer0_inner_f1_a10,10.0,True,127,117,6.88467226090874e-13,0.0,2.5957369756564046e-13,525529.6739825697,517565.80846975127,0,0,1.8660086152765573e-13,10,9.822659005620515e-11,4.844065824795421e-11,,
outer0_inner_f1_a30,30.0,True,99,89,7.001032865381e-13,1.1225733122790375e-16,6.021445106938796e-13,525529.6739825697,518519.9066891656,0,0,3.831390189076022e-13,10,4.2166554969913506e-11,1.4319100157553755e-11,,
outer0_inner_f1_a100,100.0,True,80,70,1.1800159180396099e-14,1.1193034855565732e-16,1.42263114552163e-14,525529.6739825697,520034.6614173517,0,0,3.840957143917349e-15,10,6.581954425932679e-11,1.526189512787204e-11,,
outer0_inner_f1_a300,300.0,True,63,53,2.4129107804033736e-15,1.1158134462217178e-16,6.91135877564028e-15,525529.6739825697,521661.2249168151,0,0,1.5717588053185227e-15,10,2.475335214580099e-11,3.4038751893250516e-11,,
outer0_inner_f1_a1000,1000.0,True,47,37,4.4224946475784207e-16,0.0,3.4982978108576887e-15,525529.6739825697,523221.5102892497,0,0,1.3964633200117773e-15,10,1.9804796691502702e-11,6.413032560810285e-12,,
outer0_inner_f1_a3000,3000.0,True,38,28,6.168811498233886e-18,0.0,5.247446716286533e-16,525529.6739825697,524137.20170532295,0,0,5.614259019913371e-18,10,1.1247799566738159e-11,6.4573807957788446e-12,,
outer0_inner_f1_a10000,10000.0,True,32,22,2.686408652891521e-20,0.0,5.247446716286533e-16,525529.6739825697,524712.4915943329,0,0,1.2420017962586404e-20,10,4.25316726282432e-12,2.4319677196430904e-12,,
outer0_inner_f1_a30000,30000.0,True,26,16,1.3295455504810075e-21,0.0,3.4982978108576887e-16,525529.6739825697,525052.2012676063,0,0,1.0007775758504161e-21,10,1.7781449923592874e-11,6.789206226365116e-12,,
outer0_inner_f2_a1,1.0,True,170,160,1.3697249862029446e-12,0.0,3.4131695739650495e-12,526904.6393640504,518631.0864961367,0,4,7.829188494339172e-13,10,3.8574010652325796e-10,8.844637779400347e-11,,
outer0_inner_f2_a3,3.0,True,150,140,1.3798781809187527e-12,1.1218323425194457e-16,9.515861048703911e-13,526904.6393640504,518862.3888552085,0,1,8.82530416132822e-13,10,2.760887629627007e-10,3.8672809081983525e-11,,
outer0_inner_f2_a10,10.0,True,128,118,1.025762108886719e-12,0.0,1.572908475914638e-13,526904.6393640504,519392.73213796166,0,0,7.159791195873675e-14,10,6.347183889587882e-11,6.222510404026423e-12,,
outer0_inner_f2_a30,30.0,True,99,89,5.088462670630571e-13,1.1188464293545438e-16,9.974563741916174e-13,526904.6393640504,520247.0990325909,0,0,1.5848668307894914e-13,10,1.1204925876029392e-10,2.035860761421987e-11,,
outer0_inner_f2_a100,100.0,True,81,71,5.974357396608226e-15,0.0,1.559418451396876e-14,526904.6393640504,521649.4220884273,0,0,3.0785828286158078e-15,10,3.144561000478774e-11,1.808586890475859e-11,,
outer0_inner_f2_a300,300.0,True,63,53,1.6899646312000753e-15,0.0,9.666608729026063e-15,526904.6393640504,523198.4348638052,0,0,3.0994647367807316e-15,10,2.4913286711392146e-11,1.0654856087621454e-11,,
outer0_inner_f2_a1000,1000.0,True,47,37,7.278090200405769e-16,0.0,2.090938485762231e-15,526904.6393640504,524718.967581742,0,0,1.0759340270498752e-15,10,2.1502501168502164e-11,5.839207508303177e-12,,
outer0_inner_f2_a3000,3000.0,True,38,28,4.5029822310707424e-17,0.0,8.486269869949054e-16,526904.6393640504,525619.2282073329,0,0,3.8065702268904e-17,10,8.16484380106175e-12,3.986570289194422e-12,,
outer0_inner_f2_a10000,10000.0,True,32,22,2.6500349367905047e-20,0.0,3.1364077286433463e-16,526904.6393640504,526175.042355431,0,0,1.2963078096756565e-20,10,2.425767919866928e-12,1.8099625819858827e-12,,
outer0_inner_f2_a30000,30000.0,True,27,17,6.650232131238088e-23,0.0,4.1818769715244614e-16,526904.6393640504,526489.9328164005,0,0,2.9975772958270326e-23,10,9.275236828587552e-13,5.714973122392423e-13,,
outer0_refit,300.0,True,69,59,7.009135115708935e-15,0.0,2.208734159166476e-14,788438.8588854881,782807.6008820415,0,0,2.185828823457533e-15,10,1.1544029621113339e-11,3.904985605545861e-12,1.744524663616076e-13,6.616914352414826e-15
outer1_inner_f0_a1,1.0,True,170,160,1.821277756874219e-12,1.1206300561641938e-16,3.698279930293538e-12,528320.8132251566,519419.05888823385,0,1,1.3144943237997285e-12,10,1.1942560274036396e-09,3.2345667757270263e-11,,
outer1_inner_f0_a3,3.0,True,151,141,2.225159917309611e-12,1.1200756489785145e-16,5.07956257265855e-13,528320.8132251566,519676.1572894793,0,1,6.176510315580243e-13,10,8.888756397595898e-11,1.0534298076014497e-11,,
outer1_inner_f0_a10,10.0,True,126,116,2.68569563905788e-12,0.0,4.1147843941992037e-13,528320.8132251566,520258.0453626947,0,0,3.7108562482809576e-13,10,8.346959234906137e-11,2.8322095045868745e-11,,
outer1_inner_f0_a30,30.0,True,99,89,6.872270138309065e-13,1.1168293723370707e-16,1.5070440697378143e-12,528320.8132251566,521186.6947200932,0,0,4.4115083389650724e-13,10,1.7200052493393514e-10,1.783219109706776e-11,,
outer1_inner_f0_a100,100.0,True,81,71,5.267460968119436e-15,0.0,1.0270571775218406e-14,528320.8132251566,522697.58669829636,0,0,5.691003929369563e-15,10,3.4054953301776436e-11,3.909291404687316e-12,,
outer1_inner_f0_a300,300.0,True,63,53,6.983306721904082e-16,0.0,7.910141372839525e-15,528320.8132251566,524347.2513692566,0,0,6.577846471848772e-16,10,1.6195919605443976e-11,4.754757038987835e-12,,
outer1_inner_f0_a1000,1000.0,True,47,37,1.2369771919548162e-16,0.0,1.092614018640256e-15,528320.8132251566,525957.8745128339,0,0,7.980544815677727e-17,10,3.449326935189845e-11,1.369776022014331e-11,,
outer1_inner_f0_a3000,3000.0,True,38,28,3.0556613302102427e-18,0.0,1.4086611595789706e-15,528320.8132251566,526920.9571716597,0,0,3.8360799574066885e-18,10,9.14058412293528e-12,4.4392074967932124e-12,,
outer1_inner_f0_a10000,10000.0,True,32,22,1.7108989554958077e-20,0.0,5.46307009320128e-16,528320.8132251566,527528.001250426,0,0,5.809485527076054e-21,10,2.5230165179301878e-12,1.442702491881209e-12,,
outer1_inner_f0_a30000,30000.0,True,27,17,5.881799412919895e-23,0.0,6.555684111841536e-16,528320.8132251566,527876.2520469566,0,0,2.8099500425136956e-23,10,7.146392852486194e-13,2.5382501855102423e-13,,
outer1_inner_f1_a1,1.0,True,173,163,5.83820195085224e-13,0.0,2.0988861090413983e-12,527241.5086951051,518477.5665563611,0,5,1.5968570904986851e-13,10,5.2887805246371045e-11,5.79320677968129e-12,,
outer1_inner_f1_a3,3.0,True,153,143,1.0862165751463365e-12,0.0,5.756292233084062e-13,527241.5086951051,518726.720207821,0,1,3.8614218076763456e-13,10,1.1852274717227829e-10,1.8923641826778712e-11,,
outer1_inner_f1_a10,10.0,True,128,118,8.161724942898531e-13,1.1209057476834242e-16,2.5602264598455483e-13,527241.5086951051,519291.3055693145,0,0,2.497409739676156e-13,10,9.364908848397135e-11,9.46353633969695e-12,,
outer1_inner_f1_a30,30.0,True,100,90,9.129683720790764e-13,0.0,9.85550935759095e-13,527241.5086951051,520187.138593428,0,0,1.7138998616131736e-13,10,6.554426446037098e-11,9.804844342457052e-12,,
outer1_inner_f1_a100,100.0,True,82,72,4.6975376660666234e-15,1.1158291690316724e-16,1.7777548149966555e-14,527241.5086951051,521653.8743469181,0,0,7.198357120753598e-15,10,1.86641258004272e-11,1.0310194477343257e-11,,
outer1_inner_f1_a300,300.0,True,63,53,1.6610186436333527e-15,0.0,1.5352092860915748e-14,527241.5086951051,523291.2217574243,0,0,6.858041427165159e-16,10,2.244576746690541e-11,1.4334987381716937e-11,,
outer1_inner_f1_a1000,1000.0,True,47,37,1.815091125174733e-16,0.0,2.219659082707104e-15,527241.5086951051,524923.0081088986,0,0,3.774991120191572e-17,10,2.2056093063049786e-11,9.214826938864164e-12,,
outer1_inner_f1_a3000,3000.0,True,38,28,4.767780880369016e-17,0.0,1.038105001457901e-15,527241.5086951051,525906.388928005,0,0,2.4202360343925277e-17,10,1.0063005984051188e-11,6.340571578112684e-12,,
outer1_inner_f1_a10000,10000.0,True,32,22,2.6512960668723364e-20,0.0,1.038105001457901e-15,527241.5086951051,526517.124500248,0,0,6.644496913244485e-21,10,4.028805067335384e-12,2.6414166154932224e-12,,
outer1_inner_f1_a30000,30000.0,True,27,17,9.154158561196283e-23,0.0,3.8928937554671293e-16,527241.5086951051,526850.2621277733,0,0,5.779992872592751e-23,10,8.896824249537971e-13,5.475392065315415e-13,,
outer1_inner_f2_a1,1.0,True,171,161,4.080317284238913e-12,0.0,3.5249115985371827e-13,527909.0987973628,518810.49253860523,0,5,3.173445704455103e-13,10,3.6073172227091277e-10,4.106487607282334e-11,,
outer1_inner_f2_a3,3.0,True,152,142,5.536717299196649e-13,0.0,5.143407026690255e-13,527909.0987973628,519069.723236494,0,0,2.3280437992611483e-13,10,3.890321398358765e-11,1.614585458224391e-11,,
outer1_inner_f2_a10,10.0,True,126,116,1.673592473019241e-12,0.0,1.8409169761735884e-12,527909.0987973628,519676.3407684921,0,0,5.083802853148682e-13,10,1.277561979817765e-10,2.1017657276855736e-11,,
outer1_inner_f2_a30,30.0,True,99,89,4.523993188665927e-13,0.0,9.08311957271938e-13,527909.0987973628,520647.37357759784,0,0,2.0147036710887001e-13,10,9.900397168749464e-11,1.543048532628663e-11,,
outer1_inner_f2_a100,100.0,True,80,70,1.246698431476126e-14,0.0,2.666138032059278e-14,527909.0987973628,522189.8242285959,0,0,7.260644348385088e-15,10,7.67942549828593e-11,2.0714498366011557e-11,,
outer1_inner_f2_a300,300.0,True,63,53,6.336416916098505e-15,0.0,1.5595296150069086e-14,527909.0987973628,523844.808441834,0,0,3.0021672754703884e-15,10,1.6876944286536855e-11,5.279572604658252e-12,,
outer1_inner_f2_a1000,1000.0,True,47,37,2.1823961297167777e-15,0.0,5.140398725163597e-15,527909.0987973628,525452.979780293,0,0,2.7377654833371403e-15,10,2.3532675808013437e-11,6.023123103182268e-12,,
outer1_inner_f2_a3000,3000.0,True,38,28,5.782830388907881e-17,0.0,8.411561550267703e-16,527909.0987973628,526414.3846658571,0,0,2.698602426967384e-17,10,1.4872355083572764e-11,6.156060537689949e-12,,
outer1_inner_f2_a10000,10000.0,True,32,22,2.793705301710989e-20,0.0,6.542325650208214e-16,527909.0987973628,527029.2854805286,0,0,5.7003707824197056e-21,10,4.0555198088654265e-12,1.2353710317813022e-12,,
outer1_inner_f2_a30000,30000.0,True,27,17,8.570646159418327e-23,0.0,4.673089750148725e-16,527909.0987973628,527399.2912864158,0,0,6.70145325708933e-23,10,5.551973811246391e-13,5.230161620147825e-13,,
outer1_refit,300.0,True,68,58,3.451774188733897e-15,0.0,2.1108557541559318e-14,791739.2692480905,785881.7835435952,0,0,3.591453048270687e-15,10,3.8582942396558906e-11,5.3972677069462e-11,,
outer2_inner_f0_a1,1.0,True,171,161,2.837812207275066e-12,0.0,5.526667456264214e-12,527509.6358729989,518622.88216987246,0,2,5.938398776852381e-13,10,8.989579219909061e-11,3.0786955076593336e-11,,
outer2_inner_f0_a3,3.0,True,153,143,3.1668901332031555e-13,1.1218257116212229e-16,1.6082850200772936e-13,527509.6358729989,518865.4557520147,0,0,4.645760075789097e-14,10,8.228340231397624e-11,1.3436719241668654e-11,,
outer2_inner_f0_a10,10.0,True,125,115,1.6810863734245844e-12,0.0,1.3273469323504526e-12,527509.6358729989,519426.68943205127,0,0,4.25607242411653e-13,10,1.3669997078746832e-10,3.397761408022326e-11,,
outer2_inner_f0_a30,30.0,True,99,89,5.87965459808476e-13,0.0,8.419729632572042e-13,527509.6358729989,520330.5581527982,0,0,2.78733268080085e-13,10,1.0665057725844918e-10,1.1635924922690898e-11,,
outer2_inner_f0_a100,100.0,True,81,71,1.2762595388262884e-14,1.1155021408217796e-16,3.4018477257411535e-14,527509.6358729989,521806.80595185934,0,0,1.1411006211900281e-14,10,3.686889682441574e-11,1.8979283382540303e-11,,
outer2_inner_f0_a300,300.0,True,63,53,6.256058558237891e-15,0.0,2.2242304899777544e-14,527509.6358729989,523439.3978917123,0,0,2.9308101992092545e-15,10,3.2126079574368305e-11,1.1789417368646795e-11,,
outer2_inner_f0_a1000,1000.0,True,47,37,2.3181781985816057e-15,0.0,8.300825910076353e-15,527509.6358729989,525054.7001478017,0,0,3.1444944932182775e-15,10,2.9832279875574574e-11,1.8722240986488498e-11,,
outer2_inner_f0_a3000,3000.0,True,38,28,7.207189546937563e-17,0.0,1.1217332310913991e-15,527509.6358729989,526030.7764878349,0,0,6.17951835658518e-17,10,1.4474862281010914e-11,6.137414572105617e-12,,
outer2_inner_f0_a10000,10000.0,True,32,22,2.6250114747143384e-20,0.0,4.486932924365597e-16,527509.6358729989,526661.2486439198,0,0,1.0085206106605225e-20,10,2.979630431276803e-12,2.06356645375509e-12,,
outer2_inner_f0_a30000,30000.0,True,27,17,9.290525921609716e-23,0.0,4.486932924365597e-16,527509.6358729989,527035.7917549625,0,0,3.9971441996273435e-23,10,8.862285905131273e-13,3.437572196713655e-13,,
outer2_inner_f1_a1,1.0,True,172,162,2.2408951246801908e-12,0.0,3.8289314734733754e-13,524752.9136378327,515813.7346344937,0,1,2.909266123402774e-13,10,1.052947035118379e-10,1.2956862110410613e-11,,
outer2_inner_f1_a3,3.0,True,153,143,3.2613406919001987e-13,0.0,2.1584581390937987e-13,524752.9136378327,516067.53515448316,0,0,1.507699824358515e-13,10,2.96852542547299e-11,3.581109406525308e-12,,
outer2_inner_f1_a10,10.0,True,126,116,3.71227116529419e-12,1.12662816714615e-16,6.440040839155627e-13,524752.9136378327,516653.6982730747,0,0,6.484793830602873e-13,10,1.5880918802224642e-10,1.5876839317796324e-11,,
outer2_inner_f1_a30,30.0,True,99,89,6.397929981022462e-13,1.1245859235929472e-16,1.083228748161078e-12,524752.9136378327,517591.9393290942,0,0,2.1495874611073081e-13,10,1.9044144039526145e-10,1.1712625150155766e-11,,
outer2_inner_f1_a100,100.0,True,81,71,8.15672942295974e-15,0.0,3.14292554075896e-14,524752.9136378327,519098.97875023587,0,0,4.6435782021633634e-15,10,4.551309329414721e-11,3.0055404648927514e-11,,
outer2_inner_f1_a300,300.0,True,63,53,4.934657501936794e-15,0.0,2.5440201405284906e-14,524752.9136378327,520731.34739340656,0,0,1.9856380706342805e-15,10,2.136242571726399e-11,9.502520108292035e-12,,
outer2_inner_f1_a1000,1000.0,True,47,37,1.458537473262578e-15,0.0,4.415733375353713e-15,524752.9136378327,522324.318014627,0,0,2.027283699413571e-15,10,3.845326834728269e-11,1.9597776102275184e-11,,
outer2_inner_f1_a3000,3000.0,True,38,28,6.229638843800922e-17,0.0,1.1775289000943235e-15,524752.9136378327,523276.0020240688,0,0,4.450841761741718e-17,10,1.112029912597734e-11,5.844605097952885e-12,,
outer2_inner_f1_a10000,10000.0,True,32,22,2.0631196710117974e-20,0.0,7.850192667295491e-16,524752.9136378327,523883.5270515153,0,0,5.9566358404258436e-21,10,2.935207632503989e-12,3.624505716098551e-12,,
outer2_inner_f1_a30000,30000.0,True,27,17,9.543108206719281e-23,0.0,2.943822250235809e-16,524752.9136378327,524250.4312455653,0,0,4.111946131452174e-23,10,8.577999421888194e-13,6.42859999471407e-13,,
outer2_inner_f2_a1,1.0,True,170,160,2.157616884126124e-13,1.1212593731828214e-16,1.342942527204774e-13,527813.2662568674,519127.5302184399,0,2,2.2550553227918823e-14,10,1.0033554195820749e-10,2.156519996270245e-11,,
outer2_inner_f2_a3,3.0,True,150,140,3.3057017977403845e-13,0.0,6.698244285431592e-13,527813.2662568674,519399.5393131446,0,2,3.7794482237440894e-13,10,3.123053204934223e-10,7.269106876553049e-11,,
outer2_inner_f2_a10,10.0,True,127,117,5.671223182946287e-13,0.0,1.5322963942687353e-13,527813.2662568674,520024.45615543175,0,0,1.7203424581549892e-13,10,7.925624045945767e-11,4.639338194445989e-11,,
outer2_inner_f2_a30,30.0,True,100,90,4.2664082739683596e-13,1.1172345214740815e-16,5.090778876838332e-13,527813.2662568674,520997.6938115741,0,0,1.573104829579208e-13,10,5.760397714382748e-11,2.5148657976949998e-11,,
outer2_inner_f2_a100,100.0,True,81,71,6.259579337327397e-15,0.0,2.942280306227162e-14,527813.2662568674,522504.04586391966,0,0,2.8542474549484127e-15,10,2.6132290775748857e-11,1.99113052448145e-11,,
outer2_inner_f2_a300,300.0,True,62,52,3.637867849333401e-15,0.0,1.0403436211101035e-14,527813.2662568674,524093.16870272224,0,0,1.5161683105098683e-15,10,6.959922655563888e-11,8.666803994121858e-12,,
outer2_inner_f2_a1000,1000.0,True,47,37,7.413007857617581e-16,0.0,2.933424949249746e-15,527813.2662568674,525622.280621694,0,0,1.7258021465283399e-15,10,3.488617728031329e-11,2.8443580875018528e-11,,
outer2_inner_f2_a3000,3000.0,True,38,28,5.184615016592744e-17,0.0,9.263447208157093e-16,527813.2662568674,526523.1116598606,0,0,2.8285506807205535e-17,10,8.985409638562203e-12,1.1059399105212337e-12,,
outer2_inner_f2_a10000,10000.0,True,32,22,3.6916833278972936e-20,0.0,8.234175296139638e-16,527813.2662568674,527075.4175146886,0,0,1.017672465101995e-20,10,3.261453607183995e-12,1.0528285032696937e-12,,
outer2_inner_f2_a30000,30000.0,True,27,17,5.592234932526634e-23,0.0,4.184935161801439e-16,527813.2662568674,527389.7549616342,0,0,5.212565384632304e-23,10,9.666017986020847e-13,3.935015421726337e-13,,
outer2_refit,300.0,True,69,59,3.2765315665906025e-15,0.0,4.2539665617020846e-14,790030.5290888075,784258.9690982663,0,0,3.530966407827951e-15,10,3.414529770040531e-11,1.785191844003152e-11,,
outer3_inner_f0_a1,1.0,True,172,162,5.5830115335702496e-14,0.0,4.637211789954309e-14,527381.6154642754,518108.3856355634,0,2,2.9026325006406146e-15,10,1.1775158625937365e-10,3.3623958351103805e-12,,
outer3_inner_f0_a3,3.0,True,152,142,1.112701235978056e-12,0.0,1.8158958903775766e-13,527381.6154642754,518370.0084919336,0,0,6.179670109179611e-13,10,1.7423074094580215e-10,2.408419343564593e-11,,
outer3_inner_f0_a10,10.0,True,126,116,1.9317222989697254e-12,0.0,3.6003683070359817e-13,527381.6154642754,518982.2697554762,0,0,9.669156998329057e-13,10,9.725188709897026e-11,1.5438024742070113e-11,,
outer3_inner_f0_a30,30.0,True,99,89,5.98938676311004e-13,0.0,7.650527370727278e-13,527381.6154642754,519962.6357037353,0,0,2.319666313467185e-13,10,7.274611468766068e-11,1.483506402496365e-11,,
outer3_inner_f0_a100,100.0,True,80,70,1.0819571442341333e-14,0.0,1.9495697964912733e-14,527381.6154642754,521542.8012418936,0,0,5.0249046717133704e-15,10,5.7232968364573367e-11,1.0096166033394321e-11,,
outer3_inner_f0_a300,300.0,True,63,53,1.1071492473806185e-15,0.0,7.0204384821927395e-15,527381.6154642754,523258.39994614606,0,0,6.866339171283268e-16,10,1.6288442816758675e-11,5.538807623052758e-12,,
outer3_inner_f0_a1000,1000.0,True,47,37,1.0610620900441118e-16,0.0,1.4997567002331847e-15,527381.6154642754,524911.0447406657,0,0,1.3611965829375797e-16,10,2.7072441510789247e-11,4.774291566448297e-12,,
outer3_inner_f0_a3000,3000.0,True,38,28,5.0209134265195125e-17,0.0,5.71335885803118e-16,527381.6154642754,525883.8502375336,0,0,2.3630818154423334e-17,10,1.5090165228492936e-11,3.272252727310282e-12,,
outer3_inner_f0_a10000,10000.0,True,32,22,3.653756057669924e-20,0.0,5.843546071593088e-16,527381.6154642754,526502.1000160802,0,0,1.4708682003356306e-20,10,1.769959179220848e-12,1.0744231555265724e-12,,
outer3_inner_f0_a30000,30000.0,True,27,17,7.709305438293978e-23,0.0,3.80890590535412e-16,527381.6154642754,526872.1911303905,0,0,2.55945216207723e-23,10,7.528769274678382e-13,3.3358543296869783e-13,,
outer3_inner_f1_a1,1.0,True,173,163,3.387094270108374e-13,0.0,1.1710525312740743e-13,527031.1172136397,518163.954873479,0,2,8.066741135292938e-14,10,5.6772114787051464e-11,1.9888152767686308e-11,,
outer3_inner_f1_a3,3.0,True,154,144,9.399476754529817e-13,0.0,2.7387756823593315e-12,527031.1172136397,518410.97932981676,0,2,1.1088109552534658e-12,10,8.16184203555892e-11,1.1765262867758032e-11,,
outer3_inner_f1_a10,10.0,True,126,116,2.2673658496869403e-12,0.0,1.8836138880533993e-12,527031.1172136397,518985.5807073304,0,0,7.096120517676003e-13,10,1.9964591091437e-10,5.4983573371021674e-11,,
outer3_inner_f1_a30,30.0,True,99,89,4.363499072696517e-13,1.1195904379201557e-16,4.694712838381267e-13,527031.1172136397,519901.3759138458,0,0,8.3935021899714e-14,10,1.0171493508570606e-10,2.6241802043416236e-11,,
outer3_inner_f1_a100,100.0,True,82,72,2.630126312542299e-15,0.0,6.581212361828338e-15,527031.1172136397,521370.375823479,0,0,1.2485336732321926e-15,10,1.744668298719887e-11,4.79071096455388e-12,,
outer3_inner_f1_a300,300.0,True,63,53,1.3584959201978394e-15,0.0,5.435321959523385e-15,527031.1172136397,522975.7838929891,0,0,6.547999561318901e-16,10,2.2125370979786396e-11,1.385049043659397e-11,,
outer3_inner_f1_a1000,1000.0,True,47,37,4.447152338131825e-16,0.0,2.482459503720011e-15,527031.1172136397,524562.1653096469,0,0,1.035170491838211e-15,10,2.0881713025389104e-11,7.909924785431784e-12,,
outer3_inner_f1_a3000,3000.0,True,38,28,4.820138597831294e-17,0.0,8.151164731640751e-16,527031.1172136397,525529.368452473,0,0,8.50094242740521e-17,10,1.5218024757013282e-11,4.789179762760204e-12,,
outer3_inner_f1_a10000,10000.0,True,32,22,3.0823265549319456e-20,0.0,7.638336934523111e-16,527031.1172136397,526165.0261331132,0,0,5.24519522605287e-21,10,2.6634059541175148e-12,2.772188397643039e-12,,
outer3_inner_f1_a30000,30000.0,True,27,17,1.1818787056992581e-22,0.0,5.728752700892333e-16,527031.1172136397,526545.5718043013,0,0,6.696389536357903e-23,10,6.972200594645983e-13,2.8014545604512237e-13,,
outer3_inner_f2_a1,1.0,True,168,158,2.8824578938419843e-12,1.123216320450363e-16,6.092004488861933e-13,526850.1289215419,518223.06935611967,0,3,1.7042296004622262e-13,10,4.455644742051845e-10,5.3864826463339975e-11,,
outer3_inner_f2_a3,3.0,True,152,142,6.088297375885318e-13,0.0,7.244518816061158e-13,526850.1289215419,518472.5720553933,0,0,3.1705118954164657e-13,10,9.74021974187167e-11,1.9871343176451026e-11,,
outer3_inner_f2_a10,10.0,True,127,117,2.809160178024551e-13,0.0,2.5723799362074796e-13,526850.1289215419,519044.7538280237,0,1,7.648696770398263e-14,10,7.852773986627426e-11,1.467820517532776e-11,,
outer3_inner_f2_a30,30.0,True,98,88,6.220292676868164e-13,0.0,4.1013889523961993e-13,526850.1289215419,519949.392162463,0,0,2.4477017387242143e-13,10,1.5536083530776068e-10,3.14001638728244e-11,,
outer3_inner_f2_a100,100.0,True,80,70,1.08973484916449e-14,0.0,1.1994299751476191e-14,526850.1289215419,521401.49165938824,0,0,7.689867445779146e-15,10,6.477351988110058e-11,1.4283809944121089e-11,,
outer3_inner_f2_a300,300.0,True,63,53,2.4126470022894728e-15,0.0,1.3240395045656652e-14,526850.1289215419,522990.73031495826,0,0,1.0038300577522193e-15,10,1.7378536110168596e-11,8.981917016582463e-12,,
outer3_inner_f2_a1000,1000.0,True,47,37,1.471807583628638e-15,0.0,6.608683370560282e-15,526850.1289215419,524542.5050035956,0,0,3.709036846820136e-15,10,4.240183204551329e-11,3.438383055578122e-11,,
outer3_inner_f2_a3000,3000.0,True,38,28,5.772040873245713e-17,0.0,6.545710002741852e-16,526850.1289215419,525463.4647947964,0,0,4.1513810118344864e-17,10,1.1838962102328487e-11,6.732026312527341e-12,,
outer3_inner_f2_a10000,10000.0,True,32,22,1.964396164917537e-20,0.0,8.010525297648827e-16,526850.1289215419,526050.5706076673,0,0,3.249502474117519e-21,10,2.708569479814571e-12,1.2716816468362299e-12,,
outer3_inner_f2_a30000,30000.0,True,27,17,9.171628265963566e-23,0.0,4.0052626488244134e-16,526850.1289215419,526398.791277732,0,0,4.8934180318987324e-23,10,7.883520225515639e-13,2.346538579286736e-13,,
outer3_refit,300.0,True,69,59,5.2978957414193094e-15,0.0,2.5221275462386446e-14,790628.709562034,784769.0105641308,0,0,1.6535747346024513e-15,10,1.6128816164584503e-11,9.722336126940745e-12,,
outer4_inner_f0_a1,1.0,True,171,161,5.199142245222727e-12,0.0,1.2574837312398896e-12,526603.8359460324,517621.7392262712,0,1,2.696155078005082e-13,10,2.3581581132248175e-10,2.1069579733160796e-11,,
outer4_inner_f0_a3,3.0,True,154,144,8.529706399971604e-13,1.1240023468143257e-16,4.170449548218051e-14,526603.8359460324,517860.6706510973,0,2,1.507954224661165e-13,10,7.563494275331095e-11,2.4200539635151686e-11,,
outer4_inner_f0_a10,10.0,True,126,116,3.337976573705468e-12,1.1227852538993002e-16,3.052227371182341e-13,526603.8359460324,518422.0287122502,0,0,1.6338415040938373e-12,10,1.5698437688671518e-10,3.4525661868756874e-11,,
outer4_inner_f0_a30,30.0,True,99,89,6.344191025874014e-13,0.0,4.4333089933999323e-13,526603.8359460324,519332.3086162836,0,0,1.28824498907758e-13,10,1.3273304330652103e-10,3.562745775082994e-11,,
outer4_inner_f0_a100,100.0,True,81,71,1.0899658185540954e-14,0.0,8.760890237944603e-15,526603.8359460324,520828.02128023136,0,0,1.643594345888425e-15,10,3.64363816895974e-11,2.601089084732478e-11,,
outer4_inner_f0_a300,300.0,True,63,53,1.2294794578637466e-15,0.0,9.446775973396529e-15,526603.8359460324,522485.2423813806,0,0,1.6679049146550702e-16,10,1.766560162042019e-11,1.6658845296855162e-11,,
outer4_inner_f0_a1000,1000.0,True,48,38,1.0852705843922035e-15,0.0,2.4685644633506808e-15,526603.8359460324,524117.7596035367,0,0,2.292366704373085e-15,10,1.0988756887937712e-11,3.5455024372625995e-12,,
outer4_inner_f0_a3000,3000.0,True,38,28,5.698564499360039e-17,0.0,1.2092305113987342e-15,526603.8359460324,525094.1731497456,0,0,8.294941175037635e-18,10,9.708872594771378e-12,3.570191671211731e-12,,
outer4_inner_f0_a10000,10000.0,True,32,22,1.9464554171230426e-20,0.0,6.046152556993671e-16,526603.8359460324,525714.3814068778,0,0,9.6108800286596e-21,10,3.1953814594309904e-12,2.352916348389752e-12,,
outer4_inner_f0_a30000,30000.0,True,26,16,1.6883920322910621e-21,0.0,7.77362471613472e-16,526603.8359460324,526084.7255688827,0,0,1.1811641641663092e-21,10,8.481819413486136e-12,4.770151782504852e-12,,
outer4_inner_f1_a1,1.0,True,171,161,3.731540997725119e-13,0.0,2.6057868930639296e-13,524697.337118247,515858.6140830288,0,5,3.0564725584785706e-14,10,5.250563872571945e-11,1.4627877408337662e-11,,
outer4_inner_f1_a3,3.0,True,152,142,2.135953455833984e-12,0.0,9.849032061995571e-13,524697.337118247,516090.95545168285,0,1,4.572136568481945e-13,10,8.624800873491267e-11,4.454270888774411e-12,,
outer4_inner_f1_a10,10.0,True,127,117,4.69267321374924e-13,0.0,1.4994072835719449e-13,524697.337118247,516634.76355293865,0,0,5.079151077648619e-14,10,1.4937914794010965e-10,2.508387927945941e-11,,
outer4_inner_f1_a30,30.0,True,99,89,1.3000900155589434e-12,0.0,1.395476279518309e-12,524697.337118247,517525.3588342348,0,0,7.701142426436803e-13,10,9.910064435736388e-11,1.8844270682535622e-11,,
outer4_inner_f1_a100,100.0,True,81,71,8.422177346388107e-15,0.0,2.0841344571952896e-14,524697.337118247,518995.61538485915,0,0,8.338882246175366e-15,10,3.148716704037824e-11,1.07920585065804e-11,,
outer4_inner_f1_a300,300.0,True,63,53,1.868454899725722e-15,0.0,7.295701955551058e-15,524697.337118247,520625.61522890633,0,0,1.6682565911326518e-15,10,2.0014892521125205e-11,7.680598200487368e-12,,
outer4_inner_f1_a1000,1000.0,True,47,37,2.0341519131320254e-16,0.0,1.5335876126509552e-15,524697.337118247,522246.59252941504,0,0,6.348186226890456e-16,10,4.78128786562948e-11,3.861143179784078e-11,,
outer4_inner_f1_a3000,3000.0,True,38,28,4.618583929807e-17,0.0,8.584904826319956e-16,524697.337118247,523225.7035936369,0,0,2.0170145027192037e-17,10,1.4696480143960855e-11,4.9807624353174125e-12,,
outer4_inner_f1_a10000,10000.0,True,32,22,2.2868521984442242e-20,0.0,6.438678619739968e-16,524697.337118247,523847.74153788324,0,0,4.349209476613329e-21,10,2.543127167187187e-12,1.1805817609335605e-12,,
outer4_inner_f1_a30000,30000.0,True,27,17,8.767156410134752e-23,0.0,6.438678619739968e-16,524697.337118247,524213.23989564134,0,0,3.854924050500761e-23,10,7.518881350865314e-13,5.127306426879408e-13,,
outer4_inner_f2_a1,1.0,True,170,160,1.2734832734704022e-13,1.1203898838789534e-16,9.115949991734418e-14,528513.8223588199,519530.4041120398,0,3,3.98002105232605e-14,10,4.691744770468631e-10,5.069767610704859e-11,,
outer4_inner_f2_a3,3.0,True,152,142,4.3503312896046696e-13,0.0,9.152597026877069e-14,528513.8223588199,519794.89607618377,0,1,1.0218312464836832e-13,10,2.133131171699887e-11,5.113355591921936e-12,,
outer4_inner_f2_a10,10.0,True,127,117,6.715995493424043e-13,1.1185035996129838e-16,3.8021298960500337e-13,528513.8223588199,520406.55867006583,0,0,2.2977240923884944e-13,10,2.5790314328588693e-11,5.0404098911699005e-12,,
outer4_inner_f2_a30,30.0,True,99,89,4.740304762792948e-13,1.1164239316698585e-16,5.019629305212312e-13,528513.8223588199,521375.968951194,0,0,1.438163224308507e-13,10,1.4073081588961145e-10,3.0612112811784916e-11,,
outer4_inner_f2_a100,100.0,True,80,70,1.5857693591496954e-14,0.0,1.434419174485546e-14,528513.8223588199,522915.4387806263,0,0,2.6841618209318793e-15,10,9.281261870164315e-11,4.9434100517900624e-11,,
outer4_inner_f2_a300,300.0,True,62,52,3.3105945220976675e-15,0.0,9.358794755249896e-15,528513.8223588199,524557.8043752158,0,0,1.588759383505505e-15,10,7.281096212063964e-11,3.0222660470880045e-11,,
outer4_inner_f2_a1000,1000.0,True,47,37,1.052215655609219e-15,0.0,4.031173865691602e-15,528513.8223588199,526129.4328055993,0,0,2.2695758971839248e-15,10,3.2565727892119867e-11,2.8285927910112953e-11,,
outer4_inner_f2_a3000,3000.0,True,38,28,5.2473710960343054e-17,0.0,1.191028642136155e-15,528513.8223588199,527058.0342438327,0,0,1.073507332788908e-17,10,1.6296269889082282e-11,4.643284983108587e-12,,
outer4_inner_f2_a10000,10000.0,True,31,21,2.177513900351404e-19,0.0,3.6647035142650926e-16,528513.8223588199,527655.1370849228,0,0,6.96649030701091e-20,10,1.398564597465679e-11,5.304279326932427e-12,,
outer4_inner_f2_a30000,30000.0,True,27,17,1.0617347901355215e-22,0.0,6.413231149963912e-16,528513.8223588199,528019.1715475209,0,0,3.8657049191989457e-23,10,7.155300657535335e-13,5.487976534420748e-13,,
outer4_refit,300.0,True,68,58,8.115570924431461e-15,0.0,3.8659911664034465e-14,789901.8983640366,783949.4984853528,0,0,2.921852201451537e-15,10,2.8467119286834652e-11,2.8910846445650506e-11,,
final_cv_f0_a1,1.0,True,170,160,7.222421811482575e-13,1.4963127738212495e-16,1.0950135727840866e-13,788923.1758859592,778014.622769249,0,7,1.0208460736638157e-13,10,1.6480494746673457e-10,1.3933709110719695e-11,,
final_cv_f0_a3,3.0,True,154,144,1.7228971593896924e-13,1.4958583877535142e-16,1.0274326979631864e-13,788923.1758859592,778250.9546359385,0,0,4.484482784134002e-14,10,5.19679854704691e-11,1.1655793507492376e-11,,
final_cv_f0_a10,10.0,True,134,124,6.173344179054827e-14,1.4948055868465743e-16,1.6238521419059045e-13,788923.1758859592,778799.0816419367,0,0,1.9238999240457844e-14,10,8.431544351594766e-11,2.0566992775871338e-11,,
final_cv_f0_a30,30.0,True,105,95,1.3227918419826084e-12,1.4930870836832717e-16,7.266908255748937e-13,788923.1758859592,779695.4584842554,0,0,1.9579094423560794e-13,10,1.1878459327263613e-10,2.6783650089085236e-11,,
final_cv_f0_a100,100.0,True,87,77,6.385878528760071e-15,0.0,2.284468875621812e-14,788923.1758859592,781234.3371410723,0,0,3.1742664505157766e-15,10,3.5597899628037055e-11,2.326995568775801e-11,,
final_cv_f0_a300,300.0,True,68,58,2.7805701240784366e-15,0.0,1.5944519912930433e-14,788923.1758859592,783089.5163883534,0,0,2.1913340749029028e-15,10,3.448863417077064e-11,1.1414988235432291e-11,,
final_cv_f0_a1000,1000.0,True,51,41,1.4382861886607128e-15,0.0,6.299189611976128e-15,788923.1758859592,785174.087336428,0,0,3.8649683792216473e-16,10,4.079019066960399e-11,2.4949243797015256e-11,,
final_cv_f0_a3000,3000.0,True,41,31,1.828448628376121e-16,0.0,1.6591114739152825e-15,788923.1758859592,786595.4872042704,0,0,3.3964678197035578e-16,10,8.87062645560377e-12,1.3435300543267032e-12,,
final_cv_f0_a10000,10000.0,True,34,24,1.9007214602342403e-19,0.0,8.933677167236137e-16,788923.1758859592,787538.7256677947,0,0,7.055653255635049e-20,10,2.6008882547667866e-12,4.499556425471426e-13,,
final_cv_f0_a30000,30000.0,True,29,19,2.157551878229558e-22,0.0,2.552479190638896e-16,788923.1758859592,788091.5583207363,0,0,1.624709410097e-22,10,1.8875040419530364e-12,1.074149387783938e-12,,
final_cv_f1_a1,1.0,True,170,160,3.5825472840012477e-12,0.0,3.7861862306794426e-12,788942.8935062293,777920.4873228498,0,8,2.4795944299818023e-13,10,2.6847912781846617e-10,1.239675020584059e-11,,
final_cv_f1_a3,3.0,True,153,143,2.6475701017316948e-12,0.0,1.5636599323534788e-13,788942.8935062293,778166.9073467026,0,1,1.1138047262868725e-13,10,3.7755291948382563e-11,9.476375208996876e-12,,
final_cv_f1_a10,10.0,True,132,122,9.656920037906283e-14,1.494915219501238e-16,6.549484418150982e-14,788942.8935062293,778741.966823881,0,0,2.898891895881324e-14,10,9.745772244773576e-11,3.211974381704296e-11,,
final_cv_f1_a30,30.0,True,103,93,1.9893221633242535e-12,0.0,1.0761791176218115e-12,788942.8935062293,779675.7045011505,0,0,1.2129797314380768e-12,10,1.4383311208732152e-10,7.055927953713772e-11,,
final_cv_f1_a100,100.0,True,87,77,1.2906437811165822e-14,0.0,2.3742002777102676e-14,788942.8935062293,781259.5448203924,0,0,2.2068390723350164e-15,10,1.7062476431739526e-11,1.9665359595755964e-11,,
final_cv_f1_a300,300.0,True,68,58,3.0314861185356077e-15,0.0,2.5064720813979516e-14,788942.8935062293,783152.6963373997,0,0,9.375910207547424e-16,10,5.218316750932317e-11,3.893234965066903e-11,,
final_cv_f1_a1000,1000.0,True,52,42,1.6720988908101303e-15,0.0,7.992536967662435e-15,788942.8935062293,785251.0694635805,0,0,4.166382446361487e-15,10,2.0239553956413747e-11,2.1258631711890584e-11,,
final_cv_f1_a3000,3000.0,True,41,31,1.0235919497678032e-16,0.0,1.0230447318607916e-15,788942.8935062293,786658.7716840046,0,0,7.528583953875807e-17,10,9.362614850072504e-12,1.1123481573835603e-12,,
final_cv_f1_a10000,10000.0,True,34,24,1.2445739308502423e-19,0.0,3.916343114154593e-16,788942.8935062293,787581.1482268323,0,0,4.855092438500835e-20,10,2.5104848755397313e-12,4.97679955113125e-13,,
final_cv_f1_a30000,30000.0,True,28,18,3.0561938133258377e-21,0.0,8.951641403781927e-16,788942.8935062293,788120.982810128,0,0,1.5227138465282984e-21,10,1.0861932880912306e-11,8.503073276321377e-12,,
final_cv_f2_a1,1.0,True,172,162,1.02812569655322e-13,0.0,2.8392777334081014e-14,792183.8049683314,781061.2806264613,0,8,4.336041826531447e-14,10,7.755329711756076e-11,2.6158491234316048e-11,,
final_cv_f2_a3,3.0,True,152,142,8.273724765388391e-13,0.0,2.0367442698068987e-13,792183.8049683314,781284.236739026,0,2,3.377406890943059e-13,10,2.0530427358167458e-10,3.4974345073769793e-11,,
final_cv_f2_a10,10.0,True,129,119,6.021697047758402e-12,1.4890252349370186e-16,3.1598413484703063e-13,792183.8049683314,781822.3566362784,0,0,3.8996408370064663e-13,10,3.0069702283697097e-10,6.495067041414446e-11,,
final_cv_f2_a30,30.0,True,102,92,6.587453181436863e-12,0.0,1.6126312472006844e-12,792183.8049683314,782727.2491290648,0,0,6.847751639618435e-13,10,8.937003914688546e-11,2.8752023864935203e-11,,
final_cv_f2_a100,100.0,True,87,77,3.123762576958079e-15,0.0,8.560443193660555e-15,792183.8049683314,784300.8637462873,0,0,1.7008835570760124e-15,10,1.4423962024778803e-11,6.992099885353181e-12,,
final_cv_f2_a300,300.0,True,69,59,1.0608482690834688e-15,0.0,7.709824548921644e-15,792183.8049683314,786211.7541425856,0,0,1.2439489520623806e-15,10,1.629862911300961e-11,9.811925397339418e-12,,
final_cv_f2_a1000,1000.0,True,51,41,6.183968621128076e-16,0.0,2.281818015697089e-15,792183.8049683314,788353.1723324092,0,0,9.938498980914364e-16,10,4.327810332327431e-11,1.245330501849717e-11,,
final_cv_f2_a3000,3000.0,True,40,30,2.669532482505152e-17,0.0,6.542114593106224e-16,792183.8049683314,789796.0360743984,0,0,2.0599517097117087e-17,10,4.25746451981901e-11,1.3068973211618353e-11,,
final_cv_f2_a10000,10000.0,True,34,24,2.008328513836542e-19,0.0,4.786476809721859e-16,792183.8049683314,790746.168996992,0,0,6.355654060891778e-20,10,3.034066053952955e-12,4.093124296176371e-13,,
final_cv_f2_a30000,30000.0,True,28,18,2.9937575861806545e-21,0.0,5.233691674484979e-16,792183.8049683314,791312.2202603801,0,0,6.774599779528207e-22,10,9.907331899317029e-12,6.867087261313557e-12,,
final_cv_f3_a1,1.0,True,170,160,2.741028507026203e-13,0.0,2.2891069389880913e-13,789524.1241609317,778601.4415949596,0,4,1.7271144597035256e-14,10,2.1939378785917896e-10,5.14911760528629e-12,,
final_cv_f3_a3,3.0,True,152,142,1.0919537425673587e-12,0.0,3.089319387765793e-13,789524.1241609317,778844.3940743528,0,2,1.9887314941429091e-13,10,1.3328010917135202e-10,6.217378545025049e-12,,
final_cv_f3_a10,10.0,True,132,122,1.8489872019144264e-13,1.493621265546999e-16,2.0518974684188444e-13,789524.1241609317,779416.6065538764,0,0,1.453545204810205e-14,10,1.1811032013531175e-10,4.9672504051289534e-11,,
final_cv_f3_a30,30.0,True,103,93,2.3604085916908306e-12,0.0,1.2753921230125953e-12,789524.1241609317,780349.735337315,0,0,5.128025265120017e-13,10,1.4059120534426484e-10,4.871268826597908e-11,,
final_cv_f3_a100,100.0,True,87,77,1.118846111092673e-14,0.0,2.4362733018739012e-14,789524.1241609317,781919.0195391988,0,0,5.014068566643257e-15,10,2.152064637606088e-11,1.4635321070844398e-11,,
final_cv_f3_a300,300.0,True,68,58,1.7913570548367386e-15,0.0,1.5788395152821476e-14,789524.1241609317,783777.255064713,0,0,1.8077180339643736e-15,10,2.915986896390166e-11,2.34388735510213e-11,,
final_cv_f3_a1000,1000.0,True,52,42,2.8942743880758657e-16,0.0,1.901552441406247e-15,789524.1241609317,785836.6598720121,0,0,3.140543521366977e-16,10,1.456487708217935e-11,1.820139079401153e-11,,
final_cv_f3_a3000,3000.0,True,40,30,4.49434150155045e-16,0.0,1.6037052036537858e-15,789524.1241609317,787226.09974552,0,0,3.272526233374239e-16,10,4.005130949114033e-11,8.260230807581963e-12,,
final_cv_f3_a10000,10000.0,True,34,24,1.7681480161165728e-19,0.0,7.289569107517208e-16,789524.1241609317,788144.7676919963,0,0,1.0937200257273148e-19,10,3.054050068396208e-12,1.0105201248382093e-12,,
final_cv_f3_a30000,30000.0,True,28,18,2.6768711568218015e-21,0.0,5.831655286013767e-16,789524.1241609317,788688.0959426407,0,0,1.5707756430083635e-21,10,1.3150605604472787e-11,1.0442028937795281e-11,,
final_cv_f4_a1,1.0,True,170,160,1.128737629999679e-11,0.0,2.8187810589628048e-11,791185.7418050542,780249.0200864727,0,8,9.78071317252527e-12,10,8.25784995939216e-11,8.73448131723518e-12,,
final_cv_f4_a3,3.0,True,152,142,6.964492510897811e-13,0.0,1.501077351187101e-13,791185.7418050542,780484.5559226517,0,2,1.0118373284823632e-13,10,1.376576908018734e-10,8.306951534372078e-12,,
final_cv_f4_a10,10.0,True,133,123,6.501177791718076e-14,0.0,3.4329572086226636e-14,791185.7418050542,781040.786370911,0,1,1.187097264495713e-14,10,7.161210340000945e-11,1.1967807655255306e-11,,
final_cv_f4_a30,30.0,True,102,92,4.2711195891170806e-12,0.0,1.4906564352090064e-12,791185.7418050542,781955.7997135479,0,0,1.3583944488752644e-12,10,1.4015033578118619e-10,2.716120185008656e-11,,
final_cv_f4_a100,100.0,True,87,77,1.0262303129835558e-14,0.0,1.6930082775774916e-14,791185.7418050542,783522.1717941664,0,0,2.9342541493739603e-15,10,1.459405513104528e-11,5.20047845519369e-12,,
final_cv_f4_a300,300.0,True,69,59,1.9796036110284784e-15,0.0,1.3911658860076766e-14,791185.7418050542,785402.9789034461,0,0,1.6920727810559327e-15,10,1.5215301241156e-11,6.500033218841132e-12,,
final_cv_f4_a1000,1000.0,True,52,42,2.868447254679233e-16,0.0,1.2821433016886666e-15,791185.7418050542,787496.3286186851,0,0,6.518262645667817e-17,10,1.6479456688145433e-11,1.8830868876105003e-11,,
final_cv_f4_a3000,3000.0,True,40,30,2.2365319834217505e-16,0.0,1.6549345473897411e-15,791185.7418050542,788905.8350714514,0,0,2.1597228003415708e-16,10,3.513862985304872e-11,9.369738325646282e-12,,
final_cv_f4_a10000,10000.0,True,34,24,1.9881067817320306e-19,0.0,5.516448491299137e-16,791185.7418050542,789831.3311168911,0,0,7.110577022010052e-20,10,2.9073167484572338e-12,5.953068865430894e-13,,
final_cv_f4_a30000,30000.0,True,29,19,5.240406501633951e-22,0.0,9.65378485977349e-16,791185.7418050542,790371.2997096094,0,0,8.812241705997987e-22,10,2.4622109906502487e-12,1.3041811184211687e-12,,
final_fit,300.0,True,71,61,6.7961236997782266e-15,0.0,2.6855068981674704e-14,987684.966912178,980489.5668062223,0,0,3.797489807388546e-15,10,7.137547497482188e-11,1.4918550528237922e-11,2.8565518006562485e-13,3.374639118742089e-15
final_alternate_initialization,300.0,True,77,67,4.746405237532082e-15,0.0,3.955960286535115e-15,988419.8592675397,980489.5668062223,0,0,8.03991723155131e-15,10,6.226369420048172e-11,2.8975435035266116e-11,,
