period,count,N,I,J,shift,direction_I,direction_J
combined,0-0,364124,99.99999999995723,100.0,4.277467269275803e-11,0,0
combined,0-1,184704,85.06459147557814,85.5411055938945,0.47651411831635926,-1,-1
combined,0-2,78453,63.98808314897086,65.11189956667516,1.1238164177043046,-1,-1
combined,1-0,136551,112.95586219339376,112.42051108677046,-0.5353511066232954,1,1
combined,1-1,142616,94.15998660206277,94.11080400814092,-0.049182593921855755,-1,-1
combined,1-2,109346,71.03088208871449,71.69733641938502,0.6664543306705326,-1,-1
combined,2-0,45648,135.85787274666782,134.59955239906577,-1.2583203476020515,1,1
combined,2-1,72967,112.7971997246894,112.00341135639809,-0.7937883682913167,1,1
combined,2-2,89054,85.10460884473261,85.18754624415774,0.08293739942513412,-1,-1
combined,3-0,13982,175.40324136489136,173.4941391571029,-1.9091022077884645,1,1
combined,3-1,29886,151.30798422020843,149.72388437655812,-1.584099843650307,1,1
combined,3-2,51406,119.72853761258216,119.05351890689269,-0.6750187056894674,1,1
2024,0-0,181840,99.99999999996427,100.0,3.572608875401784e-11,0,0
2024,0-1,92663,85.10931530589971,85.58247034470367,0.47315503880395227,-1,-1
2024,0-2,39534,63.96831306342557,65.0163268703912,1.0480138069656277,-1,-1
2024,1-0,67814,113.19457632511194,112.66916896216885,-0.5254073629430849,1,1
2024,1-1,71330,94.18758577862222,94.19586807813673,0.008282299514505098,-1,-1
2024,1-2,54844,71.65924667397492,72.34519018610239,0.6859435121274657,-1,-1
2024,2-0,22496,135.9525882544575,134.68283337303455,-1.269754881422955,1,1
2024,2-1,36360,112.80261335360778,112.04006266815782,-0.7625506854499662,1,1
2024,2-2,44425,85.63579590893525,85.77416063203249,0.13836472309724002,-1,-1
2024,3-0,6842,175.34091850157765,173.40001778357356,-1.9409007180040874,1,1
2024,3-1,14958,150.27169257693808,148.81716429801546,-1.4545282789226235,1,1
2024,3-2,25658,120.17652627387315,119.65032781540108,-0.5261984584720665,1,1
2025,0-0,182284,99.99999999995022,100.0,4.978062406735262e-11,0,0
2025,0-1,92041,85.01997658175492,85.49984159767357,0.47986501591864794,-1,-1
2025,0-2,38919,64.00780507934081,65.20723947084821,1.1994343915073955,-1,-1
2025,1-0,68737,112.7177295119097,112.17245888217519,-0.5452706297345031,1,1
2025,1-1,71286,94.13245465046215,94.02594713376885,-0.1065075166932985,-1,-1
2025,1-2,54502,70.40404804851482,71.05106066868895,0.6470126201741238,-1,-1
2025,2-0,23152,135.76338794308398,134.5164742775275,-1.246913665556491,1,1
2025,2-1,36607,112.79179928206958,111.96684931842223,-0.8249499636473416,1,1
2025,2-2,44629,84.57471562451246,84.60236070790032,0.027645083387852765,-1,-1
2025,3-0,7140,175.46541242469345,173.5880312735946,-1.8773811510988594,1,1
2025,3-1,14928,152.3417517061769,150.62839590297952,-1.7133558031973735,1,1
2025,3-2,25748,119.2816401439664,118.45816368140298,-0.8234764625634199,1,1
