alpha,mean_MSE,sd_MSE,constant_MSE,SE
1.0,2.727284871096027,0.03222006362130125,2.719649485358397,0.018602262405065143
3.0,2.7250991178000423,0.03203490375576033,2.719649485358397,0.018495360306851984
10.0,2.7213147952958696,0.03216153812472207,2.719649485358397,0.0185684726938607
30.0,2.7168187481426855,0.032420810277146835,2.719649485358397,0.018718163540856512
100.0,2.7119563610343884,0.032573664808540174,2.719649485358397,0.01880641414570331
300.0,2.709633602614271,0.03270368412187374,2.719649485358397,0.018881480831256292
1000.0,2.7107583415438015,0.03286805052886232,2.719649485358397,0.018976377820576883
3000.0,2.713219643003866,0.03297704196711318,2.719649485358397,0.01903930405679038
10000.0,2.715315739297928,0.033097190424253596,2.719649485358397,0.01910867180086312
30000.0,2.716768321612795,0.03325008780504076,2.719649485358397,0.01919694714481898
