game_pk,fold
530632,0
530901,1
529704,2
531112,0
530417,1
530638,2
530552,0
530608,1
530595,2
530002,0
531261,1
531121,2
531597,0
529942,1
529435,2
530283,0
529774,1
530004,2
530513,0
530723,1
530957,2
531140,0
530902,1
530758,2
531558,0
530325,1
529813,2
530842,0
530007,1
530986,2
529957,0
531456,1
529995,2
529676,0
530255,1
529910,2
531678,0
529772,1
530715,2
529759,0
530342,1
530555,2
529776,0
531311,1
530241,2
530691,0
530563,1
531588,2
529761,0
531458,1
530868,2
530728,0
531579,1
531246,2
529987,0
531677,1
531666,2
530113,0
529468,1
531265,2
530655,0
531181,1
531260,2
530180,0
531167,1
530725,2
530881,0
530596,1
531837,2
531726,0
529407,1
530107,2
531345,0
531811,1
529914,2
531411,0
530244,1
531133,2
530809,0
530436,1
529745,2
529505,0
531752,1
530514,2
531093,0
530152,1
531440,2
530409,0
529431,1
531389,2
530732,0
531390,1
530128,2
530875,0
529447,1
530040,2
529569,0
530586,1
530344,2
531343,0
530265,1
530521,2
531014,0
530280,1
531177,2
531713,0
531744,1
530151,2
530903,0
529604,1
529970,2
530249,0
529685,1
530356,2
529837,0
530530,1
531210,2
531074,0
530740,1
531256,2
529733,0
531561,1
530602,2
529585,0
531288,1
529819,2
530682,0
530958,1
531808,2
530687,0
531110,1
530462,2
531792,0
530673,1
531299,2
531535,0
529854,1
530320,2
531095,0
531720,1
531350,2
531509,0
529679,1
529747,2
530702,0
529476,1
530049,2
531453,0
530742,1
530752,2
530476,0
531562,1
531546,2
531583,0
530678,1
530252,2
530322,0
529845,1
529687,2
530588,0
529538,1
530935,2
530707,0
530994,1
529883,2
531179,0
530949,1
530389,2
530205,0
531213,1
530636,2
530353,0
529536,1
530672,2
529483,0
529639,1
531323,2
529530,0
530918,1
531216,2
531489,0
530683,1
529901,2
530373,0
529630,1
530046,2
531066,0
530262,1
531566,2
531836,0
531444,1
531164,2
529591,0
531817,1
529777,2
531007,0
529478,1
531154,2
529933,0
531128,1
531477,2
529522,0
531552,1
531654,2
530498,0
529632,1
530867,2
531772,0
531392,1
530314,2
529701,0
531119,1
531300,2
531735,0
529451,1
529423,2
531277,0
529735,1
529598,2
531057,0
531301,1
530973,2
529523,0
529887,1
530929,2
529789,0
529462,1
529610,2
530722,0
531490,1
530382,2
531780,0
529911,1
529721,2
529621,0
530251,1
531591,2
529681,0
530576,1
530402,2
530759,0
531698,1
530485,2
529474,0
531532,1
530938,2
530416,0
529494,1
531263,2
530182,0
530367,1
529742,2
531108,0
531815,1
529449,2
530502,0
529637,1
529878,2
531825,0
531129,1
530989,2
531144,0
530059,1
531722,2
530604,0
531601,1
529764,2
530390,0
530795,1
529507,2
530507,0
531469,1
531402,2
529731,0
531822,1
529464,2
529458,0
530463,1
530585,2
529546,0
530209,1
531186,2
530730,0
529931,1
531569,2
530147,0
531491,1
530622,2
531083,0
530150,1
529634,2
529520,0
529818,1
530239,2
531753,0
531729,1
531709,2
530951,0
530368,1
529852,2
530960,0
531719,1
529547,2
529446,0
530423,1
530388,2
531251,0
531068,1
530963,2
530566,0
530919,1
529902,2
530134,0
531379,1
529785,2
531485,0
530221,1
530197,2
531627,0
531001,1
531487,2
530206,0
530617,1
530042,2
529943,0
530444,1
531032,2
530313,0
530976,1
531218,2
530647,0
530005,1
530355,2
530069,0
530290,1
530670,2
530544,0
531275,1
529844,2
530057,0
530869,1
530016,2
529618,0
531681,1
530765,2
530592,0
530912,1
530422,2
531439,0
531175,1
531222,2
530703,0
531371,1
531044,2
529659,0
530170,1
530379,2
529839,0
530130,1
531451,2
530633,0
530179,1
531467,2
531381,0
530668,1
530493,2
529500,0
530001,1
529535,2
529477,0
529588,1
529420,2
530920,0
531670,1
530238,2
529767,0
531408,1
530525,2
531227,0
529671,1
529469,2
530218,0
531271,1
531045,2
530217,0
530235,1
531313,2
530222,0
530421,1
530749,2
529804,0
531024,1
529425,2
530397,0
529595,1
530149,2
531143,0
530466,1
531473,2
530669,0
531646,1
530330,2
529695,0
529518,1
531033,2
529801,0
530959,1
531185,2
529824,0
530504,1
530754,2
529664,0
531693,1
531142,2
530819,0
530174,1
529897,2
531096,0
529866,1
529846,2
530847,0
530063,1
529693,2
530792,0
530720,1
529638,2
529806,0
530358,1
529411,2
529820,0
530551,1
531105,2
529744,0
530661,1
530080,2
529600,0
531673,1
531634,2
530660,0
530469,1
531685,2
531527,0
530284,1
530594,2
530689,0
531517,1
531012,2
531228,0
531376,1
530598,2
529982,0
530062,1
530061,2
531067,0
530801,1
530768,2
529627,0
531292,1
530511,2
530019,0
530648,1
529986,2
531769,0
531771,1
529909,2
531592,0
530850,1
529699,2
530293,0
530630,1
530093,2
530143,0
531766,1
530297,2
531746,0
531471,1
529674,2
529678,0
531810,1
530876,2
531107,0
530354,1
530459,2
530331,0
531131,1
531675,2
529795,0
531157,1
531153,2
530242,0
530383,1
530997,2
530851,0
529577,1
529725,2
530348,0
531051,1
530824,2
530982,0
531340,1
530826,2
529999,0
529959,1
531161,2
530337,0
530519,1
530100,2
529710,0
529508,1
530114,2
531734,0
531424,1
531520,2
529870,0
530346,1
530774,2
531412,0
530565,1
530017,2
531306,0
529442,1
531008,2
531818,0
530044,1
530735,2
530696,0
529938,1
529440,2
531476,0
530443,1
529581,2
531357,0
531587,1
531551,2
530370,0
530076,1
530480,2
529760,0
529932,1
530259,2
530663,0
531058,1
530829,2
529649,0
529739,1
531775,2
530399,0
529853,1
529418,2
529673,0
530570,1
530431,2
531799,0
530839,1
530333,2
529935,0
530624,1
530175,2
530621,0
531041,1
531743,2
531680,0
531553,1
530395,2
530282,0
531070,1
530140,2
530022,0
529926,1
529472,2
530327,0
530813,1
530927,2
531136,0
530404,1
530936,2
529645,0
529452,1
530843,2
531466,0
529489,1
529815,2
529919,0
530084,1
530034,2
530292,0
530665,1
529915,2
531029,0
530947,1
529514,2
530814,0
531687,1
529905,2
530124,0
531223,1
530131,2
530308,0
531525,1
531000,2
529876,0
530894,1
529746,2
531595,0
529714,1
531276,2
529559,0
531457,1
531126,2
529787,0
531364,1
530811,2
530176,0
531478,1
530991,2
530882,0
531788,1
529719,2
530572,0
531437,1
530360,2
530257,0
529492,1
531543,2
531328,0
530261,1
530834,2
529698,0
531447,1
530345,2
531427,0
530033,1
530456,2
529528,0
531605,1
531618,2
531060,0
530906,1
531541,2
530763,0
530892,1
530369,2
531702,0
530492,1
531225,2
531049,0
531690,1
529920,2
530156,0
531147,1
529576,2
531733,0
531596,1
530799,2
530928,0
530060,1
529763,2
531224,0
531694,1
531574,2
529934,0
530710,1
531563,2
530895,0
531054,1
529612,2
530861,0
530433,1
530939,2
530692,0
531237,1
529858,2
531828,0
530674,1
530117,2
531386,0
531714,1
529922,2
531055,0
529908,1
529851,2
529892,0
530307,1
531779,2
529869,0
530526,1
530587,2
531833,0
529504,1
530571,2
530232,0
530387,1
530243,2
529997,0
529406,1
530505,2
531235,0
529428,1
529542,2
531641,0
530579,1
529565,2
531018,0
530471,1
531530,2
531502,0
530398,1
531291,2
529972,0
531606,1
529867,2
530657,0
529836,1
529665,2
531331,0
530583,1
529945,2
530453,0
529823,1
530045,2
530141,0
530474,1
530934,2
529607,0
530400,1
530316,2
531648,0
530983,1
530900,2
531526,0
529834,1
529652,2
529812,0
530874,1
531578,2
531234,0
529566,1
529871,2
531176,0
531643,1
529847,2
530467,0
530028,1
530810,2
529497,0
531482,1
530921,2
529928,0
530558,1
531405,2
531130,0
531649,1
529751,2
530415,0
529662,1
529466,2
530447,0
531351,1
530341,2
530651,0
531613,1
529613,2
531191,0
531239,1
530609,2
530223,0
530642,1
530908,2
530817,0
530495,1
529571,2
530439,0
531100,1
529471,2
531540,0
531668,1
530181,2
529856,0
531631,1
530635,2
531027,0
529726,1
530822,2
530003,0
529544,1
529602,2
530193,0
530247,1
531284,2
531375,0
530776,1
530159,2
530610,0
531758,1
529628,2
530999,0
529509,1
530645,2
531484,0
529667,1
530741,2
529432,0
529606,1
530784,2
531101,0
531298,1
530955,2
530186,0
531448,1
531305,2
530461,0
531737,1
531748,2
530615,0
529718,1
531560,2
530162,0
530490,1
530359,2
529568,0
529510,1
529589,2
531266,0
531113,1
530200,2
530440,0
530188,1
530649,2
531576,0
531459,1
531212,2
529620,0
530916,1
530203,2
531830,0
529661,1
530020,2
530977,0
530582,1
531332,2
530671,0
530321,1
531312,2
531193,0
530713,1
529684,2
530276,0
531555,1
530289,2
529663,0
530309,1
530791,2
531267,0
530512,1
530628,2
531324,0
530911,1
531314,2
529599,0
531767,1
530816,2
531747,0
530797,1
531127,2
530075,0
529946,1
531807,2
530708,0
530426,1
530714,2
529653,0
529971,1
530970,2
529692,0
531200,1
529456,2
530886,0
530871,1
529880,2
530277,0
530215,1
530724,2
531171,0
530470,1
530339,2
531801,0
530110,1
530473,2
529512,0
530890,1
531727,2
529792,0
530329,1
531094,2
529658,0
531158,1
531294,2
529445,0
530705,1
531248,2
531446,0
529558,1
531333,2
529650,0
530437,1
529855,2
529636,0
530137,1
529482,2
530138,0
531303,1
530786,2
530924,0
530081,1
531231,2
531365,0
531009,1
531097,2
530445,0
530089,1
531344,2
530165,0
531429,1
529470,2
530376,0
530528,1
530158,2
530625,0
531699,1
529805,2
531245,0
531510,1
529788,2
529921,0
531188,1
530524,2
531612,0
530481,1
531754,2
529828,0
530270,1
530094,2
530600,0
530719,1
531146,2
531550,0
530995,1
530745,2
530506,0
529534,1
531742,2
531824,0
531423,1
531498,2
529913,0
530681,1
530761,2
530877,0
531669,1
530676,2
531679,0
530326,1
531480,2
529409,0
531710,1
529702,2
531075,0
531741,1
531274,2
530245,0
531304,1
530950,2
530914,0
531674,1
531425,2
570334,0
530757,1
530464,2
530611,0
529485,1
530494,2
531155,0
531016,1
530168,2
531015,0
531270,1
531755,2
531716,0
531085,1
529562,2
530771,0
531145,1
530899,2
530605,0
529484,1
530446,2
530709,0
530298,1
529703,2
530772,0
529651,1
529498,2
531531,0
531465,1
530018,2
530287,0
530129,1
531468,2
529554,0
531738,1
531065,2
531086,0
530626,1
529912,2
530932,0
530374,1
529748,2
530085,0
530568,1
530832,2
530727,0
530988,1
529579,2
529453,0
531470,1
531422,2
531238,0
529755,1
529517,2
531695,0
529752,1
531316,2
530088,0
531751,1
529657,2
531109,0
530940,1
530849,2
530887,0
529966,1
531629,2
531665,0
529717,1
531806,2
530836,0
530780,1
531494,2
529552,0
530545,1
531575,2
529488,0
529797,1
531805,2
530347,0
531046,1
530082,2
530965,0
531122,1
530534,2
530105,0
530208,1
531174,2
530478,0
530230,1
529455,2
531205,0
530099,1
529696,2
530350,0
531667,1
531686,2
530010,0
531268,1
530048,2
530984,0
531428,1
529541,2
531624,0
530441,1
530163,2
530743,0
531196,1
531647,2
530964,0
531283,1
530658,2
531731,0
530804,1
529463,2
531289,0
530553,1
531172,2
530043,0
530825,1
530523,2
530942,0
529700,1
530254,2
531209,0
530653,1
531401,2
531639,0
530212,1
531327,2
531198,0
529994,1
529990,2
530419,0
530548,1
529903,2
531803,0
529964,1
530066,2
530448,0
531692,1
531061,2
531608,0
529775,1
529646,2
531279,0
531564,1
529666,2
529963,0
531080,1
529417,2
531232,0
531534,1
529807,2
531111,0
530564,1
529758,2
531187,0
530937,1
531151,2
531715,0
531660,1
529940,2
530945,0
530547,1
531240,2
529603,0
529923,1
530304,2
531021,0
529808,1
531366,2
531125,0
530136,1
531084,2
531593,0
530686,1
531749,2
529481,0
529872,1
530922,2
530688,0
531321,1
531700,2
529527,0
531385,1
529879,2
531602,0
531367,1
530509,2
530883,0
529950,1
529553,2
530734,0
531258,1
530145,2
530487,0
531816,1
530055,2
530664,0
530097,1
530154,2
531638,0
529737,1
531524,2
531730,0
531577,1
529992,2
531814,0
530086,1
531791,2
531373,0
531069,1
531006,2
531166,0
531169,1
531676,2
530915,0
530962,1
529958,2
531636,0
530263,1
530802,2
530123,0
531616,1
530191,2
531159,0
529526,1
530074,2
531017,0
529838,1
531607,2
529884,0
531514,1
529991,2
530971,0
529574,1
529643,2
530479,0
529832,1
529802,2
529877,0
531417,1
531508,2
531662,0
530087,1
530863,2
529976,0
531762,1
530746,2
531539,0
529953,1
531295,2
531004,0
529756,1
530118,2
531632,0
530171,1
530864,2
531495,0
531500,1
531418,2
531544,0
530634,1
531249,2
531118,0
530401,1
531229,2
531226,0
529859,1
530685,2
529738,0
530543,1
531549,2
531103,0
529529,1
531783,2
530125,0
530508,1
531823,2
529412,0
530119,1
530497,2
529594,0
529414,1
531658,2
529907,0
530527,1
530103,2
531798,0
530998,1
531383,2
531776,0
529654,1
531750,2
530012,0
531199,1
531272,2
531834,0
530775,1
531619,2
530770,0
530127,1
531102,2
531035,0
531123,1
530698,2
531507,0
531334,1
531795,2
529487,0
531672,1
529817,2
530751,0
530403,1
529410,2
530375,0
531739,1
529827,2
530253,0
529730,1
531099,2
530412,0
531363,1
531307,2
530472,0
531645,1
531598,2
531082,0
531368,1
530475,2
529952,0
529422,1
530501,2
531505,0
529537,1
530567,2
529415,0
531148,1
530538,2
529754,0
531414,1
531219,2
531317,0
530302,1
530098,2
530659,0
531689,1
531511,2
530769,0
531404,1
530830,2
530126,0
529582,1
530135,2
529967,0
531565,1
531615,2
530014,0
531717,1
531403,2
530160,0
529799,1
530013,2
530654,0
529713,1
531664,2
531309,0
530726,1
531053,2
531479,0
529580,1
530993,2
530931,0
530968,1
530577,2
530823,0
531820,1
531732,2
531255,0
531031,1
530859,2
529583,0
530805,1
530704,2
530716,0
531582,1
531409,2
531139,0
530408,1
529798,2
529783,0
529609,1
530896,2
530747,0
530706,1
530781,2
529790,0
530328,1
530068,2
530948,0
530008,1
529890,2
531378,0
531568,1
530032,2
531293,0
530992,1
530956,2
530411,0
531071,1
529889,2
530194,0
531529,1
529757,2
531359,0
529545,1
531617,2
530606,0
531354,1
530483,2
529868,0
531461,1
530845,2
529939,0
531106,1
529960,2
530762,0
531178,1
530695,2
530361,0
531269,1
529794,2
530434,0
531764,1
530866,2
530031,0
531572,1
530078,2
530146,0
529750,1
530185,2
529427,0
531434,1
530064,2
529437,0
530637,1
529555,2
530787,0
530782,1
531273,2
531370,0
530211,1
531152,2
530054,0
530372,1
529490,2
531034,0
531432,1
530620,2
531691,0
531778,1
529459,2
530516,0
531416,1
530631,2
530214,0
529796,1
529860,2
531557,0
530189,1
529822,2
530807,0
530652,1
531149,2
529900,0
530112,1
530580,2
529533,0
531556,1
529550,2
529769,0
531827,1
529753,2
530219,0
529766,1
530533,2
531195,0
530256,1
531173,2
530274,0
530827,1
530429,2
530773,0
531571,1
530435,2
530271,0
531356,1
531038,2
531573,0
529732,1
530236,2
530072,0
530800,1
529850,2
529973,0
530969,1
530862,2
530294,0
530428,1
530593,2
529419,0
531202,1
530216,2
530701,0
529683,1
530237,2
531464,0
530196,1
530803,2
531022,0
530458,1
530848,2
529948,0
530228,1
531650,2
531104,0
531244,1
530677,2
531072,0
531076,1
529443,2
529977,0
529835,1
529927,2
530499,0
529736,1
530362,2
530840,0
531832,1
531257,2
530071,0
531450,1
529716,2
529711,0
530556,1
530909,2
530488,0
530317,1
529816,2
529491,0
531786,1
530266,2
530391,0
570335,1
530541,2
531763,0
531723,1
531115,2
531088,0
530640,1
530767,2
530790,0
530023,1
530907,2
530888,0
529457,1
530133,2
531493,0
530731,1
530828,2
529502,0
531319,1
529826,2
530065,0
529480,1
531315,2
530029,0
530116,1
529734,2
530733,0
530336,1
529715,2
529570,0
531826,1
531745,2
530554,0
531336,1
531360,2
529532,0
531087,1
530561,2
529413,0
530234,1
530712,2
531570,0
530557,1
530380,2
530944,0
531590,1
531098,2
530229,0
531736,1
531653,2
530844,0
531703,1
529965,2
530540,0
530051,1
530038,2
530184,0
529904,1
531706,2
531821,0
529499,1
531322,2
531395,0
531812,1
530385,2
530115,0
531352,1
529841,2
531797,0
531705,1
530167,2
529467,0
530442,1
531760,2
530220,0
530500,1
530164,2
529891,0
531721,1
530486,2
531652,0
531406,1
530468,2
529709,0
531382,1
530139,2
530424,0
529803,1
529660,2
529949,0
530335,1
529525,2
531355,0
530614,1
529655,2
530482,0
530789,1
530729,2
531047,0
530760,1
531486,2
529656,0
531407,1
529668,2
531372,0
531421,1
530303,2
531056,0
531436,1
531337,2
529896,0
531396,1
529573,2
531201,0
529496,1
531380,2
531433,0
530067,1
529511,2
530306,0
530312,1
531339,2
531802,0
531059,1
531302,2
530798,0
529770,1
529881,2
531644,0
529814,1
529691,2
529979,0
531835,1
531757,2
530248,0
529622,1
529968,2
530905,0
530452,1
530365,2
530546,0
530946,1
531287,2
529690,0
530077,1
531496,2
529438,0
529765,1
530613,2
531020,0
531796,1
530520,2
531204,0
531180,1
530684,2
531192,0
530933,1
531369,2
529842,0
531499,1
531611,2
529936,0
531559,1
530833,2
531387,0
530413,1
531346,2
531190,0
530323,1
531724,2
529513,0
531452,1
531242,2
529740,0
531259,1
529728,2
530873,0
531538,1
530226,2
530597,0
531329,1
531718,2
530250,0
529424,1
529461,2
530173,0
530121,1
530644,2
530264,0
531656,1
530311,2
530299,0
530305,1
530599,2
530037,0
530923,1
529882,2
530225,0
530006,1
531657,2
529947,0
530618,1
529521,2
530627,0
531050,1
531708,2
530693,0
530106,1
531497,2
529608,0
530420,1
531688,2
530338,0
529686,1
529989,2
529473,0
531787,1
531394,2
530987,0
530132,1
529601,2
531090,0
530616,1
530679,2
531236,0
529930,1
529705,2
530210,0
531622,1
529809,2
531170,0
530694,1
531189,2
530979,0
531030,1
529791,2
529617,0
529780,1
531431,2
531221,0
529988,1
529937,2
531728,0
530047,1
529821,2
530788,0
530011,1
531393,2
529786,0
530943,1
531415,2
531759,0
531253,1
529625,2
531203,0
530952,1
531091,2
530575,0
530860,1
529729,2
530000,0
530536,1
530183,2
530831,0
529524,1
529501,2
531353,0
530852,1
530531,2
531124,0
530821,1
531770,2
530432,0
529441,1
530396,2
531522,0
530102,1
529782,2
531651,0
530454,1
531813,2
531789,0
530275,1
530522,2
529408,0
529479,1
530050,2
529762,0
529723,1
531310,2
529885,0
530233,1
530351,2
530818,0
531023,1
530301,2
529426,0
531704,1
531005,2
530157,0
531768,1
529800,2
531782,0
530340,1
531794,2
530975,0
531697,1
530021,2
529611,0
529590,1
530484,2
530366,0
531211,1
530980,2
529857,0
529830,1
531472,2
530213,0
531377,1
529895,2
529557,0
530092,1
529596,2
531117,0
531264,1
530288,2
530913,0
531620,1
530806,2
531194,0
530779,1
529917,2
531162,0
531388,1
531474,2
530083,0
530954,1
529848,2
531010,0
530024,1
530766,2
530941,0
530030,1
531443,2
531604,0
530560,1
531042,2
531635,0
529670,1
531445,2
531349,0
529444,1
530755,2
530199,0
531335,1
529597,2
530153,0
530027,1
530155,2
530386,0
531342,1
531320,2
531116,0
529929,1
531711,2
530897,0
530364,1
530785,2
530573,0
531296,1
531603,2
530295,0
531536,1
530246,2
530455,0
530096,1
531285,2
529629,0
530535,1
529584,2
529825,0
530394,1
530855,2
531547,0
529793,1
529567,2
529768,0
529925,1
530279,2
530343,0
529675,1
530590,2
530700,0
530607,1
530837,2
531671,0
531419,1
530750,2
530885,0
531518,1
531039,2
531141,0
529743,1
530056,2
530721,0
531586,1
529996,2
531777,0
530166,1
530324,2
530073,0
531026,1
529707,2
529615,0
529430,1
529843,2
531262,0
529561,1
531362,2
531114,0
531286,1
531701,2
529551,0
529980,1
530053,2
531330,0
531626,1
531241,2
529898,0
530378,1
529688,2
531455,0
531341,1
531011,2
530491,0
531655,1
530161,2
529680,0
531002,1
529515,2
531637,0
529433,1
529916,2
529863,0
531120,1
530872,2
530537,0
529436,1
530120,2
531318,0
531442,1
529448,2
529548,0
529450,1
531774,2
530187,0
530438,1
531483,2
531079,0
530332,1
530381,2
530884,0
531707,1
529873,2
530996,0
531784,1
529984,2
530496,0
531230,1
531793,2
529862,0
530639,1
531533,2
531809,0
530291,1
530539,2
530738,0
530281,1
531521,2
531481,0
529779,1
530967,2
529465,0
529616,1
530070,2
529506,0
529993,1
531025,2
530039,0
530574,1
530756,2
531430,0
529978,1
530736,2
529575,0
529493,1
529519,2
530025,0
531063,1
531281,2
530384,0
530778,1
530739,2
530559,0
531663,1
531435,2
530172,0
531630,1
530268,2
531506,0
530569,1
530204,2
531537,0
529983,1
531156,2
530371,0
529888,1
529439,2
530690,0
530195,1
530891,2
529955,0
530737,1
529956,2
531019,0
531163,1
530718,2
531488,0
531361,1
531003,2
530889,0
529543,1
530477,2
531829,0
529644,1
531168,2
531037,0
529689,1
531073,2
530427,0
529563,1
529961,2
530879,0
530449,1
529623,2
530450,0
529475,1
530334,2
530079,0
531215,1
530349,2
530656,0
530392,1
529460,2
531682,0
530352,1
530589,2
530503,0
530393,1
530926,2
530363,0
531659,1
529875,2
529831,0
529672,1
530101,2
529614,0
529697,1
531800,2
531077,0
530675,1
531503,2
531410,0
530623,1
530641,2
531043,0
531062,1
529647,2
531528,0
531642,1
531214,2
531254,0
530550,1
531183,2
531325,0
531628,1
530095,2
531399,0
529633,1
529549,2
529741,0
531819,1
531207,2
530578,0
529727,1
530198,2
529874,0
531475,1
529495,2
530224,0
529677,1
530990,2
530601,0
529631,1
530240,2
529572,0
531220,1
530961,2
531064,0
529556,1
531504,2
529516,0
530515,1
529421,2
531621,0
531391,1
531243,2
530410,0
530532,1
531036,2
530643,0
530898,1
530853,2
529749,0
529969,1
529864,2
530629,0
530026,1
531247,2
530267,0
529833,1
531594,2
530315,0
529840,1
530041,2
530893,0
531348,1
531441,2
530846,0
530269,1
530584,2
531640,0
531384,1
529635,2
529975,0
530148,1
531217,2
529974,0
530296,1
530231,2
531600,0
529954,1
531252,2
530985,0
531492,1
529778,2
531182,0
530680,1
530581,2
530838,0
529454,1
530835,2
529682,0
531233,1
531585,2
529962,0
530465,1
530451,2
529784,0
529642,1
530815,2
530841,0
531160,1
531250,2
531542,0
530783,1
531462,2
529998,0
530667,1
531308,2
531696,0
531516,1
531040,2
531278,0
529648,1
530318,2
530407,0
530517,1
530777,2
530300,0
531438,1
530036,2
530052,0
530460,1
531773,2
531092,0
529781,1
531463,2
529626,0
530058,1
530190,2
530870,0
531184,1
531132,2
531614,0
531623,1
529722,2
531633,0
529560,1
531831,2
530974,0
530258,1
531501,2
530104,0
529429,1
531338,2
530619,0
530272,1
530794,2
529416,0
529587,1
531282,2
531078,0
529811,1
531052,2
530925,0
529564,1
530854,2
531513,0
529865,1
531420,2
529434,0
531460,1
529706,2
530748,0
530904,1
530697,2
531089,0
529899,1
531515,2
531013,0
529640,1
530910,2
531610,0
531400,1
530178,2
531790,0
531589,1
531358,2
530035,0
529941,1
529773,2
531134,0
530930,1
530319,2
530142,0
530273,1
529503,2
530430,0
529605,1
530764,2
530425,0
530009,1
530090,2
531523,0
531413,1
529694,2
529708,0
529578,1
530646,2
530377,0
530917,1
530865,2
531297,0
530109,1
529861,2
530972,0
529531,1
530603,2
529539,0
529486,1
531712,2
531208,0
530858,1
530711,2
531761,0
529641,1
530015,2
531135,0
530202,1
530518,2
529918,0
530227,1
531661,2
530966,0
529985,1
531756,2
529724,0
530717,1
530793,2
531684,0
530177,1
529944,2
530808,0
529592,1
530091,2
531165,0
531625,1
529624,2
530122,0
530612,1
531081,2
531740,0
529924,1
531449,2
530357,0
531599,1
529619,2
531567,0
531206,1
531725,2
529771,0
530857,1
531138,2
531048,0
530111,1
530144,2
531785,0
531398,1
531519,2
531581,0
529829,1
530457,2
529849,0
531280,1
529720,2
530978,0
531397,1
530201,2
531028,0
530880,1
530796,2
530650,0
531326,1
529586,2
530529,0
529893,1
529886,2
529540,0
531512,1
530285,2
530953,0
531347,1
529593,2
530406,0
530418,1
530207,2
529810,0
530260,1
530278,2
530310,0
531426,1
531290,2
531197,0
529951,1
530414,2
530192,0
529894,1
530108,2
531545,0
531454,1
530753,2
529712,0
529981,1
530744,2
531609,0
530542,1
529669,2
530699,0
531580,1
530666,2
530591,0
530662,1
530878,2
530562,0
531584,1
530812,2
530286,0
531804,1
530510,2
530489,0
530169,1
531374,2
530549,0
531554,1
531765,2
530981,0
531683,1
530820,2
531150,0
531137,1
530405,2
531781,0
