level,state,metric,replicates,mean,SD,minimum,maximum,positive_fraction,interpretation
count,0-0,Q0,8,0.30947420067520987,0.0013003228811848111,0.3080004982927373,0.3120084956088617,1.0,Finite bootstrap diagnostic range/SD/sign frequency; not a confidence interval
count,0-0,Q1,8,0.3087207754443333,0.001380575960602614,0.3059807409696573,0.3100694424062219,1.0,Finite bootstrap diagnostic range/SD/sign frequency; not a confidence interval
count,0-0,delta,8,-0.0007534252308765793,0.0016345956628305125,-0.004106562669909218,0.0010379257882728197,0.375,Finite bootstrap diagnostic range/SD/sign frequency; not a confidence interval
count,0-0,learned_gain,8,-0.001644313912280824,0.0013449159070426466,-0.003033317057404578,0.0013434514928566527,0.125,Finite bootstrap diagnostic range/SD/sign frequency; not a confidence interval
count,0-0,conservative_gain,8,0.0,0.0,0.0,0.0,0.0,Finite bootstrap diagnostic range/SD/sign frequency; not a confidence interval
count,0-0,learned_action1_share,8,0.6231329590905264,0.21300970981978548,0.3305375994438433,1.0,1.0,Finite bootstrap diagnostic range/SD/sign frequency; not a confidence interval
count,0-0,n_supported,8,356084.25,921.1669229841028,354768.0,357389.0,1.0,Finite bootstrap diagnostic range/SD/sign frequency; not a confidence interval
count,0-0,coverage,8,0.9798563454104916,0.0015884647386043536,0.9781441707219565,0.98221934702417,1.0,Finite bootstrap diagnostic range/SD/sign frequency; not a confidence interval
count,0-1,Q0,8,0.26604101696589144,0.0012868335438163611,0.2639315405112666,0.267756176777557,1.0,Finite bootstrap diagnostic range/SD/sign frequency; not a confidence interval
count,0-1,Q1,8,0.26046852561189954,0.0009621745334844478,0.25908274022834715,0.2622833135099898,1.0,Finite bootstrap diagnostic range/SD/sign frequency; not a confidence interval
count,0-1,delta,8,-0.005572491353991892,0.001876023326440012,-0.007641866414474708,-0.0016482270012768306,0.0,Finite bootstrap diagnostic range/SD/sign frequency; not a confidence interval
count,0-1,learned_gain,8,0.0015136316876703372,0.0018334233358319862,-0.0026810219121299393,0.003135133839244625,0.875,Finite bootstrap diagnostic range/SD/sign frequency; not a confidence interval
count,0-1,conservative_gain,8,0.0,0.0,0.0,0.0,0.0,Finite bootstrap diagnostic range/SD/sign frequency; not a confidence interval
count,0-1,learned_action1_share,8,0.9592984415973211,0.11512139180557804,0.6743875327785693,1.0,1.0,Finite bootstrap diagnostic range/SD/sign frequency; not a confidence interval
count,0-1,n_supported,8,181289.25,581.0816883807547,180377.0,182200.0,1.0,Finite bootstrap diagnostic range/SD/sign frequency; not a confidence interval
count,0-1,coverage,8,0.9817328098346974,0.0015854992893605563,0.9802032387783937,0.9838229633685535,1.0,Finite bootstrap diagnostic range/SD/sign frequency; not a confidence interval
count,0-2,Q0,8,0.19745947203784345,0.001714263881848258,0.19539508452383966,0.20054631748858875,1.0,Finite bootstrap diagnostic range/SD/sign frequency; not a confidence interval
count,0-2,Q1,8,0.2006466164090719,0.002639971843308456,0.19833201558969507,0.20621935481560022,1.0,Finite bootstrap diagnostic range/SD/sign frequency; not a confidence interval
count,0-2,delta,8,0.003187144371228455,0.0036685743605324433,-0.00221430189889368,0.010422443816463239,0.875,Finite bootstrap diagnostic range/SD/sign frequency; not a confidence interval
count,0-2,learned_gain,8,-0.0007739001144438883,0.0025358399287355696,-0.004258064896242245,0.002800528052176592,0.375,Finite bootstrap diagnostic range/SD/sign frequency; not a confidence interval
count,0-2,conservative_gain,8,0.0,0.0,0.0,0.0,0.0,Finite bootstrap diagnostic range/SD/sign frequency; not a confidence interval
count,0-2,learned_action1_share,8,0.2068910792605629,0.24613988045133017,0.0,0.6611444050495225,0.5,Finite bootstrap diagnostic range/SD/sign frequency; not a confidence interval
count,0-2,n_supported,8,94843.375,400.12888548566445,94373.0,95613.0,1.0,Finite bootstrap diagnostic range/SD/sign frequency; not a confidence interval
count,0-2,coverage,8,0.9832410507568277,0.0015616634135984383,0.9818846221723919,0.9853556485355649,1.0,Finite bootstrap diagnostic range/SD/sign frequency; not a confidence interval
count,1-0,Q0,8,0.35126743769474394,0.0021883001135763577,0.3487661047102312,0.354462714885174,1.0,Finite bootstrap diagnostic range/SD/sign frequency; not a confidence interval
count,1-0,Q1,8,0.3505721003243523,0.002181098943176229,0.3476154705700672,0.3534982764670851,1.0,Finite bootstrap diagnostic range/SD/sign frequency; not a confidence interval
count,1-0,delta,8,-0.0006953373703916452,0.0023442082001010793,-0.0030589889151923406,0.004142540617347345,0.25,Finite bootstrap diagnostic range/SD/sign frequency; not a confidence interval
count,1-0,learned_gain,8,-0.0019139488540472513,0.002747640190163182,-0.007362199568296489,0.0006075274008897928,0.25,Finite bootstrap diagnostic range/SD/sign frequency; not a confidence interval
count,1-0,conservative_gain,8,0.0,0.0,0.0,0.0,0.0,Finite bootstrap diagnostic range/SD/sign frequency; not a confidence interval
count,1-0,learned_action1_share,8,0.6242974527473536,0.37551398481482606,0.0,1.0,0.875,Finite bootstrap diagnostic range/SD/sign frequency; not a confidence interval
count,1-0,n_supported,8,133394.25,328.4212234311297,132912.0,133747.0,1.0,Finite bootstrap diagnostic range/SD/sign frequency; not a confidence interval
count,1-0,coverage,8,0.978325661200534,0.0016976027678689202,0.9762604301328006,0.9810959366537753,1.0,Finite bootstrap diagnostic range/SD/sign frequency; not a confidence interval
count,1-1,Q0,8,0.2928519150903332,0.0013165998332252578,0.29107823436876484,0.29475123151692145,1.0,Finite bootstrap diagnostic range/SD/sign frequency; not a confidence interval
count,1-1,Q1,8,0.28995135681161405,0.001543498161783931,0.2882619607970004,0.2931796686015055,1.0,Finite bootstrap diagnostic range/SD/sign frequency; not a confidence interval
count,1-1,delta,8,-0.002900558278719154,0.002492984285169804,-0.005653985181353587,0.0011074460045903027,0.125,Finite bootstrap diagnostic range/SD/sign frequency; not a confidence interval
count,1-1,learned_gain,8,9.891814617582582e-06,0.0021437795709084153,-0.002470301038845696,0.002434376909775744,0.5,Finite bootstrap diagnostic range/SD/sign frequency; not a confidence interval
count,1-1,conservative_gain,8,0.0,0.0,0.0,0.0,0.0,Finite bootstrap diagnostic range/SD/sign frequency; not a confidence interval
count,1-1,learned_action1_share,8,0.7907250727264148,0.2473321471147544,0.339867510000927,1.0,1.0,Finite bootstrap diagnostic range/SD/sign frequency; not a confidence interval
count,1-1,n_supported,8,139859.875,468.2171161514099,139340.0,140481.0,1.0,Finite bootstrap diagnostic range/SD/sign frequency; not a confidence interval
count,1-1,coverage,8,0.9811384198017459,0.0016118693824941153,0.979323625323288,0.9832894135835002,1.0,Finite bootstrap diagnostic range/SD/sign frequency; not a confidence interval
count,1-2,Q0,8,0.22037202498363653,0.0013008767863265346,0.21899154602720308,0.2230657189622843,1.0,Finite bootstrap diagnostic range/SD/sign frequency; not a confidence interval
count,1-2,Q1,8,0.22591991131328204,0.003547187781032513,0.2210527956946793,0.23082439568924354,1.0,Finite bootstrap diagnostic range/SD/sign frequency; not a confidence interval
count,1-2,delta,8,0.005547886329645495,0.0037521187755775315,0.000388328986470598,0.010812436450661532,1.0,Finite bootstrap diagnostic range/SD/sign frequency; not a confidence interval
count,1-2,learned_gain,8,0.0016463326988211996,0.0026776515358998393,-0.0036169027567527954,0.004715588367740585,0.75,Finite bootstrap diagnostic range/SD/sign frequency; not a confidence interval
count,1-2,conservative_gain,8,0.0,0.0,0.0,0.0,0.0,Finite bootstrap diagnostic range/SD/sign frequency; not a confidence interval
count,1-2,learned_action1_share,8,0.12550449612104242,0.24905817679748782,0.0,0.6696138419650438,0.25,Finite bootstrap diagnostic range/SD/sign frequency; not a confidence interval
count,1-2,n_supported,8,137086.375,510.05936279165445,136589.0,137932.0,1.0,Finite bootstrap diagnostic range/SD/sign frequency; not a confidence interval
count,1-2,coverage,8,0.9833814023935288,0.0016099709904518443,0.9819603559056477,0.9854684539870256,1.0,Finite bootstrap diagnostic range/SD/sign frequency; not a confidence interval
count,2-0,Q0,8,0.42440859950198245,0.005101906015965825,0.4171850929093024,0.43002743643680225,1.0,Finite bootstrap diagnostic range/SD/sign frequency; not a confidence interval
count,2-0,Q1,8,0.42180339655260124,0.0039381179778733766,0.41606029019846097,0.4260651458071659,1.0,Finite bootstrap diagnostic range/SD/sign frequency; not a confidence interval
count,2-0,delta,8,-0.002605202949381215,0.0073470889843406,-0.013967146238341261,0.008356118627007624,0.25,Finite bootstrap diagnostic range/SD/sign frequency; not a confidence interval
count,2-0,learned_gain,8,-0.0004606748766608987,0.004220563257421896,-0.005221055967006658,0.005767113222997575,0.5,Finite bootstrap diagnostic range/SD/sign frequency; not a confidence interval
count,2-0,conservative_gain,8,0.0,0.0,0.0,0.0,0.0,Finite bootstrap diagnostic range/SD/sign frequency; not a confidence interval
count,2-0,learned_action1_share,8,0.7085643571229588,0.3748100100247539,0.0,1.0,0.875,Finite bootstrap diagnostic range/SD/sign frequency; not a confidence interval
count,2-0,n_supported,8,44469.625,266.353651856217,44127.0,44970.0,1.0,Finite bootstrap diagnostic range/SD/sign frequency; not a confidence interval
count,2-0,coverage,8,0.975468963464434,0.0014243765129738008,0.9740605109425408,0.9783318104686072,1.0,Finite bootstrap diagnostic range/SD/sign frequency; not a confidence interval
count,2-1,Q0,8,0.3488357728108037,0.002955879406725001,0.3446564069966626,0.35433210741010396,1.0,Finite bootstrap diagnostic range/SD/sign frequency; not a confidence interval
count,2-1,Q1,8,0.34994294246977753,0.0032604143886395425,0.3455905996013192,0.3554759592561388,1.0,Finite bootstrap diagnostic range/SD/sign frequency; not a confidence interval
count,2-1,delta,8,0.0011071696589738257,0.004481271897066827,-0.003364450559563955,0.010819552259476091,0.5,Finite bootstrap diagnostic range/SD/sign frequency; not a confidence interval
count,2-1,learned_gain,8,-0.00115570815016181,0.0038201555505287567,-0.0054823541049955895,0.00591384419177086,0.375,Finite bootstrap diagnostic range/SD/sign frequency; not a confidence interval
count,2-1,conservative_gain,8,0.0,0.0,0.0,0.0,0.0,Finite bootstrap diagnostic range/SD/sign frequency; not a confidence interval
count,2-1,learned_action1_share,8,0.45961778641394757,0.35331218829245997,0.0,1.0,0.75,Finite bootstrap diagnostic range/SD/sign frequency; not a confidence interval
count,2-1,n_supported,8,71466.875,277.8285378224696,71102.0,71819.0,1.0,Finite bootstrap diagnostic range/SD/sign frequency; not a confidence interval
count,2-1,coverage,8,0.9797914805673604,0.00158369506880202,0.9780528052805281,0.9820922107282318,1.0,Finite bootstrap diagnostic range/SD/sign frequency; not a confidence interval
count,2-2,Q0,8,0.2661613262181595,0.001980011841586252,0.26281169099275115,0.26807813791578233,1.0,Finite bootstrap diagnostic range/SD/sign frequency; not a confidence interval
count,2-2,Q1,8,0.26712354588981213,0.0015379143138450214,0.26516643806991796,0.27029126055834335,1.0,Finite bootstrap diagnostic range/SD/sign frequency; not a confidence interval
count,2-2,delta,8,0.0009622196716526083,0.0019308997102793176,-0.0014373919033660728,0.003691925994596544,0.625,Finite bootstrap diagnostic range/SD/sign frequency; not a confidence interval
count,2-2,learned_gain,8,-0.0031333455862207803,0.0019657305607726034,-0.005350384857331665,0.001127560726645981,0.125,Finite bootstrap diagnostic range/SD/sign frequency; not a confidence interval
count,2-2,conservative_gain,8,0.0,0.0,0.0,0.0,0.0,Finite bootstrap diagnostic range/SD/sign frequency; not a confidence interval
count,2-2,learned_action1_share,8,0.4158648222885292,0.23476362743308077,0.0,0.6678060481452925,0.875,Finite bootstrap diagnostic range/SD/sign frequency; not a confidence interval
count,2-2,n_supported,8,116540.625,360.3105555331004,116032.0,116931.0,1.0,Finite bootstrap diagnostic range/SD/sign frequency; not a confidence interval
count,2-2,coverage,8,0.9824883912451047,0.0016678620876408611,0.9808306169670151,0.9849944330105604,1.0,Finite bootstrap diagnostic range/SD/sign frequency; not a confidence interval
count,3-0,Q0,8,0.4781721511257557,0.010842625705659244,0.46498850072446013,0.4968635111125761,1.0,Finite bootstrap diagnostic range/SD/sign frequency; not a confidence interval
count,3-0,Q1,8,0.5458864369140966,0.003584457528177926,0.5395307465708847,0.5511944506247209,1.0,Finite bootstrap diagnostic range/SD/sign frequency; not a confidence interval
count,3-0,delta,8,0.06771428578834088,0.008332388184968295,0.05433093951214483,0.08155869449722844,1.0,Finite bootstrap diagnostic range/SD/sign frequency; not a confidence interval
count,3-0,learned_gain,8,0.06771237106005362,0.007385232116820158,0.05628305518024917,0.08063579231857274,1.0,Finite bootstrap diagnostic range/SD/sign frequency; not a confidence interval
count,3-0,conservative_gain,8,0.0,0.0,0.0,0.0,0.0,Finite bootstrap diagnostic range/SD/sign frequency; not a confidence interval
count,3-0,learned_action1_share,8,0.0,0.0,0.0,0.0,0.0,Finite bootstrap diagnostic range/SD/sign frequency; not a confidence interval
count,3-0,n_supported,8,13063.5,185.46235659638782,12747.0,13303.0,1.0,Finite bootstrap diagnostic range/SD/sign frequency; not a confidence interval
count,3-0,coverage,8,0.9366977683342843,0.005809623433738827,0.9275942366467763,0.9449784791965566,1.0,Finite bootstrap diagnostic range/SD/sign frequency; not a confidence interval
count,3-1,Q0,8,0.4755981405813339,0.0064596054614192685,0.4641740844609058,0.4856715128315875,1.0,Finite bootstrap diagnostic range/SD/sign frequency; not a confidence interval
count,3-1,Q1,8,0.4670236642234369,0.0034315569189373642,0.4633099475136092,0.47412036511071876,1.0,Finite bootstrap diagnostic range/SD/sign frequency; not a confidence interval
count,3-1,delta,8,-0.008574476357897029,0.006371772435093296,-0.019296121704901907,0.00022319294689276915,0.125,Finite bootstrap diagnostic range/SD/sign frequency; not a confidence interval
count,3-1,learned_gain,8,-0.00022332251486348803,0.00385568070181289,-0.006667355456968443,0.003847294473369575,0.625,Finite bootstrap diagnostic range/SD/sign frequency; not a confidence interval
count,3-1,conservative_gain,8,0.0,0.0,0.0,0.0,0.0,Finite bootstrap diagnostic range/SD/sign frequency; not a confidence interval
count,3-1,learned_action1_share,8,0.7928788984821178,0.3036507041697378,0.3330355302041097,1.0,1.0,Finite bootstrap diagnostic range/SD/sign frequency; not a confidence interval
count,3-1,n_supported,8,29127.75,171.85355060964804,28809.0,29363.0,1.0,Finite bootstrap diagnostic range/SD/sign frequency; not a confidence interval
count,3-1,coverage,8,0.9753741325468108,0.0020045158139934383,0.9721603563474388,0.9785383410537541,1.0,Finite bootstrap diagnostic range/SD/sign frequency; not a confidence interval
count,3-2,Q0,8,0.37072805891640237,0.00397264174921661,0.36542259402416444,0.37777652498751346,1.0,Finite bootstrap diagnostic range/SD/sign frequency; not a confidence interval
count,3-2,Q1,8,0.3805365316179601,0.0027987822456768366,0.37727191009305183,0.38584688623813695,1.0,Finite bootstrap diagnostic range/SD/sign frequency; not a confidence interval
count,3-2,delta,8,0.009808472701557724,0.004044045511206545,0.0009307343174425575,0.014405015865569262,1.0,Finite bootstrap diagnostic range/SD/sign frequency; not a confidence interval
count,3-2,learned_gain,8,0.004352852443815389,0.0038067199725395147,-0.004314216541244615,0.007679690001586985,0.875,Finite bootstrap diagnostic range/SD/sign frequency; not a confidence interval
count,3-2,conservative_gain,8,0.0,0.0,0.0,0.0,0.0,Finite bootstrap diagnostic range/SD/sign frequency; not a confidence interval
count,3-2,learned_action1_share,8,0.04127083008877122,0.11673153528387174,0.0,0.33016664071016977,0.125,Finite bootstrap diagnostic range/SD/sign frequency; not a confidence interval
count,3-2,n_supported,8,70178.0,401.3185410974323,69746.0,70638.0,1.0,Finite bootstrap diagnostic range/SD/sign frequency; not a confidence interval
count,3-2,coverage,8,0.9820214924045914,0.0012712181332189436,0.9806679123874286,0.9841161471903693,1.0,Finite bootstrap diagnostic range/SD/sign frequency; not a confidence interval
overall,ALL,Q0,8,0.2999280211225043,0.0010215809542817047,0.29853605223178376,0.3015457074840772,1.0,Finite bootstrap diagnostic range/SD/sign frequency; not a confidence interval
overall,ALL,Q1,8,0.3004210483369902,0.0013696724764242663,0.2987362370319284,0.3022638921670014,1.0,Finite bootstrap diagnostic range/SD/sign frequency; not a confidence interval
overall,ALL,delta,8,0.000493027214485861,0.0007396382612909943,-0.0005763183531654935,0.001396456311309936,0.625,Finite bootstrap diagnostic range/SD/sign frequency; not a confidence interval
overall,ALL,learned_gain,8,0.00021733454107788258,0.0008308972157269823,-0.001376496475593464,0.001534822582608811,0.75,Finite bootstrap diagnostic range/SD/sign frequency; not a confidence interval
overall,ALL,conservative_gain,8,0.0,0.0,0.0,0.0,0.0,Finite bootstrap diagnostic range/SD/sign frequency; not a confidence interval
overall,ALL,learned_action1_share,8,0.5516246144224594,0.08896731562164459,0.420279169432776,0.6809216515283313,1.0,Finite bootstrap diagnostic range/SD/sign frequency; not a confidence interval
overall,ALL,n_supported,8,1387403.75,3363.709039141168,1382568.0,1392897.0,1.0,Finite bootstrap diagnostic range/SD/sign frequency; not a confidence interval
overall,ALL,coverage,8,0.9803267116862173,0.0015285541783868904,0.9786415353971214,0.9825194988427703,1.0,Finite bootstrap diagnostic range/SD/sign frequency; not a confidence interval
