count,A,support_status,n,players_pitcher,players_batter,meanY
0-0,0,entity_arm_training,9990,790,142,0.2809873873873874
0-0,0,measurement,48,14,25,0.21743749999999998
0-0,0,propensity_tail,10613,775,496,0.37868623386412886
0-0,0,supported,105441,862,511,0.31916510655247954
0-0,1,entity_arm_training,4675,692,137,0.26722181818181817
0-0,1,measurement,25,9,15,0.41248000000000007
0-0,1,propensity_tail,240,184,165,0.23274166666666665
0-0,1,supported,51935,849,509,0.3137776066236642
0-1,0,entity_arm_training,3796,664,135,0.2624873551106428
0-1,0,measurement,18,7,13,0.29433333333333334
0-1,0,propensity_tail,2797,620,448,0.3177057561673221
0-1,0,supported,40930,832,509,0.2833103102858539
0-1,1,entity_arm_training,3903,673,136,0.21049833461439918
0-1,1,measurement,17,8,15,0.3256470588235294
0-1,1,propensity_tail,94,81,73,0.20932978723404255
0-1,1,supported,41381,834,509,0.25804175829486964
0-2,0,entity_arm_training,2040,571,128,0.19694950980392156
0-2,0,measurement,8,6,7,0.0
0-2,0,propensity_tail,1564,504,409,0.24368094629156012
0-2,0,supported,20078,796,507,0.21154064149815718
0-2,1,entity_arm_training,2235,545,129,0.17466845637583894
0-2,1,measurement,11,6,8,0.24081818181818182
0-2,1,propensity_tail,468,275,181,0.3088974358974359
0-2,1,supported,22348,785,505,0.19844388759620546
1-0,0,entity_arm_training,2984,662,130,0.334767091152815
1-0,0,measurement,13,5,12,0.40276923076923077
1-0,0,propensity_tail,2348,625,422,0.46621592844974447
1-0,0,supported,34775,841,507,0.37335557153127247
1-0,1,entity_arm_training,2419,607,131,0.29957172385283176
1-0,1,measurement,14,6,13,0.08885714285714286
1-0,1,propensity_tail,54,49,50,0.3495185185185185
1-0,1,supported,27434,832,508,0.3396808704527229
1-1,0,entity_arm_training,2456,614,131,0.2942048045602606
1-1,0,measurement,13,4,8,0.3396153846153846
1-1,0,propensity_tail,1464,506,392,0.3832882513661202
1-1,0,supported,29188,829,504,0.32514283267096067
1-1,1,entity_arm_training,3223,643,132,0.24731864722308405
1-1,1,measurement,12,7,10,0.30883333333333335
1-1,1,propensity_tail,98,88,55,0.24201020408163265
1-1,1,supported,35987,830,508,0.28239658765665376
1-2,0,entity_arm_training,2379,588,129,0.22394619588062212
1-2,0,measurement,9,6,7,0.25277777777777777
1-2,0,propensity_tail,1294,485,397,0.30146676970633696
1-2,0,supported,25853,810,509,0.24862255831044752
1-2,1,entity_arm_training,3459,613,131,0.1969644405897658
1-2,1,measurement,18,5,8,0.09811111111111111
1-2,1,propensity_tail,1146,462,248,0.27119197207678886
1-2,1,supported,35437,808,507,0.20860354996190422
2-0,0,entity_arm_training,1003,468,119,0.4330079760717846
2-0,0,measurement,3,3,3,0.46399999999999997
2-0,0,propensity_tail,820,426,300,0.5956
2-0,0,supported,11744,799,494,0.4511513964577657
2-0,1,entity_arm_training,759,398,108,0.32505533596837943
2-0,1,measurement,5,3,5,0.31379999999999997
2-0,1,propensity_tail,11,11,11,0.5653636363636363
2-0,1,supported,9357,774,493,0.38267703323714863
2-1,0,entity_arm_training,1168,494,116,0.37894863013698626
2-1,0,measurement,10,5,10,0.31579999999999997
2-1,0,propensity_tail,576,340,275,0.5226944444444445
2-1,0,supported,14103,796,499,0.41430624689782314
2-1,1,entity_arm_training,1647,556,129,0.2758712811171828
2-1,1,measurement,6,3,6,0.4415
2-1,1,propensity_tail,84,74,53,0.3096547619047619
2-1,1,supported,19801,805,499,0.314909600525226
2-2,0,entity_arm_training,1667,531,126,0.3014049190161967
2-2,0,measurement,10,6,7,0.24619999999999997
2-2,0,propensity_tail,644,366,282,0.36885559006211177
2-2,0,supported,19067,803,505,0.3263874232967955
2-2,1,entity_arm_training,3020,593,129,0.20077185430463576
2-2,1,measurement,14,5,8,0.33835714285714286
2-2,1,propensity_tail,1371,482,274,0.3311648431801605
2-2,1,supported,33680,808,508,0.24192627672209027
3-0,0,entity_arm_training,467,313,102,0.5585353319057816
3-0,0,measurement,1,1,1,0.696
3-0,0,propensity_tail,878,432,318,0.6836628701594533
3-0,0,supported,5265,735,473,0.5403781576448243
3-0,1,entity_arm_training,37,36,24,0.5378378378378378
3-0,1,propensity_tail,7,7,7,0.19885714285714284
3-0,1,supported,665,360,222,0.46952932330827063
3-1,0,entity_arm_training,488,309,104,0.5681311475409836
3-1,0,measurement,1,1,1,0.0
3-1,0,propensity_tail,267,194,175,0.6974606741573033
3-1,0,supported,6463,744,478,0.5706900820052607
3-1,1,entity_arm_training,641,369,106,0.381591263650546
3-1,1,measurement,5,4,5,0.31579999999999997
3-1,1,propensity_tail,7,7,7,0.6598571428571428
3-1,1,supported,7689,762,491,0.38948016647158273
3-2,0,entity_arm_training,873,423,115,0.5190790378006872
3-2,0,measurement,5,5,5,0.5568
3-2,0,propensity_tail,215,180,160,0.5981581395348836
3-2,0,supported,9739,778,493,0.5469117979258651
3-2,1,entity_arm_training,1846,516,123,0.2842226435536294
3-2,1,measurement,7,2,3,0.2522857142857143
3-2,1,propensity_tail,971,406,236,0.337956745623069
3-2,1,supported,22546,797,504,0.30468269316064933
