fit_id,role,train_original_games,evaluation_original_games,intersection_n,train_games_sha256,evaluation_games_sha256
outer0,outer_evaluation,2038,1019,0,ee57feba3ef8bd6d57a333435ba6a716b86887e5679eda765d26d0c487c9e353,6b74d7bcd6cfb2c0d3350443a8bebe473a477890f647f70aa751f31b60266edd
outer0/inner0,policy_oof,1019,1019,0,930101f8fec4491305dc20b0342b279c2a977672bf7b3f3994e0c723488e144e,ef138200b7c37bd7d79465b4d1cbe4b1f541bab02088aa013e6f646668264ddc
outer0/inner0/cal,calibration,815,204,0,0807d13f69b5ad3b362f12dc31def295ba4d4a95c3bef01d3758d3830b90eeb7,5bdc7a5cf9abac4246723e548d7263877d023efb13dd5b1b2804d3c759d3e7e3
outer0/inner0/tune,tuning,611,204,0,b7d58c72531311c3363007bb83909eb9cf3c65df2851f5ca6b719895d1564fce,673e3698cc94c63ed620851f351acd5613b235055ffb10b2b8d2857b6b31dba9
outer0/inner1,policy_oof,1019,1019,0,ef138200b7c37bd7d79465b4d1cbe4b1f541bab02088aa013e6f646668264ddc,930101f8fec4491305dc20b0342b279c2a977672bf7b3f3994e0c723488e144e
outer0/inner1/cal,calibration,815,204,0,22d5e388a7b16d26e890a7db63afa88258e6d53ac8dd084a506d38becad4c640,07ec0c6200e841a4b07b8ae0708f3dcf60e5c8e66059b308273a8a060fe52a32
outer0/inner1/tune,tuning,611,204,0,9e2ca09286399e1a0eb3876ffed3c31621383bf2c6575261c572bca65496409d,111af64188df22fd0cde3eaa9f7dbb6a5234bccc106a76f057aca6ff37d71aa7
outer0/evaluation_nuisance/cal,calibration,1630,408,0,a609aa6e6f79f976573702085cec6cec3182d1b829a2a278f283cded8ae068cf,f880d2b260aa25960503e715f9630f8a99c907381241559eab2ba3eaaae8bdb3
outer0/evaluation_nuisance/tune,tuning,1222,408,0,3852b8ebaef2cf0a621ba490e49fd4cfe28eb05aec22af79e2ac51a93f716698,7c26306ae21534640eacb4a909525c9c46f9778c63892f70156b7da083a66fb5
outer1,outer_evaluation,2038,1019,0,5d21e47b05c41c9396b2235cbbd97bb9906ad33e7d340131dcee64cd76ce7510,73422f642de7dec5e3be142378370d88897369e2fbb9f5a3f4c806ea4977abdb
outer1/inner0,policy_oof,1019,1019,0,6e650a36747848f172fb3f0e5cb1676a50116b5b2334d9fc3f3fb7cc17b8164a,4bf22494b3e1f5715468453d8a8099845e59433ef82e9eea5e857d71049e98bc
outer1/inner0/cal,calibration,815,204,0,db7525240915bc1de08b59d35bc8cc9d5c6670e37a683e33090e512ffa4fa011,2ed0bbc856d2290e6b97b61dde3d3f76d33e5c59a69d00a2e6ce82f774b1f31c
outer1/inner0/tune,tuning,611,204,0,eaa604dceaa16e4ef8b335af06105e98ff5bda72f5a58f9c512741aa896f1f8d,5a27ff2a9f69a613356f10bc0134412046ce93474d347f49e86920292902de00
outer1/inner1,policy_oof,1019,1019,0,4bf22494b3e1f5715468453d8a8099845e59433ef82e9eea5e857d71049e98bc,6e650a36747848f172fb3f0e5cb1676a50116b5b2334d9fc3f3fb7cc17b8164a
outer1/inner1/cal,calibration,815,204,0,024d8b17e5f93485c27452b2afaae97ca0ab3402956cc42d979aa3fc105aefc0,522086ee37dcc5cc662e3542bbdbc1779b424675c423df033e0e542d6572ce22
outer1/inner1/tune,tuning,611,204,0,5eac295c9ce38e417974bd411fd8df597d850e1d707bc7bef51da7d7afaa71ba,3d4e986fbaef9f88ceeeb33d20f6072ca973a52c8a03268f07a09427252566ed
outer1/evaluation_nuisance/cal,calibration,1630,408,0,eb2d22a41c60d1557a88411b38b829a9131b122ee240105c3051e67a46aecbd9,70a01b94f1d8a08c7911b75825b74780153ead055f06fb174c7f53dc25582451
outer1/evaluation_nuisance/tune,tuning,1222,408,0,ff29fba642d37d456512a90161669f0cbface3fe2cd7282928bc5d05794d9547,a5ba1183ec09af4c8fb35dff54f0c89c02d39931c8e53ae7d30a3ed9b803fa9a
outer2,outer_evaluation,2038,1019,0,36f009ce9813112c08a551af4f7bed414a4d501788d734922d3cf8102e87c22c,65baf0c6f031f792abff93146ae044d44f5b9d35e540ac9b675217b67fc5f2a2
outer2/inner0,policy_oof,1019,1019,0,f9085844108fc54a342ec4d38470e404c62a3a986722b4ccb197fb0726ecc3f1,f08a94418942be5c96d0b95da216c5cc93ae2a63fa90c335be576de2b53a1a83
outer2/inner0/cal,calibration,815,204,0,75149636cb5a2640cf5dd6a3d9bf5f951bbf9bff97078517599d3ac7f24c4a9d,fae8e2e1a7ab96a807bd0b6288702ec8690d4fbd37e6dcf10e946db0747a0a0a
outer2/inner0/tune,tuning,611,204,0,5d0d8d3209cff8858b6a5d407cdcfd99578bc59a7903295168532ed5747d852e,5172925d73b26edd31549bb9c8aa8b2de34fb27c02223589cb23ce0ed0cb4901
outer2/inner1,policy_oof,1019,1019,0,f08a94418942be5c96d0b95da216c5cc93ae2a63fa90c335be576de2b53a1a83,f9085844108fc54a342ec4d38470e404c62a3a986722b4ccb197fb0726ecc3f1
outer2/inner1/cal,calibration,815,204,0,54acea6af5df92d5ecaf70da4c7746cc45e748f08a40facd9e9662c4d80f1098,f096e6cc447dcfdcdd65590b9570879b62ec47651f67bf8da3ab14a01b2e6baa
outer2/inner1/tune,tuning,611,204,0,991bdce0bda2b91caa4a3cca322354be58a4943337d2be8ea08f12ebd01161f8,982db0d9a5486cc012cfeb33e7b0a9a69c23c3d0a8d5a4dd4e8155fd97d9800b
outer2/evaluation_nuisance/cal,calibration,1630,408,0,4c3ff83e52289e16b0e9fe2e99d46096f863cd3d8d489bc0a3640d914b8743de,6f14e52751b73c996326b6eec2c2a64770519b576ff21a1a6ec26a644829195b
outer2/evaluation_nuisance/tune,tuning,1222,408,0,dc4ec561cf3bb597c648954b839953e3127011b2c008cd82d6bcd9b3d25681ea,d3419e5b3163d54bce03a0aac07d52450bea894a7f5b411e80dd1b873d04cfd4
