level,state,policy,n,value,CI95_low,CI95_high,gain,gain_low,gain_high,unit,conditional
overall,ALL,observed,697633,0.3056303013188883,0.3029816380554099,0.3082789645823667,0.0,0.0,0.0,W per selected current decision; not summed PA value,True
overall,ALL,always_0,697633,0.30576447625153075,0.3027600880145612,0.30876886448850027,-0.00013417493264243714,-0.0032888275957762983,0.003020477730491424,W per selected current decision; not summed PA value,True
overall,ALL,always_1,697633,0.3070574503915755,0.304117911165441,0.30999698961771,-0.0014271490726871802,-0.0038860744935367304,0.0010317763481623701,W per selected current decision; not summed PA value,True
overall,ALL,learned,697633,0.3042181484584028,0.3013826138876646,0.307053683029141,0.001412152860485522,-0.000905329693619956,0.0037296354145910002,W per selected current decision; not summed PA value,True
overall,ALL,conservative,697633,0.3056303013188883,0.3029816380554099,0.3082789645823667,0.0,0.0,0.0,W per selected current decision; not summed PA value,True
overall,ALL,stochastic_half,697633,0.3064109633215531,0.30371972917445156,0.30910219746865464,-0.0007806620026648085,-0.0016918278732222982,0.00013050386789268135,W per selected current decision; not summed PA value,True
count,0-0,observed,178191,0.31567907470074247,0.31313873229087713,0.3182194171106078,0.0,0.0,0.0,W per selected current decision; not summed PA value,True
count,0-0,always_0,178191,0.3184238503464213,0.3142664113733234,0.3225812893195192,-0.0027447756456788603,-0.009526415537402093,0.0040368642460443735,W per selected current decision; not summed PA value,True
count,0-0,always_1,178191,0.3154058338707131,0.31218328128518824,0.3186283864562379,0.0002732408300294177,-0.004109097642531014,0.00465557930258985,W per selected current decision; not summed PA value,True
count,0-0,learned,178191,0.3154058338707131,0.31218328128518824,0.3186283864562379,0.0002732408300294177,-0.004109097642531014,0.00465557930258985,W per selected current decision; not summed PA value,True
count,0-0,conservative,178191,0.31567907470074247,0.31313873229087713,0.3182194171106078,0.0,0.0,0.0,W per selected current decision; not summed PA value,True
count,0-0,stochastic_half,178191,0.3169148421085672,0.3142074934469862,0.3196221907701482,-0.0012357674078247213,-0.0030483729124164967,0.0005768380967670541,W per selected current decision; not summed PA value,True
count,0-1,observed,90735,0.26757893866754834,0.26431909776431384,0.27083877957078284,0.0,0.0,0.0,W per selected current decision; not summed PA value,True
count,0-1,always_0,90735,0.2704518089414662,0.26558714215384516,0.27531647572908724,-0.0028728702739178385,-0.010245369343800721,0.004499628795965043,W per selected current decision; not summed PA value,True
count,0-1,always_1,90735,0.26600475666409007,0.2612410446971961,0.270768468630984,0.0015741820034582577,-0.005853349818955936,0.009001713825872452,W per selected current decision; not summed PA value,True
count,0-1,learned,90735,0.26600475666409007,0.2612410446971961,0.270768468630984,0.0015741820034582577,-0.005853349818955936,0.009001713825872452,W per selected current decision; not summed PA value,True
count,0-1,conservative,90735,0.26757893866754834,0.26431909776431384,0.27083877957078284,0.0,0.0,0.0,W per selected current decision; not summed PA value,True
count,0-1,stochastic_half,90735,0.26822828280277816,0.26477047636436146,0.27168608924119486,-0.0006493441352297898,-0.002696226950403221,0.0013975386799436416,W per selected current decision; not summed PA value,True
count,0-2,observed,47611,0.2036762302829178,0.1986326272089987,0.20871983335683686,0.0,0.0,0.0,W per selected current decision; not summed PA value,True
count,0-2,always_0,47611,0.2007634952500575,0.1947187585641699,0.20680823193594508,0.0029127350328603373,-0.004720461684725334,0.010545931750446009,W per selected current decision; not summed PA value,True
count,0-2,always_1,47611,0.20882429138613878,0.20143582911396987,0.2162127536583077,-0.005148061103221,-0.015523653914759081,0.005227531708317081,W per selected current decision; not summed PA value,True
count,0-2,learned,47611,0.2007634952500575,0.1947187585641699,0.20680823193594508,0.0029127350328603373,-0.004720461684725334,0.010545931750446009,W per selected current decision; not summed PA value,True
count,0-2,conservative,47611,0.2036762302829178,0.1986326272089987,0.20871983335683686,0.0,0.0,0.0,W per selected current decision; not summed PA value,True
count,0-2,stochastic_half,47611,0.2047938933180982,0.19941566281612158,0.2101721238200748,-0.0011176630351803307,-0.003942808064895334,0.0017074819945346726,W per selected current decision; not summed PA value,True
count,1-0,observed,68056,0.3569040202186435,0.35293059445440833,0.36087744598287863,0.0,0.0,0.0,W per selected current decision; not summed PA value,True
count,1-0,always_0,68056,0.35617773816898535,0.34982294049357315,0.36253253584439754,0.0007262820496580577,-0.009998342728829004,0.011450906828145119,W per selected current decision; not summed PA value,True
count,1-0,always_1,68056,0.3593343189275789,0.35412114879674944,0.36454748905840834,-0.002430298708935499,-0.009565999342177774,0.004705401924306777,W per selected current decision; not summed PA value,True
count,1-0,learned,68056,0.3593343189275789,0.35412114879674944,0.36454748905840834,-0.002430298708935499,-0.009565999342177774,0.004705401924306777,W per selected current decision; not summed PA value,True
count,1-0,conservative,68056,0.3569040202186435,0.35293059445440833,0.36087744598287863,0.0,0.0,0.0,W per selected current decision; not summed PA value,True
count,1-0,stochastic_half,68056,0.35775602854828226,0.3536121280934017,0.3618999290031628,-0.0008520083296387201,-0.0037027685315072926,0.0019987518722298526,W per selected current decision; not summed PA value,True
count,1-1,observed,70625,0.29881515044247786,0.2949592527595817,0.30267104812537404,0.0,0.0,0.0,W per selected current decision; not summed PA value,True
count,1-1,always_0,70625,0.29769638687145744,0.2921468052592455,0.30324596848366936,0.0011187635710204397,-0.007538399929030947,0.009775927071071826,W per selected current decision; not summed PA value,True
count,1-1,always_1,70625,0.3021318921205202,0.29624360595141114,0.3080201782896293,-0.0033167416780423243,-0.012242624248546961,0.0056091408924623136,W per selected current decision; not summed PA value,True
count,1-1,learned,70625,0.3021318921205202,0.29624360595141114,0.3080201782896293,-0.0033167416780423243,-0.012242624248546961,0.0056091408924623136,W per selected current decision; not summed PA value,True
count,1-1,conservative,70625,0.29881515044247786,0.2949592527595817,0.30267104812537404,0.0,0.0,0.0,W per selected current decision; not summed PA value,True
count,1-1,stochastic_half,70625,0.29991413949598883,0.2958014610961876,0.30402681789579006,-0.001098989053510942,-0.0035519626124670507,0.0013539845054451665,W per selected current decision; not summed PA value,True
count,1-2,observed,67949,0.22481057852212688,0.22046267453309729,0.22915848251115647,0.0,0.0,0.0,W per selected current decision; not summed PA value,True
count,1-2,always_0,67949,0.2224226385271415,0.21727848540460415,0.22756679164967886,0.0023879399949854048,-0.004059848343132742,0.008835728333103551,W per selected current decision; not summed PA value,True
count,1-2,always_1,67949,0.228661485898239,0.22239520972968638,0.23492776206679164,-0.0038509073761121004,-0.012531845969080668,0.004830031216856467,W per selected current decision; not summed PA value,True
count,1-2,learned,67949,0.2224226385271415,0.21727848540460415,0.22756679164967886,0.0023879399949854048,-0.004059848343132742,0.008835728333103551,W per selected current decision; not summed PA value,True
count,1-2,conservative,67949,0.22481057852212688,0.22046267453309729,0.22915848251115647,0.0,0.0,0.0,W per selected current decision; not summed PA value,True
count,1-2,stochastic_half,67949,0.22554206221269027,0.2209361188440289,0.23014800558135165,-0.0007314836905633476,-0.0031750233532556685,0.0017120559721289733,W per selected current decision; not summed PA value,True
count,2-0,observed,23028,0.42200347403161365,0.4156990336491092,0.4283079144141181,0.0,0.0,0.0,W per selected current decision; not summed PA value,True
count,2-0,always_0,23028,0.4360094923996727,0.4235801245562325,0.44843886024311286,-0.014006018368059028,-0.03682316736430821,0.008811130628190158,W per selected current decision; not summed PA value,True
count,2-0,always_1,23028,0.41791447653742175,0.41050712901792813,0.4253218240569154,0.004088997494192,-0.004672912191448688,0.012850907179832689,W per selected current decision; not summed PA value,True
count,2-0,learned,23028,0.41791447653742175,0.41050712901792813,0.4253218240569154,0.004088997494192,-0.004672912191448688,0.012850907179832689,W per selected current decision; not summed PA value,True
count,2-0,conservative,23028,0.42200347403161365,0.4156990336491092,0.4283079144141181,0.0,0.0,0.0,W per selected current decision; not summed PA value,True
count,2-0,stochastic_half,23028,0.4269619844685472,0.41975274699144455,0.4341712219456499,-0.004958510436933513,-0.012781060754638359,0.002864039880771333,W per selected current decision; not summed PA value,True
count,2-1,observed,36417,0.3541124749430211,0.34896758166569847,0.35925736822034376,0.0,0.0,0.0,W per selected current decision; not summed PA value,True
count,2-1,always_0,36417,0.35504548623756116,0.3467517646616521,0.36333920781347023,-0.0009330112945400679,-0.01481640433699273,0.012950381747912593,W per selected current decision; not summed PA value,True
count,2-1,always_1,36417,0.3540335501642981,0.3473210196076496,0.3607460807209466,7.892477872297835e-05,-0.009512635739980449,0.009670485297426404,W per selected current decision; not summed PA value,True
count,2-1,learned,36417,0.3540335501642981,0.3473210196076496,0.3607460807209466,7.892477872297835e-05,-0.009512635739980449,0.009670485297426404,W per selected current decision; not summed PA value,True
count,2-1,conservative,36417,0.3541124749430211,0.34896758166569847,0.35925736822034376,0.0,0.0,0.0,W per selected current decision; not summed PA value,True
count,2-1,stochastic_half,36417,0.35453951820092966,0.3492244907435379,0.3598545456583214,-0.0004270432579085441,-0.004055958763014924,0.003201872247197836,W per selected current decision; not summed PA value,True
count,2-2,observed,58106,0.27057438130313566,0.2654907836223244,0.2756579789839469,0.0,0.0,0.0,W per selected current decision; not summed PA value,True
count,2-2,always_0,58106,0.2717941519797887,0.2656555790375059,0.27793272492207144,-0.0012197706766530932,-0.009169803011849765,0.006730261658543579,W per selected current decision; not summed PA value,True
count,2-2,always_1,58106,0.27407060835442687,0.2670103633869296,0.28113085332192417,-0.0034962270512912206,-0.012557684752869823,0.005565230650287382,W per selected current decision; not summed PA value,True
count,2-2,learned,58106,0.2717941519797887,0.2656555790375059,0.27793272492207144,-0.0012197706766530932,-0.009169803011849765,0.006730261658543579,W per selected current decision; not summed PA value,True
count,2-2,conservative,58106,0.27057438130313566,0.2654907836223244,0.2756579789839469,0.0,0.0,0.0,W per selected current decision; not summed PA value,True
count,2-2,stochastic_half,58106,0.2729323801671078,0.2675507145083801,0.2783140458258355,-0.0023579988639721577,-0.004798149097970642,8.215137002632591e-05,W per selected current decision; not summed PA value,True
count,3-0,observed,6608,0.5485911016949151,0.5390171784728462,0.5581650249169839,0.0,0.0,0.0,W per selected current decision; not summed PA value,True
count,3-0,always_0,6608,0.4444350169649479,0.4277121601410181,0.46115787378887774,0.10415608472996732,0.066901877649679,0.14141029181025563,W per selected current decision; not summed PA value,True
count,3-0,always_1,6608,0.5516203643964224,0.5409645977576872,0.5622761310351575,-0.003029262701507123,-0.008512568709138092,0.0024540433061238463,W per selected current decision; not summed PA value,True
count,3-0,learned,6608,0.4444350169649479,0.4277121601410181,0.46115787378887774,0.10415608472996732,0.066901877649679,0.14141029181025563,W per selected current decision; not summed PA value,True
count,3-0,conservative,6608,0.5485911016949151,0.5390171784728462,0.5581650249169839,0.0,0.0,0.0,W per selected current decision; not summed PA value,True
count,3-0,stochastic_half,6608,0.4980276906806851,0.4880736072151294,0.5079817741462408,0.0505634110142301,0.0341486946460301,0.0669781273824301,W per selected current decision; not summed PA value,True
count,3-1,observed,15092,0.4739223429631592,0.4666251233669815,0.48121956255933696,0.0,0.0,0.0,W per selected current decision; not summed PA value,True
count,3-1,always_0,15092,0.48534531694720057,0.47046501534285295,0.5002256185515482,-0.01142297398404133,-0.03979537413622409,0.016949426168141428,W per selected current decision; not summed PA value,True
count,3-1,always_1,15092,0.4712967645910816,0.4629171045256738,0.4796764246564894,0.0026255783720776746,-0.005869405735051004,0.011120562479206352,W per selected current decision; not summed PA value,True
count,3-1,learned,15092,0.4712967645910816,0.4629171045256738,0.4796764246564894,0.0026255783720776746,-0.005869405735051004,0.011120562479206352,W per selected current decision; not summed PA value,True
count,3-1,conservative,15092,0.4739223429631592,0.4666251233669815,0.48121956255933696,0.0,0.0,0.0,W per selected current decision; not summed PA value,True
count,3-1,stochastic_half,15092,0.4783210407691411,0.4697336961724453,0.4869083853658369,-0.004398697805981826,-0.015065067263386689,0.006267671651423039,W per selected current decision; not summed PA value,True
count,3-2,observed,35215,0.37508291921056364,0.3687721945462472,0.38139364387488006,0.0,0.0,0.0,W per selected current decision; not summed PA value,True
count,3-2,always_0,35215,0.37115565459158334,0.36243119635827487,0.3798801128248918,0.003927264618980331,-0.00986438255700044,0.017718911794961104,W per selected current decision; not summed PA value,True
count,3-2,always_1,35215,0.38059845370444695,0.37305791782082237,0.3881389895880715,-0.005515534493883296,-0.013795202990829118,0.0027641340030625256,W per selected current decision; not summed PA value,True
count,3-2,learned,35215,0.37115565459158334,0.36243119635827487,0.3798801128248918,0.003927264618980331,-0.00986438255700044,0.017718911794961104,W per selected current decision; not summed PA value,True
count,3-2,conservative,35215,0.37508291921056364,0.3687721945462472,0.38139364387488006,0.0,0.0,0.0,W per selected current decision; not summed PA value,True
count,3-2,stochastic_half,35215,0.3758770541480151,0.369457589024598,0.38229651927143216,-0.000794134937451482,-0.004727477837045331,0.0031392079621423673,W per selected current decision; not summed PA value,True
