level,count,region,pitch_group,n_all,n,coverage,games,PA,pitchers,batters,action1_rate_all,action1_rate,action0_rate_all,action0_rate,observed_Y,action0,action1,rows0,ESS0,games0,max_game_share0,rows1,ESS1,games1,max_game_share1,Q0,Q1,gcomp0,gcomp1,delta,SE,nominal95_low,nominal95_high,family95_low,family95_high,arithmetic_direction,point_direction,evidence,large_point_difference,support_gate,recommendation,unit
overall,ALL,ALL,ALL,709932,642534,0.905064146988726,2427,166596,570,957,0.363037586698444,0.392939517597512,0.636962413301556,0.607060482402488,0.307631758008137,non-FF,FF,390057,336869.911600721,2427,0.000880147860917203,252477,169666.914498278,2427,0.00117081151042411,0.306817825280665,0.310430271052161,0.307163536591494,0.311470149797079,0.00361244577149569,0.0016793909484257,0.000319256993557443,0.00690563454943394,-0.00265122865493693,0.00987612019792831,non-FF,non-FF,차이 불명확,FALSE,TRUE,,W per selected current decision; not PA sum
count,0-0,ALL,ALL,183319,166420,0.907816429284471,2427,166420,570,956,0.385524686475488,0.416488402836198,0.614475313524512,0.583511597163802,0.315543372190842,non-FF,FF,97108,83677.4481722152,2427,0.000922638252354125,69312,50710.3266046222,2427,0.00111322036881849,0.316563071351986,0.315632667119467,0.317998163056198,0.314151435799002,-0.000930404232518955,0.00291517705814433,-0.00664689828804749,0.00478608982300958,-0.011803226909537,0.00994241844449905,FF,FF,차이 불명확,FALSE,TRUE,,W per selected current decision; not PA sum
count,0-1,ALL,ALL,90964,82156,0.903170485027044,2427,82156,568,918,0.322831010069918,0.350649982959248,0.677168989930082,0.649350017040752,0.266067517892789,non-FF,FF,53348,47516.7096016694,2427,0.000967368852743741,28808,19301.1068246145,2422,0.00183879503130954,0.265077184715972,0.268771424779975,0.268112145455283,0.271968091943106,0.00369424006400311,0.00450634160067668,-0.00514243587665042,0.0125309160046566,-0.013113196386329,0.0205016765143352,non-FF,non-FF,차이 불명확,FALSE,TRUE,,W per selected current decision; not PA sum
count,0-2,ALL,ALL,45917,41716,0.908508831151861,2426,33812,558,869,0.340875928305421,0.368635535525937,0.659124071694579,0.631364464474063,0.200798782241826,non-FF,FF,26338,23195.647631869,2426,0.00139241947977346,15378,9986.41312880549,2398,0.00187827182905923,0.196209152359889,0.209359716717669,0.205671163566859,0.220279025689941,0.0131505643577799,0.00612739346198253,0.00113509675064467,0.0251660319649152,-0.00970297194558918,0.036004100661149,non-FF,non-FF,차이 불명확,TRUE,TRUE,,W per selected current decision; not PA sum
count,1-0,ALL,ALL,72215,65327,0.904618154123105,2427,65327,566,859,0.368538392300769,0.398273302003766,0.631461607699231,0.601726697996234,0.359490180170527,non-FF,FF,39309,34523.9841341785,2427,0.000977778903022534,26018,18628.4878791353,2420,0.00152998073607427,0.36202500966623,0.357510405245576,0.359557115560882,0.356502065266796,-0.00451460442065308,0.00465579718797533,-0.0136443541469868,0.0046151453056806,-0.021879469825171,0.0128502609838648,FF,FF,차이 불명확,FALSE,TRUE,,W per selected current decision; not PA sum
count,1-1,ALL,ALL,72651,65482,0.901322762246906,2427,65482,565,875,0.320959105862273,0.348996670840842,0.679040894137727,0.651003329159158,0.29808385510522,non-FF,FF,42629,38058.680492541,2427,0.000965335410449052,22853,15287.9316880184,2422,0.00137961255650156,0.298519145560734,0.299796888489972,0.298399839771807,0.303718923035158,0.00127774292923798,0.00502221385038637,-0.00857052873615509,0.0111260145946311,-0.0174537576116157,0.0200092434700917,non-FF,non-FF,차이 불명확,FALSE,TRUE,,W per selected current decision; not PA sum
count,1-2,ALL,ALL,67171,60517,0.900939393488261,2427,47395,565,861,0.313036876032812,0.340747228051622,0.686963123967188,0.659252771948378,0.225966026075318,non-FF,FF,39896,35822.5377162983,2427,0.00103327788148668,20621,13377.7107055683,2419,0.00188156429743095,0.222670727750022,0.232643112674385,0.228380189487498,0.240031817534574,0.00997238492436227,0.00511251807309235,-5.2968112759377e-05,0.0199977379614839,-0.00909592596484574,0.0290406958135703,non-FF,non-FF,차이 불명확,FALSE,TRUE,,W per selected current decision; not PA sum
count,2-0,ALL,ALL,24613,22256,0.904237598017308,2426,22256,562,741,0.451590622841588,0.487958303378864,0.548409377158412,0.512041696621136,0.425634840043134,non-FF,FF,11396,9449.75407092576,2355,0.00179457949774702,10860,8553.67540726307,2328,0.00206062168590484,0.424369271861934,0.428292389245564,0.414908483495393,0.418270186452605,0.00392311738362975,0.00702203969572418,-0.00984670024330827,0.0176929350105678,-0.0222672097278282,0.0301134444950877,non-FF,non-FF,차이 불명확,FALSE,TRUE,,W per selected current decision; not PA sum
count,2-1,ALL,ALL,37732,34184,0.905968408777695,2427,34184,563,799,0.370958337750451,0.400743037678446,0.629041662249549,0.599256962321554,0.353525216475544,non-FF,FF,20485,17927.3632093121,2425,0.00126078566203208,13699,9736.21504336431,2404,0.00185512585196414,0.357425425980554,0.351038489759406,0.353615379194686,0.355363750872799,-0.00638693622114782,0.00606825581850357,-0.0182864358474188,0.00551256340512311,-0.029019890637773,0.0162460181954773,FF,FF,차이 불명확,FALSE,TRUE,,W per selected current decision; not PA sum
count,2-2,ALL,ALL,57598,52011,0.903000104170284,2427,38925,562,822,0.329438522170909,0.357270577377862,0.670561477829091,0.642729422622138,0.272559381669262,non-FF,FF,33429,29917.6762327151,2425,0.00118774636070172,18582,12377.5170206898,2410,0.00150722537706682,0.270538562268875,0.278504308985349,0.274959398233673,0.284280510412466,0.00796574671647413,0.00524398567544016,-0.00231740670543588,0.0182489001383841,-0.0115929028038324,0.0275243962367807,non-FF,non-FF,차이 불명확,FALSE,TRUE,,W per selected current decision; not PA sum
count,3-0,ALL,ALL,7571,6775,0.894861973319244,2230,6775,542,586,0.649319772817329,0.695940959409594,0.350680227182671,0.304059040590406,0.551239852398524,non-FF,FF,2060,1393.07988519201,1238,0.00683198889604981,4715,4408.37693522789,1990,0.0021464788645062,0.554748779062012,0.544085287792647,0.484432907097092,0.506859494891424,-0.010663491269365,0.0107737277936638,-0.0317910820671168,0.0104640995283868,-0.0508520332551653,0.0295250507164352,FF,FF,차이 불명확,TRUE,TRUE,,W per selected current decision; not PA sum
count,3-1,ALL,ALL,15647,14190,0.906883108583115,2416,14190,557,674,0.495238703904902,0.534601832276251,0.504761296095098,0.465398167723749,0.47210725863284,non-FF,FF,6604,5283.7982270207,2178,0.0021004770328964,7586,6282.39492409184,2248,0.00182222991164639,0.472747732445225,0.474248650561784,0.453341112290183,0.456332406228247,0.0015009181165596,0.00810552061700722,-0.0143935764019044,0.0173954126350236,-0.0287306947192056,0.0317325309523248,non-FF,non-FF,차이 불명확,FALSE,TRUE,,W per selected current decision; not PA sum
count,3-2,ALL,ALL,34534,31500,0.912144553193954,2425,22273,560,739,0.41492442230845,0.445873015873016,0.58507557769155,0.554126984126984,0.383157777777778,non-FF,FF,17455,14860.1554397187,2410,0.00177324655112978,14045,10486.3498619926,2369,0.00250217170306867,0.368953186025691,0.400676378292286,0.369759492003566,0.395585751435521,0.0317231922665947,0.00635024471426169,0.019270723553176,0.0441756609800134,0.00803846549098155,0.0554079190422078,non-FF,non-FF,관찰상 방향 뚜렷,TRUE,TRUE,,W per selected current decision; not PA sum
