replicate,sample_seed,evaluation_seed,level,state,n_all,n_supported,coverage,unique_original_games_all,unique_original_games_supported,unique_original_PA_supported,Q0,Q1,delta,observed_value,learned_value,learned_gain,conservative_value,conservative_gain,learned_action1_share,all_action1_rate,Brier_all,MSE_all,unit,uncertainty_role
5,20261913,20400909,overall,ALL,1413215,1353325,0.9576214517960819,3067,3067,228241,0.2823382423626281,0.26026642450998727,-0.02207181785264089,0.29838874919180536,0.32389202277307216,0.02550327358126677,0.29838874919180536,0.0,0.4567276892099089,0.47940263866432214,0.16935175579424666,0.23133867638171454,W per selected current decision; bootstrap multiplicities retained,full nested relearning stability; no 95% interval or recommendation
5,20261913,20400909,count,0-0,362813,340977,0.9398147254921957,3067,3067,215442,0.2989554135452154,0.29320806445823655,-0.005747349086978808,0.3068956586514633,0.3243035725680579,0.017407913916594638,0.3068956586514633,0.0,0.5105271030010822,0.32102488058586653,0.18306175516776083,0.2598047439003376,W per selected current decision; bootstrap multiplicities retained,full nested relearning stability; no 95% interval or recommendation
5,20261913,20400909,count,0-1,184383,178202,0.9664773867438972,3067,3067,112659,0.251247511955587,0.2364168995351406,-0.014830612420446334,0.26202951145329456,0.27503086804311616,0.01300135658982157,0.26202951145329456,0.0,0.41303689071952054,0.4919325534349696,0.17358997687988786,0.23329833681427384,W per selected current decision; bootstrap multiplicities retained,full nested relearning stability; no 95% interval or recommendation
5,20261913,20400909,count,0-2,96594,91836,0.9507422821293248,3067,3067,47294,0.16320600636485563,0.15240037518798671,-0.01080563117686896,0.19657184546365258,0.21979880366335358,0.02322695819970097,0.19657184546365258,0.0,0.3589877607909752,0.5032093090668157,0.15151705004714278,0.18325930887403688,W per selected current decision; bootstrap multiplicities retained,full nested relearning stability; no 95% interval or recommendation
5,20261913,20400909,count,1-0,136178,131324,0.9643554759212207,3067,3067,82963,0.3447909616474897,0.31302447991028465,-0.03176648173720503,0.3478186013219214,0.36419928004726365,0.016380678725342282,0.3478186013219214,0.0,0.39225122597545004,0.4317364038244063,0.19138918245642575,0.2634509021614305,W per selected current decision; bootstrap multiplicities retained,full nested relearning stability; no 95% interval or recommendation
5,20261913,20400909,count,1-1,142336,138789,0.975080092176259,3067,3067,87747,0.27832504204794833,0.25617511629394296,-0.022149925754005404,0.29025851472378933,0.3080805096192881,0.017821994895498766,0.29025851472378933,0.0,0.5506055955443154,0.5454066434352518,0.17197475173460458,0.2401443223320959,W per selected current decision; bootstrap multiplicities retained,full nested relearning stability; no 95% interval or recommendation
5,20261913,20400909,count,1-2,139218,133352,0.9578646439397205,3067,3067,66717,0.18188086695843947,0.17365163881151777,-0.008229228146921681,0.22178609994600756,0.2516026227616109,0.029816522815603343,0.22178609994600756,0.0,0.4077254184414182,0.5742432731399675,0.14927135533028923,0.19806604028864785,W per selected current decision; bootstrap multiplicities retained,full nested relearning stability; no 95% interval or recommendation
5,20261913,20400909,count,2-0,45479,43982,0.9670837089645771,3067,3067,27814,0.42098960810767583,0.3653912077123053,-0.05559840039537048,0.4174490473375472,0.43752455262238993,0.020075505284842775,0.4174490473375472,0.0,0.36805966077031516,0.41671980474504716,0.19577447658191013,0.24629305238481702,W per selected current decision; bootstrap multiplicities retained,full nested relearning stability; no 95% interval or recommendation
5,20261913,20400909,count,2-1,72739,71296,0.9801619488857422,3067,3067,45054,0.34786527298502773,0.2931356864633248,-0.0547295865217029,0.3452782203770197,0.3758060463494213,0.03052782597240154,0.3452782203770197,0.0,0.3376486759425494,0.5811187945943717,0.171795797728731,0.2410583057479248,W per selected current decision; bootstrap multiplicities retained,full nested relearning stability; no 95% interval or recommendation
5,20261913,20400909,count,2-2,118470,113664,0.9594327677893137,3067,3067,54485,0.22793876858882853,0.2027455741109987,-0.02519319447782982,0.264460717553491,0.31006301855301627,0.0456023009995252,0.264460717553491,0.0,0.4947916666666667,0.6426099434455981,0.14555737774986918,0.20493702998412722,W per selected current decision; bootstrap multiplicities retained,full nested relearning stability; no 95% interval or recommendation
5,20261913,20400909,count,3-0,13743,12091,0.8797933493414829,2841,2774,7661,0.5285820207849413,0.49080324840580447,-0.03777877237913687,0.5309186998593995,0.5767777693679557,0.04585906950855611,0.5309186998593995,0.0,0.4139442560582251,0.08811758713526886,0.07862532412810619,0.15217413213227926,W per selected current decision; bootstrap multiplicities retained,full nested relearning stability; no 95% interval or recommendation
5,20261913,20400909,count,3-1,29637,29053,0.9802949016432162,3061,3059,18344,0.4820734055635919,0.3808761130568498,-0.10119729250674216,0.46656772106150823,0.5058094240277546,0.039241702966246406,0.46656772106150823,0.0,0.3887722438302413,0.5470864122549516,0.18045871491370813,0.1948187415112216,W per selected current decision; bootstrap multiplicities retained,full nested relearning stability; no 95% interval or recommendation
5,20261913,20400909,count,3-2,71625,68759,0.9599860383944153,3067,3066,31501,0.3288727656244611,0.2805237494737552,-0.04834901615070587,0.3763493651740136,0.4576540790604116,0.081304713886398,0.3763493651740136,0.0,0.6159048270044649,0.7060383944153578,0.13787444597684306,0.18766395738181,W per selected current decision; bootstrap multiplicities retained,full nested relearning stability; no 95% interval or recommendation
